dataset,text_column,vectorizer,model,best_validation_f1,best_params,accuracy,precision,recall,f1
reddit,text,bow,lr,0.48859934853420195,{'clf__C': 10},0.7634560906515581,0.5320945945945946,0.4461756373937677,0.48536209553158705
reddit,text,bow,nb,0.47854785478547857,{'clf__alpha': np.float64(0.10293877551020408)},0.7737252124645893,0.5614678899082569,0.43342776203966005,0.4892086330935252
reddit,text,bow,svm,0.48,"{'clf__C': 1, 'clf__kernel': 'linear'}",0.7538951841359773,0.5081723625557206,0.48441926345609065,0.4960116026105874
reddit,text,tfidf,lr,0.47249190938511326,{'clf__C': 100},0.7684135977337111,0.545774647887324,0.43909348441926344,0.48665620094191525
reddit,text,tfidf,nb,0.29831932773109243,{'clf__alpha': np.float64(0.021387755102040818)},0.7677053824362606,0.5806451612903226,0.254957507082153,0.3543307086614173
reddit,text,tfidf,svm,0.478134110787172,"{'clf__C': 100, 'clf__kernel': 'linear'}",0.7418555240793201,0.4835007173601148,0.4773371104815864,0.4803991446899501
