dataset,text_column,vectorizer,model,best_validation_score,best_params,accuracy,precision,recall,f1
reddit,text,bow,lr,0.7866761162296244,{'C': 1},0.7839943342776204,0.6,0.40793201133144474,0.4856661045531197
reddit,text,bow,nb,0.780297661233168,{'alpha': np.float64(0.5310816326530613)},0.7889518413597734,0.6388888888888888,0.358356940509915,0.4591651542649728
reddit,text,bow,svm,0.7810063784549964,"{'C': 0.1, 'kernel': 'linear'}",0.785056657223796,0.6591639871382636,0.29036827195467424,0.4031465093411996
reddit,text,tfidf,lr,0.7824238128986535,{'C': 10},0.7847025495750708,0.598,0.4235127478753541,0.49585406301824214
reddit,text,tfidf,nb,0.7654145995747696,{'alpha': np.float64(0.062163265306122456)},0.7776203966005666,0.65,0.23937677053824363,0.3498964803312629
reddit,text,tfidf,svm,0.7810063784549964,"{'C': 1, 'kernel': 'linear'}",0.7885977337110481,0.646112600536193,0.3413597733711048,0.44670991658943465
