dataset,text_column,vectorizer,model,best_validation_f1,best_params,accuracy,precision,recall,f1
twitter,tweet,bow,lr,0.75,{'clf__C': 100},0.8475836431226765,0.6940298507462687,0.6940298507462687,0.6940298507462687
twitter,tweet,bow,nb,0.6984126984126984,{'clf__alpha': np.float64(0.26604081632653065)},0.8513011152416357,0.7288135593220338,0.6417910447761194,0.6825396825396826
twitter,tweet,bow,svm,0.7627118644067796,"{'clf__C': 100, 'clf__kernel': 'rbf'}",0.8494423791821561,0.7304347826086957,0.6268656716417911,0.6746987951807228
twitter,tweet,tfidf,lr,0.7068965517241379,{'clf__C': 10},0.8661710037174721,0.7767857142857143,0.6492537313432836,0.7073170731707317
twitter,tweet,tfidf,nb,0.5050505050505051,{'clf__alpha': np.float64(0.08255102040816327)},0.8234200743494424,0.76,0.4253731343283582,0.5454545454545454
twitter,tweet,tfidf,svm,0.6833333333333333,"{'clf__C': 10, 'clf__kernel': 'linear'}",0.8494423791821561,0.6853146853146853,0.7313432835820896,0.7075812274368231
