split,sample_idx,text,true_label,prob_sarcastic,pred_default,pred_tuned,threshold_tuned,default_correct,tuned_correct,model_name
validation,0,&gt; Padahal ada orang yang jual tanah buat umroh loh. Hahahaha,0,0.130784,0,0,0.4,1,1,xlm-roberta-large
validation,1,"Jaman skrg tempat nano ceramic gitu biasa kasih pilihan sih mau brp layer, semakin tebel ya semakin tahan baret. Kebanyakan juga ada fitur self healing kalo baret halus dipanasin pake hairdryer atau dijemur matahari ntar ilang sendiri.",0,0.006877,0,0,0.4,1,1,xlm-roberta-large
validation,2,"Bayangin aja ente di Papua, kerja di kantor yang perlu sering melakukan koordinasi dengan kantor pusat (jakarta). Karena di Papua, ikut timezone WIT (+9). Tapi kapan bisa mulai benar2 kerja? Baru setelah jam 11 WIT, karena orang2 Jakarta baru mulai kerja jam segitu. Tapi sementara jam 5 WIT mereka sudah selesai kerja. Kalau ini kantor pelayanan masyarakat, waktu utk melayani masyarakat jadi 2 jam lebih pendek. Di sisi lain orang di zona WIT harus sering pulang di atas jam 7 WIT hanya karena mengikuti timezone WIB yg digunakan di Jakarta.",0,0.010209,0,0,0.4,1,1,xlm-roberta-large
validation,3,Ini asli apa settingan?,0,0.072966,0,0,0.4,1,1,xlm-roberta-large
validation,4,"* Virgin River (baru mulai nonton, so far 8/10)",0,0.002683,0,0,0.4,1,1,xlm-roberta-large
validation,5,Mari berkenalan dengan IBM Beamspring,1,0.777342,1,1,0.4,1,1,xlm-roberta-large
validation,6,"Mau kak, late respond juga gpp kok",0,0.239616,0,0,0.4,1,1,xlm-roberta-large
validation,7,"Sudah dua episode ini, house of the dragon nampaknya menjanjikan. Gak sabarrr utk nunggu eps berikutnya mantap.",0,0.018142,0,0,0.4,1,1,xlm-roberta-large
validation,8,ruang guru bisa dibajak enggak sih isinya?,0,0.283434,0,0,0.4,1,1,xlm-roberta-large
validation,9,Mommy risma marah2nya mirip mayoritas emak emak orang indon,0,0.750095,1,1,0.4,0,0,xlm-roberta-large
validation,10,Mungkin dunianya emang cuma sebatas kasur doang,1,0.920182,1,1,0.4,1,1,xlm-roberta-large
validation,11,"Rasainn lu, cwe lu disuruh makan jangkrik. Siap deh lu diomelin cwe lu. Haha",0,0.293354,0,0,0.4,1,1,xlm-roberta-large
validation,12,"Lmao, bahkan di sub situ ada orang indo yg ikut ngedespise sesamanya",0,0.115561,0,0,0.4,1,1,xlm-roberta-large
validation,13,"Weehhh anjir lu temen gw bukan, kok suaranya mirip betul. Kamu dari bekasi yah??",0,0.223038,0,0,0.4,1,1,xlm-roberta-large
validation,14,Olahraga rutin. Terserah pilih yg mana asal suka dan bisa rutin.,0,0.002862,0,0,0.4,1,1,xlm-roberta-large
validation,15,"Well karena it's raw mats, prone banget buat jatuh. Kalo kita bisa lebih ngembangin manufact and service kita bisa tahan once it's gone",0,0.030157,0,0,0.4,1,1,xlm-roberta-large
validation,16,"some indo slangs yang tiap hari kayanya muncul kata baru, apalagi yang penggunaannya tidak sesuai konteks/komunitas. i hate ""jujurly"" with my whole soul.",0,0.003817,0,0,0.4,1,1,xlm-roberta-large
validation,17,"Kayaknya gak mungkin deh, itu luas banget 😅",0,0.112065,0,0,0.4,1,1,xlm-roberta-large
validation,18,"Kek anjim orang2 yang pake lampu jauh di tengah kota... Pengen gua tabrakin aja anjim, mau mobil mau motor...",0,0.056914,0,0,0.4,1,1,xlm-roberta-large
validation,19,"* ECU Leclerc bermasalah, nggak bisa upshift",0,0.029396,0,0,0.4,1,1,xlm-roberta-large
validation,20,Sekalian aja jadi syarat pilpres 2024,1,0.879095,1,1,0.4,1,1,xlm-roberta-large
validation,21,"Ga tau model training dan validasinya gimana, tapi gw mikir kayanya data training make gambar/resource luar maybe(?) Atau komodos disini, ada yang tau jurnal penelitian yang mungkin dipaparin plokis buat deteksi, ganti gambar rgb ke bw, dan convert image to textnya?",0,0.005533,0,0,0.4,1,1,xlm-roberta-large
validation,22,Kenapa nggak ke lapo tuak aja om? Lebih enak.,0,0.599851,1,1,0.4,0,0,xlm-roberta-large
validation,23,"Dia ini sopan bgt, dia gak mau ganggu gua. Gua juga segan mau godain. Thanks tho",0,0.078784,0,0,0.4,1,1,xlm-roberta-large
validation,24,Saya antinatalis tapi gak sampai segitunya. Paling-paling edukasi dan free contraception.,0,0.060252,0,0,0.4,1,1,xlm-roberta-large
validation,25,"yang lengkap cuma nama sama daerah, alamat juga ga lengkap, cuma propinsi aja",0,0.003167,0,0,0.4,1,1,xlm-roberta-large
validation,26,"HAHAHA bro gue juga pernah kena catfished.. Foto yang dipasang waktu dia masih kurus dong anjer, begitu ketemu beda.",0,0.018833,0,0,0.4,1,1,xlm-roberta-large
validation,27,Nadiem mendingan drpd dia. Kalopun solusinya hanya sepenuhnya bekerjs untuk Jakarta,0,0.965674,1,1,0.4,0,0,xlm-roberta-large
validation,28,&gt; Mana ini moderator katanya mau bahas regulasi untuk yang post news tanpa ada konteks/penjelasan/TLDR?,0,0.042922,0,0,0.4,1,1,xlm-roberta-large
validation,29,"Poin saya, mungkin ini bukan oknum atau apapun itu, tapi yang jelas, RS ini nyata nyata mengkomersilkan pelayanan kesehatan publik, dan pada khususnya sepertinya karna mereka tau ayah saya dicover oleh asuransi tapi pun kalau jadi operasi besar excessnya ke keluarga banyak sekali, pundi pundi easy money kali ya..",0,0.007039,0,0,0.4,1,1,xlm-roberta-large
validation,30,"Membernya kurang mz, gabisa panen karma.",1,0.915167,1,1,0.4,1,1,xlm-roberta-large
validation,31,"Hah, offended... Bukankah itu harganya untuk terkesan ""Mevvah"".",0,0.61873,1,1,0.4,0,0,xlm-roberta-large
validation,32,"Di akhir video, YouTuber kembali mendatangi dua ibu-ibu yang jadi korban prank. Mereka meminta maaf dan mengaku memberikan sejumlah uang kepada dua ibu-ibu tersebut. Disebutkan peristiwa ini terjadi di daerah Palembang, Sumatera Selatan (Sumsel).",0,0.046725,0,0,0.4,1,1,xlm-roberta-large
validation,33,Itulah istimewanya Jogja..,1,0.404298,0,1,0.4,0,1,xlm-roberta-large
validation,34,"Sedih.. Almarhum sepupu (dari pihak cewe gw) baru meninggal karena covid. Bolak balik semua rs di jakarta ga ada yg mau nerima. Ada satu rs yg susternya malah nanya ""punya kenalan org dalem ga? Kalo punya mungkin bs diterima""",0,0.021553,0,0,0.4,1,1,xlm-roberta-large
validation,35,Android tv pure dalam artian chromecast with google tv dan terlepas dari tv-nya sendiri? bagus,0,0.024191,0,0,0.4,1,1,xlm-roberta-large
validation,36,"Jangan gitu ~~Tong~~pelariarus, [dia itu lebih pinter dan banyak pengalaman dari elo](<link>",1,0.815085,1,1,0.4,1,1,xlm-roberta-large
validation,37,"Sumpah ya lak leak lak leak yang kalian bahas orang awam tuh ga paham, mana kalian hebohnya juga sekalian ngomong bahasa programmingnya…",0,0.933885,1,1,0.4,0,0,xlm-roberta-large
validation,38,Kolaps itu kalau gedung roboh....,1,0.247351,0,0,0.4,0,0,xlm-roberta-large
validation,39,"OP, siap2 kamu kami laporqan!!!",1,0.962743,1,1,0.4,1,1,xlm-roberta-large
validation,40,"Inget aja kalo di mana-mana, aturan kerahasiaan/privasi dll selalu punya pengecualian buat permintaan penegak hukum dalam rangka penyidikan (and some will even cooperate for intelligence purpose aka without warrant). Satu2nya cara legal buat nggak ngasih adalah kalo penyedia jasa dari awal gak pernah save datanya atau encrypted sedemikian rupa sehingga gak bisa dikasih dalam bentuk yg human readable.",0,0.003185,0,0,0.4,1,1,xlm-roberta-large
validation,41,merk advance cuma 100-200 rb tuh. ga tau deh tp bagus ato ngga,0,0.002873,0,0,0.4,1,1,xlm-roberta-large
validation,42,"Kalo jualan di sopi, kurir yang di enable cuman 1 (sicepat), dan ada multiple orders mau di request pickup. Apakah semuanya request pickup (takut multiple couriers datang), atau 1 aja dan yg lain blg mau drop off, ntar ps courier datang titipkan barang2 nya sekalian.",0,0.034294,0,0,0.4,1,1,xlm-roberta-large
validation,43,"Syukurnya cuma secuil peristiwa dan cuma 3 masalah besar yang mengganggu setiap liburan, dan partner / atasan pun sampai maaf-maaf udah ganggu liburan, dan yang penting ada imbalannya, fair enough.",0,0.047426,0,0,0.4,1,1,xlm-roberta-large
validation,44,Tiati dibungkus,0,0.765111,1,1,0.4,0,0,xlm-roberta-large
validation,45,menang gacha lha ya,1,0.830663,1,1,0.4,1,1,xlm-roberta-large
validation,46,"alternatif lain KaktusShop yang dibilang redditor dibawah, gua pernah beberapa kali juga disana, bagus.",0,0.004374,0,0,0.4,1,1,xlm-roberta-large
validation,47,Pasti professor megawati punya air fryer di rumah,0,0.933824,1,1,0.4,0,0,xlm-roberta-large
validation,48,buat?,1,0.0686,0,0,0.4,0,0,xlm-roberta-large
validation,49,"No wonder you hear people complaining about orang Pajak dan Bea Cukai all the time, tapi gaada yang komplain soal orang Perbend, Anggaran, atau Perimbangan Keuangan.",1,0.045184,0,0,0.4,0,0,xlm-roberta-large
validation,50,kelewatan banget foto Tuhan orang main copot aja,1,0.962638,1,1,0.4,1,1,xlm-roberta-large
validation,51,Syukurnya dia masih ga kena skorsing tapi sayang patungnya dia dihancurin ama guru BKnya.,0,0.132683,0,0,0.4,1,1,xlm-roberta-large
validation,52,Jadi tau kan target malam ini di mana,0,0.830285,1,1,0.4,0,0,xlm-roberta-large
validation,53,Br gw mau bilang kalo China juga gini. Kaga ada bedanya.,0,0.078642,0,0,0.4,1,1,xlm-roberta-large
validation,54,"1. Mereka selalu berdalih 'ah ntar juga dibayar (sebagian) sama asuransi'. Kenyataannya even setelah dipotong asuransi, tagihan bisa tetep bikin kamu bangkrut.",0,0.011869,0,0,0.4,1,1,xlm-roberta-large
validation,55,"Yeah but from the interview dia tekankan kalau selama sudah baligh dan bisa melakukan kewajibannya (procreate i assume) udah boleh nikah. Interviewernya juga nanya, kalau anak 12 tahun udah mens gimana, dan dia balik lg ngomong kalo udah baligh udah bisa. Kalau secara mental siapa yg bisa bilang juga, i am 29 and I don’t think I’m mentally ready to have a family. Kira2 anak 12 tahun secara mental udah siap kah? Kayaknya terakhir ada riset trg mental maturity dari sisi psikologi dan untuk perempuan sendiri ditaro umur 15 tahun. Not to mention badan itu belum cukup aiap untuk punya anak di usia 12 tahun.",0,0.006998,0,0,0.4,1,1,xlm-roberta-large
validation,56,"Dompet terbuat dari kulit cowok? No idea, but I'm calling the police",1,0.125065,0,0,0.4,0,0,xlm-roberta-large
validation,57,"Itu faktor genetik sih. Sm makanan jg ngaruh. Trutama saat masih masa puber plg bagus utk nambah tinggi sprti olahraga, dll. Klo gue emang dr sononya sih turunan. My advice, it doesn't matter how tall you are, buddy. Short or tall, fat or skinny. Just be a nice person.",0,0.004166,0,0,0.4,1,1,xlm-roberta-large
validation,58,mall paling nyaman dan cozy menurut gua.,0,0.003312,0,0,0.4,1,1,xlm-roberta-large
validation,59,"Source: Pernah make L300 buat ngangkut 3 blok mesin Hino yg udah jebol dan mau gw jual plus beberapa brankas yg udah ga layak pakai lagi (engsel berkarat sama kunci udah los). I shit you not, it ain't a car, it's a goddamn tank.",0,0.052765,0,0,0.4,1,1,xlm-roberta-large
validation,60,wew tahunan o.O,0,0.049268,0,0,0.4,1,1,xlm-roberta-large
validation,61,"tiap hari, setting alarm 1 menit sebelum hari sebelumnya.",0,0.015425,0,0,0.4,1,1,xlm-roberta-large
validation,62,"ya kalo ada duit mau cinak apa jawa kek, tinggal bayar ""jizyah"" aja biar kaga kena wajib militer.",0,0.903975,1,1,0.4,0,0,xlm-roberta-large
validation,63,"Yang masih nganggep PBT palingan lokalan Indo itu pun udah makin menyempit, itu pun kalau yang udah modern rata-rata udah jauh lebih milih iBT, PBT cuma kalau gak ada akses/dana buat itu tapi gak bisa dijadiin standar.",0,0.002901,0,0,0.4,1,1,xlm-roberta-large
validation,64,Makanya urusan bangun infrastruktur ya dikembalikan ke pemerintah karena tujuan PT Geo Dipa sendiri buat ngembangin lapangan geotermal.,0,0.254741,0,0,0.4,1,1,xlm-roberta-large
validation,65,"Bukan persamaan kali, cuma perbandingan.",0,0.02043,0,0,0.4,1,1,xlm-roberta-large
validation,66,Waduuu sedap 😍 post ke /r/kulineria juga duns,0,0.01055,0,0,0.4,1,1,xlm-roberta-large
validation,67,Oh iya ama kopi Vienna,0,0.05375,0,0,0.4,1,1,xlm-roberta-large
validation,68,username lo akurat sih,0,0.048631,0,0,0.4,1,1,xlm-roberta-large
validation,69,"You mean *""Salah satu postingan Reddit di sepanjang masa""*",0,0.145661,0,0,0.4,1,1,xlm-roberta-large
validation,70,"Sebagai orang luar Jawa yang excited banget liat kereta lewat, selalu nyempetin kesini kalau ke Pasar Atum/ITC Surabaya.",0,0.052086,0,0,0.4,1,1,xlm-roberta-large
validation,71,"Konsep ini namanya i-1 dan intinya, kita bisa belajar kosakata baru paling efektif jika di dalam satu kalimat kita ngerti semua kata2nya kecuali kosakata tersebut. Makes sense?",0,0.045863,0,0,0.4,1,1,xlm-roberta-large
validation,72,kenapa pembohong harus sampe ditangisin,1,0.91452,1,1,0.4,1,1,xlm-roberta-large
validation,73,Minecraft halal? Loh avatar twitternya juga LGBT,1,0.914673,1,1,0.4,1,1,xlm-roberta-large
validation,74,sebelom interfacenya membingungkan sekali,0,0.010735,0,0,0.4,1,1,xlm-roberta-large
validation,75,"Harusnya gak, tapi mungkin ada uang “rokok”",0,0.257392,0,0,0.4,1,1,xlm-roberta-large
validation,76,Kadang cowo hanya ingin dipeluk dan didengar.... Butuh kehangatan,0,0.093017,0,0,0.4,1,1,xlm-roberta-large
validation,77,Tapi gw setuju sama lu soal generalisasi kloset duduk. Semestinya pemerintah kasi dua opsi kloset: duduk dan jongkok.,0,0.063599,0,0,0.4,1,1,xlm-roberta-large
validation,78,Mengingat Tahu Realitas kertaskindew itu benar dan tak pernah salah.,1,0.439131,0,1,0.4,0,1,xlm-roberta-large
validation,79,"Ini nyeritain karakter utama kita cewe, yang punya kerjaan jadi bodyguard buat jagain karakter utama cowo ini nemu ""Heaven"", so it's a slow burn journey kinda thing.",0,0.05301,0,0,0.4,1,1,xlm-roberta-large
validation,80,"Nyari magang untuk devops kayaknya susah bgt hahaha, apa gw harus ikut software engineer route dulu baru jadi devops",0,0.019644,0,0,0.4,1,1,xlm-roberta-large
validation,81,Rugi 3 digit? Pffft... Noob Temen gw rugi 69 digit masih ketawa ketiwi.,1,0.095181,0,0,0.4,0,0,xlm-roberta-large
validation,82,emang settingan. mbak nya selebtwit,0,0.076891,0,0,0.4,1,1,xlm-roberta-large
validation,83,"Gak dipaksa emang, cuman dikasih saran baik untuk kenyamanan kehidupan",1,0.040769,0,0,0.4,0,0,xlm-roberta-large
validation,84,"Jadi ongkos kereta naik gara2 ini toh, buat biayain film",1,0.827306,1,1,0.4,1,1,xlm-roberta-large
validation,85,"Wah, sate d bilang agama hindu budha, ini klo d baca orang madura bisa d celurit ente ntar",0,0.964389,1,1,0.4,0,0,xlm-roberta-large
validation,86,"Indihomo shows no internet udh 2 jam, telpon 147 juga tpi msih sama aja, oh boi",0,0.011801,0,0,0.4,1,1,xlm-roberta-large
validation,87,"Tapi pas ada cowo lain yg lebih baik ya aku lgsg dilupakan. Jangankan dia chat met makan, balas chat aja bisa 24 jam. Diajakin jalan pun jadi susah.",0,0.017729,0,0,0.4,1,1,xlm-roberta-large
validation,88,"Gw merinding liatnya. Bukan karena keberhagaan atau kebanggaan liat teks asli nya, tapi kalo misal teks nya ketelisut atau nggak sengaja kena air. Sebagai orang clumsy dan pesimis, merinding banget.",0,0.008594,0,0,0.4,1,1,xlm-roberta-large
validation,89,SMPmu dimana? Kok liar sekali? 😅,0,0.187653,0,0,0.4,1,1,xlm-roberta-large
validation,90,gak ada butterfly effect kesitu.,0,0.10466,0,0,0.4,1,1,xlm-roberta-large
validation,91,|Lemari baju|4 juta|,0,0.078572,0,0,0.4,1,1,xlm-roberta-large
validation,92,it this the new sidak restoran buka pas Ramadhan?,1,0.869936,1,1,0.4,1,1,xlm-roberta-large
validation,93,Terus kalian para orang tua share story-nya dimana?,0,0.067179,0,0,0.4,1,1,xlm-roberta-large
validation,94,Itu Prabowo yang nyanyi ya?,1,0.848659,1,1,0.4,1,1,xlm-roberta-large
validation,95,"secara teori, soalnya memory B Cell (yg produksi antibody) lebih mature setelah beberapa bulan.. jadinya kalau dapat booster setelah beberapa bulan, reaksi imunnya lebih tinggi..",0,0.053108,0,0,0.4,1,1,xlm-roberta-large
validation,96,Contoh :  nelayan yang dapet kapal-nya di sogok,0,0.111048,0,0,0.4,1,1,xlm-roberta-large
validation,97,Atau sambat mereka itu cuma omong doang.,0,0.180035,0,0,0.4,1,1,xlm-roberta-large
validation,98,atau bisa aja lu yang out of touch with how oblivious rich kids can be,0,0.775052,1,1,0.4,0,0,xlm-roberta-large
validation,99,Setuju. Masjid pertama yg dibangun di madinah dulunya cm gedung kubus doang.,0,0.012456,0,0,0.4,1,1,xlm-roberta-large
validation,100,Songkok sendiri ripoff dari turki. Dasar nusantaran tukang klaim,1,0.963231,1,1,0.4,1,1,xlm-roberta-large
validation,101,"Jangankan kotak, kursi kosong aja bisa jadi menteri",1,0.828523,1,1,0.4,1,1,xlm-roberta-large
validation,102,"Ga heran juga tbh, jangankan yang udah far-removed kayak Jawa Suriname, gw keturunan Jawa tapi karena imigran generasi ketiga di Jakarta aja jadinya ga bisa ngomong Bahasa Jawa.",0,0.196826,0,0,0.4,1,1,xlm-roberta-large
validation,103,"Hi, terima kasih udah meluangkan waktunya untuk review CV di sini. I am a third-year law student currently looking for internship here and there (preferably in a startup company). Rencana bulan Oktober mau ambil Brevet A/B, terus nyari-nyari sertifikasi kaya ACIArb (ini w jujur gatau temen w dapetnya gmn)",0,0.005312,0,0,0.4,1,1,xlm-roberta-large
validation,104,"pertama, props buat ente buat udah sadar diri dan mau maju.",0,0.102394,0,0,0.4,1,1,xlm-roberta-large
validation,105,Lebih ke karena dia Kristen,0,0.192236,0,0,0.4,1,1,xlm-roberta-large
validation,106,Bank sentral bukan warisan kolonial,1,0.907353,1,1,0.4,1,1,xlm-roberta-large
validation,107,"Kalo misal pake perbandingan, itu 4 jt udah naek 100% dari UMR. Kalo pake UMR jakarta itu 8jt loh",0,0.143908,0,0,0.4,1,1,xlm-roberta-large
validation,108,"Kalau mau bener2 gak masturbasi, angkat aja bijinya",1,0.914977,1,1,0.4,1,1,xlm-roberta-large
validation,109,Kenapa harus ahok terus.. hahaha,0,0.402385,0,1,0.4,1,0,xlm-roberta-large
validation,110,kena cancel gini biasanya bentar lagi tutup,1,0.089375,0,0,0.4,0,0,xlm-roberta-large
validation,111,"Contohnya di kasus si HH, kenapa koran ga majangin muka si pembeli lalu dibombardir Silet Medsos 24 jam? Sekalian dia kerja di mana, gajinya berapa, punya pet apa, level char di DoTA dia berapa, udah nidurin berapa cewe dalam sebulan, budget jajannya berapa, kesan dan pesan top 10 service, dst....",0,0.014476,0,0,0.4,1,1,xlm-roberta-large
validation,112,Adapun besaran tarif tenaga listrik untuk bulan Oktober 2022 sebagai berikut:,0,0.033685,0,0,0.4,1,1,xlm-roberta-large
validation,113,Om dia juga pengen. Belum ada bisnisnya cuma pengen doang,0,0.05113,0,0,0.4,1,1,xlm-roberta-large
validation,114,Produknya apa? Agènsi penyalur kerja luar negeri?,0,0.059265,0,0,0.4,1,1,xlm-roberta-large
validation,115,"Ya gapapa lah setan nya ikut sholat, masa ga boleh tobat dia. Ga ganggu juga",1,0.963057,1,1,0.4,1,1,xlm-roberta-large
validation,116,"Serious answer: kalo ngobrolnya sifatnya faktual (ie nanya jam, lagi di supermarket terus nanya soal barang, dll) gw pasti respon, apapun gendernya. Gw udah lumayan tutup kuping kalo lagi jalan sendirian karena gw asumsikan semua yg ajak ngobrol basa basi biasanya mau jualan sesuatu atau mau nipu.",0,0.003396,0,0,0.4,1,1,xlm-roberta-large
validation,117,masih bisa balik nyalon lagi ya mereka mereka ini?,0,0.783906,1,1,0.4,0,0,xlm-roberta-large
validation,118,Biar gak negatif terus orangnya,1,0.88642,1,1,0.4,1,1,xlm-roberta-large
validation,119,Jadi yang rugi user tapi yang dapet duit kominfo? Kalo kaya gini mah di Indo full 5g bulan depan,1,0.625271,1,1,0.4,1,1,xlm-roberta-large
validation,120,Mungkin mirip dengan analogi orang yg bisa terinfeksi flu berkali-kali sepanjang hidupnya. Cuman ga bakal sampe fatal dampaknya,0,0.036391,0,0,0.4,1,1,xlm-roberta-large
validation,121,Kayanya gw inget ada yang komen di Reddit pgn Yasonna mati kena Covid. Very classy.,1,0.061424,0,0,0.4,0,0,xlm-roberta-large
validation,122,Di sisi lain kita ga bisa kontrol orang untuk ga share hal yang ia dapatkan di reddit.,0,0.076132,0,0,0.4,1,1,xlm-roberta-large
validation,123,"Moral of the story: kalau tempatnya sepi padahal banyak orang lalu-lalang di sekitar situ, JANGAN MAKAN DI SITU",0,0.014476,0,0,0.4,1,1,xlm-roberta-large
validation,124,Aku theblazingpenis,0,0.415818,0,1,0.4,1,0,xlm-roberta-large
validation,125,"Capek bro ngomongin gini, jujur gw. Gw di r/Indonesia tujuannya ga buat diskusi panjang lebar. Gw bener2 gak minat. Cari aja temen diskusi lain ya. Thanks, but no thanks.",0,0.053999,0,0,0.4,1,1,xlm-roberta-large
validation,126,pgn minum tp ga mungkin plg kerumah :(,0,0.004792,0,0,0.4,1,1,xlm-roberta-large
validation,127,"lagi ngumpulin dana, oom, side gig belom ada hasil",0,0.010987,0,0,0.4,1,1,xlm-roberta-large
validation,128,"Status active now, tapi chat gak dibales. Sepertinya orang ini juga males ngurusin kerjaan malem minggu",0,0.006109,0,0,0.4,1,1,xlm-roberta-large
validation,129,"Pake katrol juga tetep lumayan berat, apalagi 60 kali, belum lagi kalo katrolnya seret &amp; karatan jadi makin berat",0,0.012312,0,0,0.4,1,1,xlm-roberta-large
validation,130,Kalau iya sesungguhnya gak fair (dari perspektif bisnis sekolah swasta) karena sektor sekolah umum semacam ada “subsidi” bagi sekolah negeri sementara sekolah swasta harus bayar lebih dan sulit utk profit margin (kalaupun for profit).,0,0.005865,0,0,0.4,1,1,xlm-roberta-large
validation,131,"Betul, Gus Dur wait and see saat itu. Menunggu LPJ Habibie gimana akhirnya. Ternyata takdir bilang LPJ kalah tipis. Nah di momen krusial antara LPJ dan sidang pilpres itu poros tengah dibentuk.",0,0.399224,0,0,0.4,1,1,xlm-roberta-large
validation,132,"Lho kan udh standardnya lulusan S1 lamar apa aja pokoknya kerja, mau lulusan kehutanan ato biologi yang penting kerja di bank!",1,0.964489,1,1,0.4,1,1,xlm-roberta-large
validation,133,"sebelum ditinggal, ya tinggal duluan lah",1,0.962883,1,1,0.4,1,1,xlm-roberta-large
validation,134,"Nasgor, pake baso dan telor + saus lada hitam.",0,0.007651,0,0,0.4,1,1,xlm-roberta-large
validation,135,"Akhirnya malah melampiaskan di knalpot, helppppp mine's stuck",1,0.141994,0,0,0.4,0,0,xlm-roberta-large
validation,136,FYI kemenag dan kemdikbud paling tinggi lho soal korupsi.,0,0.160397,0,0,0.4,1,1,xlm-roberta-large
validation,137,"Setelah ke rusun, dimasukin program pemberdayaan (menjahit, nukang, dlsb) supaya punya skill",0,0.585427,1,1,0.4,0,0,xlm-roberta-large
validation,138,"Beruntung gw tinggal dekat danau, waktu gw masih kecil nih ya, tiap hari bapak ngajak renang.",0,0.063657,0,0,0.4,1,1,xlm-roberta-large
validation,139,Guru2 yg nuntut lu musti hafal persis biasanya itu guru2 yg males aja. Dan guru yg bego bikin gimana muridnya gatau kl dia itu bego dgn menyindir murid2 yg mengajukan pertanyaan2 sulit. Ini gw baru sadar setelah gw gede. Gw dulu mikir kl gw yg bego nanya hal yg gituan. Ternyata setelah gw gede dan telusuri itu dan emang itu hal yg aga kompleks. Wajar kl gurunya mengolok2 gw biar ga keliatan begonya,0,0.044349,0,0,0.4,1,1,xlm-roberta-large
validation,140,Itu masker turun gegara idungnya melebar ya,1,0.831074,1,1,0.4,1,1,xlm-roberta-large
validation,141,"udah gitu yang bawanya malah ngomong ""ternyata di kantor banyak yg ga suka duren yaaa"" NAH TUH TAU 😭😭😭 mbok ya tolong ditutup rapat gimana caranya biar baunya ga offensive gini huhu mual banget",0,0.130341,0,0,0.4,1,1,xlm-roberta-large
validation,142,"Tp yaa emang semakin niche merekanya, semakin banyak kliennya dan semakin gede feenya. Keknya ada 1 yg gue kenal, utk 1 sesi 50menit sama dia udah 7-9jt-an.",0,0.002487,0,0,0.4,1,1,xlm-roberta-large
validation,143,"Uniqlo, klo pandai milih beli online aja",0,0.927396,1,1,0.4,0,0,xlm-roberta-large
validation,144,"Mungkin r/indo support mosi tidak percaya pas demo tahun lalu, tapi seringnya di sini pada anti demo omnibus",0,0.008284,0,0,0.4,1,1,xlm-roberta-large
validation,145,"TAPI, seharusnya gubernur harus bertanggung jawab atas kesalahannya seperti halnya seorang direktur akan dipecat jika melakukan pilihan yg salah.",0,0.128307,0,0,0.4,1,1,xlm-roberta-large
validation,146,Ada jokes botak cepu,0,0.070113,0,0,0.4,1,1,xlm-roberta-large
validation,147,"Bhahaha ini pernah gw nanya, 20 Mbps symmetric? Salesnya agak celingukan &amp; asal jawab iya aja",0,0.003824,0,0,0.4,1,1,xlm-roberta-large
validation,148,"Susu segar plain, jangan yg rasa aneh2 atau yg pake gula dll",0,0.008985,0,0,0.4,1,1,xlm-roberta-large
validation,149,"Ternyata pemikiran orang orang konspirasi ini transcends pemikiran orang kita. Hanya orang yang terpilih bisa mikir kayak orang konspirasi, the chosen ones.",0,0.883034,1,1,0.4,0,0,xlm-roberta-large
validation,150,Duh kok mukanya mirip banget sama Kaesang ya?!,1,0.964153,1,1,0.4,1,1,xlm-roberta-large
validation,151,Pasti ini upaya menjegal Airlangga supaya gagal nyapres.,1,0.953188,1,1,0.4,1,1,xlm-roberta-large
validation,152,anak citayam yang OG pada mau pindah ke PIK 💀😭,0,0.057599,0,0,0.4,1,1,xlm-roberta-large
validation,153,"2. Kalau menurut gua lu bakal pelajar basic2 banget sih, kebanyakan orang suka ngerant kalau kuliah TI gak guna karena terlalu basic. Tapi basic ini yang menurut gua sangat penting, karena lu harus tau underlying apa yang terjadi di belakang sebelum ngebuild app. Dan ngebuild app itu juga biasanya pakai library/framework yang tiap tahunnya pasti ada yang baru yang rilis, jadi keilmuan ini menurut gua sangat fast paced dan lu emang dituntut untuk stay curious dan explore terus bahkan ketika lu udah lulus. Saran gua kalau ambil jurusan ini, sering2 buat side project lalu apply intern/part time terkait, di tempat gua sih normal banget orang libur semester 2 udah start intern dan total intern sebelum lulus bisa sampe 3-4 kali.",0,0.004039,0,0,0.4,1,1,xlm-roberta-large
validation,154,"Tidak minum kopi: ngantuk, jadi tidak produktif",0,0.146209,0,0,0.4,1,1,xlm-roberta-large
validation,155,Justru gue tadinya berharap nunggu Know Your Meme Indo kok gak nongol-nongol hahaha biasanya gercep kalau yang ginian,0,0.166472,0,0,0.4,1,1,xlm-roberta-large
validation,156,Dari kutill,0,0.141697,0,0,0.4,1,1,xlm-roberta-large
validation,157,Klo gw sih ⅕ life crisis sih,1,0.240819,0,0,0.4,0,0,xlm-roberta-large
validation,158,"Ya kan pendidikan di Indonesia. Ngapain juga harus pake bahasa Inggris. Abis lulus juga nyari kerja di Indonesia. Saya kan gak ada rencana mau ke luar negeri, gapapa dong gak bisa enggres",1,0.963643,1,1,0.4,1,1,xlm-roberta-large
validation,159,ke sesama pegawai aja harus nego orang dalem apalgi ke masyarakat,0,0.143308,0,0,0.4,1,1,xlm-roberta-large
validation,160,"Gw coba sendiri. Adek gw pake tri, gw XL, ortu telkomsel. Dicoba aja segame lol",0,0.011642,0,0,0.4,1,1,xlm-roberta-large
validation,161,Bukankah fitur yang bikin dia bisa dilipet lipet itu sudah cukup menjawab pertanyaan kelebihannya apa? ._.,0,0.10581,0,0,0.4,1,1,xlm-roberta-large
validation,162,Teruntuk cewe cewe Tinder yang foto pertama bitchy dan foto kedua kerudungan,0,0.96378,1,1,0.4,0,0,xlm-roberta-large
validation,163,"Solusi murah dan gampang ya kondom, kalau mau solusi lain dimana daging masih ketemu daging, bisa vasectomy. Chance of pregnancy hampir 0 tuh, mau kentu dari jumat ke jumat, dikeluarin di dalem sampai seliter, belum tentu ngisi 🤣",0,0.070432,0,0,0.4,1,1,xlm-roberta-large
validation,164,AAAAAA mw bikin kopi tp udah ngopi 2 minggu berturut2 lambung sudah menunjukkan tanda2 tidak baik,0,0.110519,0,0,0.4,1,1,xlm-roberta-large
validation,165,"Dipecah, malah junta sana semakin menjadi gila / agresif",0,0.122313,0,0,0.4,1,1,xlm-roberta-large
validation,166,MCU juga ada antivirus... Marvel defender,1,0.430013,0,1,0.4,0,1,xlm-roberta-large
validation,167,Berdoa minta pertolongan dari Tuhan YME agar bisa menghilangkan sifat prokrastinasinya,1,0.134435,0,0,0.4,0,0,xlm-roberta-large
validation,168,"gabakal diterima, soalnya gak seiman",1,0.963916,1,1,0.4,1,1,xlm-roberta-large
validation,169,">""KA feeder-nya sudah ada. Rencananya akan berhenti di Stasiun Padalarang, Cimahi, dan Bandung. Bisa dari dan ke Stasiun Padalarang,"" ujar Joni. Sebelumnya, Wakil Menteri BUMN Kartiko Wirjoatmodjo mengatakan konektivitas menjadi salah satu tantangan dari proyek Kereta Cepat Jakarta-Bandung. Contohnya, integrasi Kereta Cepat dengan KA feeder di Stasiun Padalarang dan integrasi Stasiun Halim dengan stasiun LRT Jabodebek. Wamen BUMN yang akrab disapa Tiko ini menyebut adanya integrasi Kereta Cepat dengan kereta feeder bisa mempersingkat waktu perjalanan Jakarta--Bandung menjadi sekitar 50-55 menit. ""Padalarang ke Bandung tetap menggunakan feeder. Pindah platform nanti di Padalarang. Total \[durasi perjalanan\] 35+15 jadi 50-55 menit, belum termasuk waktu tunggu,"" ujar Tiko.",0,0.016834,0,0,0.4,1,1,xlm-roberta-large
validation,170,Yang nyusun dan menata server/komputer utama,1,0.108614,0,0,0.4,0,0,xlm-roberta-large
validation,171,"klo masalah laskar itu udah lama sih riwayatnya, dan kebanyakan juga ga peduli.",0,0.003075,0,0,0.4,1,1,xlm-roberta-large
validation,172,"Saya coba kasih pandangan, tapi saya belum tau detail dan konteks secara utuh ya.",0,0.00515,0,0,0.4,1,1,xlm-roberta-large
validation,173,"3. Setip - bahasa Jawa penghapus, ternyata dari kata stuf",0,0.1679,0,0,0.4,1,1,xlm-roberta-large
validation,174,"Dan kali ini lbh banyak report dari temen2 bahwa siapanya kena gitu, dibanding taun lalu.",0,0.0051,0,0,0.4,1,1,xlm-roberta-large
validation,175,Undang-Undang Dasar Negara Republik Indonesia Tahun 1945,0,0.6195,1,1,0.4,0,0,xlm-roberta-large
validation,176,"DNS over https, supaya situs macam thereligionofpeace.com bisa terbuka dengan mudah.",0,0.107578,0,0,0.4,1,1,xlm-roberta-large
validation,177,waduh. hati hati nanti jiwa buaya nya keluar,1,0.886371,1,1,0.4,1,1,xlm-roberta-large
validation,178,kan pas malam coronanya tidur,1,0.962988,1,1,0.4,1,1,xlm-roberta-large
validation,179,"2. ""top circle"" saudara nya pernah jd middleman mempertemukan client A dan client B buat jual beli tambang dan dapat komisi 1M",0,0.074973,0,0,0.4,1,1,xlm-roberta-large
validation,180,Anu... Itu... yang enak-enak itu...,1,0.242609,0,0,0.4,0,0,xlm-roberta-large
validation,181,Rada OOT tapi ada rekomendasi entry-level watches yang affordable? Pengen beli jam pake duit sendiri nih tapi bingung beli apaan. Thanks in advance ya,0,0.00749,0,0,0.4,1,1,xlm-roberta-large
validation,182,"Hush.... Jangan gitu dong. Mereka cuma bisa jadi ksatria keyboard, tolong dihargai.",1,0.952662,1,1,0.4,1,1,xlm-roberta-large
validation,183,"Nah ini, peruntukan gaming nya hanya untuk short session, bukan kayak full blown laptop gaming.",0,0.035544,0,0,0.4,1,1,xlm-roberta-large
validation,184,"gue juga mikirnya gitu tapi kok shipping nya bisa 0, tapi taxes bisa sampe 700rb",0,0.043896,0,0,0.4,1,1,xlm-roberta-large
validation,185,"(kita juga punya masalah mino-mayo kayak gini dari aceh sampai paua, bakalan gak enak aklo tiap negara ngerecokin kita ttg ini kelewat batas)",0,0.005448,0,0,0.4,1,1,xlm-roberta-large
validation,186,lalu dilanjutkan ke plan A,0,0.038647,0,0,0.4,1,1,xlm-roberta-large
validation,187,"Barusan aja emang diralat sama Yasonna, kemarin2 kekeh makanya heboh. Tapi jejak digital g pernah bohong. Bisa digugling berita sebelum tgl hari ini.",0,0.013351,0,0,0.4,1,1,xlm-roberta-large
validation,188,"Guepun dulu rencananya itu, tp kemudian merid sama bule. Takut nanti suami gue jadi bogan klo kelamaan di bali. 🤣🤣",1,0.049773,0,0,0.4,0,0,xlm-roberta-large
validation,189,"Itu bukan kewenangan Pemprov, jadi harusnya sih nggak.",0,0.006784,0,0,0.4,1,1,xlm-roberta-large
validation,190,"bule itu spesimen langka kak, harus diteliti dan didokumentasikan",1,0.158565,0,0,0.4,0,0,xlm-roberta-large
validation,191,"3. CPU. i5 12400f udah the best value for money, dibawah itu menurutku ga worth harga dan performance terutama buat 3-5 taon kedepan.",0,0.001984,0,0,0.4,1,1,xlm-roberta-large
validation,192,cewek yg ngedub penjiwaannya bagus,0,0.383201,0,0,0.4,1,1,xlm-roberta-large
validation,193,Ya iyalah pak. Kan gajian nya perbulan.,1,0.935021,1,1,0.4,1,1,xlm-roberta-large
validation,194,Hari inikah? Thanks! Gw ga bisa ngecek cakeday di app hehe,0,0.004953,0,0,0.4,1,1,xlm-roberta-large
validation,195,"sigh lelah banget hari ini, perlu bangkit lagi",0,0.033844,0,0,0.4,1,1,xlm-roberta-large
validation,196,"Mana ada manajemen ikut ikutan, kan adminya bergerak tanpa sepengetahuan manajemen",1,0.962036,1,1,0.4,1,1,xlm-roberta-large
validation,197,Sepi bgt hari ini r/indonesia,0,0.016403,0,0,0.4,1,1,xlm-roberta-large
validation,198,"gw lagi baru mulai baca slaughterhouse, errgghh gw rada picky soal writing style dan vonnegut rada kurang masuk ke gw hahahaha. semoga bisa kelarin deh.",0,0.018247,0,0,0.4,1,1,xlm-roberta-large
validation,199,"gw kemarin ambil sistem informasi, imo di SI itu ga cuman sekedar ngoding,",0,0.008882,0,0,0.4,1,1,xlm-roberta-large
validation,200,Emak gue minta maaf karena ketiduran tapi gue agak kesel cuma gue nangis aja. Untung gue biasa jalan kaki puluhan kilometer tanpa takut ada apa2.,0,0.013325,0,0,0.4,1,1,xlm-roberta-large
validation,201,"Dia ud baik begitu aja masih ada orang ngatain dia… , heran kadang kadang.",0,0.112698,0,0,0.4,1,1,xlm-roberta-large
validation,202,gue setelah 15 menit ntn pake vpn pasti ntar ketawan gt. sebel hrs matiin/nyalain vpn mulu jd males huahah,0,0.009784,0,0,0.4,1,1,xlm-roberta-large
validation,203,Justru sejak covid banyak transportasi umum yang ikut mati trayek-nya. Akibatnya banyak  orang beralih bawa kendaraan sendiri.,0,0.092033,0,0,0.4,1,1,xlm-roberta-large
validation,204,"Betul, Erdogan cuma numpang dan meneruskan usaha Jokowi.",1,0.915922,1,1,0.4,1,1,xlm-roberta-large
validation,205,Demo dong kalian yg merasa minoritas buat dibubarin tuh perkumpulan,0,0.962708,1,1,0.4,0,0,xlm-roberta-large
validation,206,&gt;!atau terpaksa masukin cc di heroku dah :(!&lt;,0,0.061312,0,0,0.4,1,1,xlm-roberta-large
validation,207,&gt;ataukah pesawatnya?,0,0.100348,0,0,0.4,1,1,xlm-roberta-large
validation,208,Ya login aja pake id orang lain baru nge scan ke mall lah pinter dikit,1,0.174973,0,0,0.4,0,0,xlm-roberta-large
validation,209,Dokter kalo nitipkan wasiat warisan yang sah ke siapa?,0,0.327803,0,0,0.4,1,1,xlm-roberta-large
validation,210,"ga juga bro. kalo dr ortu gw , temen2nya yg dipenjara  itu beberapa dibawa secara random tiap hari n ga ada yg balik lagi. aka mati.",0,0.170301,0,0,0.4,1,1,xlm-roberta-large
validation,211,"Berarti kamu masih di bawah 25. Kalo udah di atas 25 isi timeline-nya tunangan, nikah, atau foto anak.",0,0.210604,0,0,0.4,1,1,xlm-roberta-large
validation,212,・Sesungguh-sungguhnya bubur terbaik adalah yang dihidangkan dengan rasa sempurna tanpa perlu campur tangan pemakan.,0,0.086555,0,0,0.4,1,1,xlm-roberta-large
validation,213,Mentalitas inlander ya gitu.,0,0.917967,1,1,0.4,0,0,xlm-roberta-large
validation,214,"baru aja deal, JO antara developer lokal dengan salah satu kontraktor terbesar di dunia",0,0.126515,0,0,0.4,1,1,xlm-roberta-large
validation,215,"&gt;!Wahai wanita yg telah mematahkan hatiku seperti kursi plastik berumur 5 tahun yg pecah gara-gara gw dudukin kemarin, kuliah masih panjang sekali! Ditambah lagi anda memilih pengkaryaan yang dimana lulusnya bisa jauh lebih lama daripada gw yg pilih skripsi. Tapi ya udah lah ya suka-suka dia.!&lt;",0,0.141163,0,0,0.4,1,1,xlm-roberta-large
validation,216,soalnya uda ketawan propaganda gay nya yang dinaungkan walls,1,0.963541,1,1,0.4,1,1,xlm-roberta-large
validation,217,Sangat mencerminkan tabiat asli segelontor masyarakat Indonesia,0,0.963541,1,1,0.4,0,0,xlm-roberta-large
validation,218,"Dalam arti: Kalo aku, harusnya Semua pegawai pemerintah ya ASN - dari Dirjen ____ sampe tukang sampahnya Dinas Kebersihan dan kacung (sekalian pangkat dibawah V / 2A dipake juga, kayak PNS pangkat IA - ID jaman dulu, cuman sekarang mereka PPPK). Kalo gak PNS ya PPPK. ALL. Termasuk dianggap ASN &amp; baju KORPRI nya dsb.",0,0.011823,0,0,0.4,1,1,xlm-roberta-large
validation,219,Negara open-source apaan sih yang bisa dileak?,1,0.245944,0,0,0.4,0,0,xlm-roberta-large
validation,220,atau Buru... atau Nusakambangan...,0,0.232484,0,0,0.4,1,1,xlm-roberta-large
validation,221,edit. trims kasih komodos🙏🏻,0,0.095602,0,0,0.4,1,1,xlm-roberta-large
validation,222,"Tbh, gua masih nungguin $ =10rb",0,0.01442,0,0,0.4,1,1,xlm-roberta-large
validation,223,"*gossip dari temen yg dulu hobi cosplayer pun dan punya nama, si Lola Zieta yg membuat trend kayak skrng. Doi udh dari awal tujuan cosplay untuk jd gravure model",0,0.060142,0,0,0.4,1,1,xlm-roberta-large
validation,224,"Menghina ""bangsa laen"" kena ITE? Saya sih nggak punya sumbernya, tapi kalu saya menghina Israel, saya dapat hadiah nggak ya?",1,0.296323,0,0,0.4,0,0,xlm-roberta-large
validation,225,Kebanyakan gak bisa ngebedain antara prinsip dengan taktik.,0,0.01606,0,0,0.4,1,1,xlm-roberta-large
validation,226,BBM motor ojol yang kredit dari gojek juga hasilnya dinikmati horang kaya,1,0.773387,1,1,0.4,1,1,xlm-roberta-large
validation,227,Butuh adopsi kakak lakik tunggal juga ga? Biar lengkap gitu sepaket ada kakak ada adik.,0,0.281949,0,0,0.4,1,1,xlm-roberta-large
validation,228,"Gua juga pilih untuk stay di australi. Bukan masalah lebih aman di indo atau di oz, tapi memang sebaiknya kurangi mobilitas",0,0.019513,0,0,0.4,1,1,xlm-roberta-large
validation,229,"pernah diceritain sama dosen, temennya tinggal di Trenggalek dan kerjaannya remote company luar negeri. di daerahnya rumahnya paling gede terus disaranin sama dosenku suruh ternak kecil kecilan biar gk dikira ngepet wkwkwk",0,0.053601,0,0,0.4,1,1,xlm-roberta-large
validation,230,"Nanyanya yang sopan, trus to the point. Mesti ditulis ulang pertanyaannya keliatannya tuh.",0,0.029368,0,0,0.4,1,1,xlm-roberta-large
validation,231,"jadi lu berfikir berdoa itu cuman sugesti, ngeeeeeeeeenggg",1,0.948106,1,1,0.4,1,1,xlm-roberta-large
validation,232,tapi kebanyakan sih dari generic IT juga bisa,0,0.008268,0,0,0.4,1,1,xlm-roberta-large
validation,233,Waktu gua tinggal di menado pas gempa 2006 juga gini sih,0,0.07921,0,0,0.4,1,1,xlm-roberta-large
validation,234,"Soalnya orang jawa kalo jalan kedepan itu munggah, ke belakang mundur",1,0.920754,1,1,0.4,1,1,xlm-roberta-large
validation,235,"Berpikir kritis dan berdiskusi ala Indonesia, rajin pantengin r/indonesia",1,0.963916,1,1,0.4,1,1,xlm-roberta-large
validation,236,Tapi apakah 97% itu mempraktekkannya? Atau ...,0,0.128525,0,0,0.4,1,1,xlm-roberta-large
validation,237,Tetep swipe kanan dan ngobrol dengan banyak bear2 di luar sana selama belom eksklusif.,0,0.004486,0,0,0.4,1,1,xlm-roberta-large
validation,238,kok ekskalasinya cepat yaa,0,0.610765,1,1,0.4,0,0,xlm-roberta-large
validation,239,"So, Miss 25. No need to be minder dan jiper. Dunia masih luas. Banyak orang yg akan berusaha jatuhin kita dan injak kita. Untuk membangun pondasi, kita memang harus siap ditanam dalam-dalam seperti benih. Kita tumbuh dari dalam hingga akhirnya berakar dan berbuah.",0,0.277326,0,0,0.4,1,1,xlm-roberta-large
validation,240,Maaf ya aku gak sadar sama perasaan kamu selama ini,0,0.119357,0,0,0.4,1,1,xlm-roberta-large
validation,241,Sama wajib punya pengalaman organisasi 10-15 tahun biarpun cuma koordinator lapangan,0,0.041735,0,0,0.4,1,1,xlm-roberta-large
validation,242,"Jadi di salah satu episode podcat, Freakonomics, sempat diargumentasi, klo kt pindah ke Earth 2.0, dan hanya punya satu bahasa disana, kt pakainy bahasa Indonesia sebagai bahasa paling gampang dipelajari.",0,0.152347,0,0,0.4,1,1,xlm-roberta-large
validation,243,"Salah Jokowi, suka bagi-bagi sepeda",1,0.961061,1,1,0.4,1,1,xlm-roberta-large
validation,244,Coba Wild Rift. ML Legend di Wild Rift cuma setingkat Platinum.,0,0.006577,0,0,0.4,1,1,xlm-roberta-large
validation,245,approx +30% dari receipt,0,0.009504,0,0,0.4,1,1,xlm-roberta-large
validation,246,"Nara Park, Kopi Eyang Ciumbuleuit, Roempi Jl. anggrek, Alissha Buah Batu, Lawangwangi Creative Space",0,0.004556,0,0,0.4,1,1,xlm-roberta-large
validation,247,"Skip forward ke taun 2019, 2 taunan setelah dia bangun, dia dikaruniai anak perempuan. Rada maksa sih, cuma gua suka beranggapan aja kalo yg manggil dia dari koma si anak perempuan ini.",0,0.013172,0,0,0.4,1,1,xlm-roberta-large
validation,248,Bagus. Sekarang kamu punya alasan untuk tidak tarawih,1,0.861305,1,1,0.4,1,1,xlm-roberta-large
validation,249,Langit Jaksel hari ini biru banget.. wahhhh,0,0.027796,0,0,0.4,1,1,xlm-roberta-large
validation,250,"False. Gw ada kok beberapa temen orang chinese medan. Bahasa indonesia mereka lancar, ada aksennya dikit",0,0.088583,0,0,0.4,1,1,xlm-roberta-large
validation,251,Bosen basi sebulan sekali pasti ada aja postingan pembesar kontol ini.,0,0.120387,0,0,0.4,1,1,xlm-roberta-large
validation,252,"Masalahnya kan banyak masyarakat yg kurang tau siapa yg dia pilih, ntar setelah pilres bakal banyak juga yg lupa sama apa yg uda Anies CAPAI",1,0.285422,0,0,0.4,0,0,xlm-roberta-large
validation,253,Mau tanya yang pernah kukunya dinail art aku penasaran banget.,0,0.032283,0,0,0.4,1,1,xlm-roberta-large
validation,254,Ngapain juga gua pake ad hominem,0,0.960878,1,1,0.4,0,0,xlm-roberta-large
validation,255,Masa depan kayak apa dulu?,0,0.013197,0,0,0.4,1,1,xlm-roberta-large
validation,256,Tuhan punya dendam sendiri ke lu mungkin lol.,0,0.145722,0,0,0.4,1,1,xlm-roberta-large
validation,257,Maaf ku kira kolom pencarian Google,1,0.404794,0,1,0.4,0,1,xlm-roberta-large
validation,258,"* Agama Kristen percaya adanya sosok Tuhan Maha Kuasa yang digambarkan sebagai Bapa di Surga. Agama Buddha tidak percaya adanya Tuhan yang menyerupai manusia. ""Tuhan"" adalah suatu konsep yang jauh melampaui kemampuan berpikir manusia dan tidak bisa digambarkan atau dipersonifikasi, dan orang Buddhis menganggap bahwa konsep ""Tuhan"" itu tidak meminta ataupun perlu disembah.",0,0.016309,0,0,0.4,1,1,xlm-roberta-large
validation,259,"Mau tanya dong, sekarang penerbangan butuh apa aja ya? Masih perlu ngisi e-hac",0,0.061087,0,0,0.4,1,1,xlm-roberta-large
validation,260,"Penganut ajaran sex bebas, minuman2 keras, si kaya makin kaya si miskin makin miskin, atheis, pki, wahyudi, dll",1,0.930332,1,1,0.4,1,1,xlm-roberta-large
validation,261,"ngeliat video ini gue mikir: kita gampang banget mati, ya? dan kita gak tau kapan giliran kita. Deepest condolence.",0,0.083815,0,0,0.4,1,1,xlm-roberta-large
validation,262,TNI Ukraina pasti ketar ketir denger kecaman ini...,0,0.280222,0,0,0.4,1,1,xlm-roberta-large
validation,263,Kalau ini masalah di androidnya sih. waktu masih marshmallow ke bawah bisa langsung masuk ke micro sd.,0,0.013377,0,0,0.4,1,1,xlm-roberta-large
validation,264,Mereka perlu bom bali jilid 3 biar gak sembah bule lagi,1,0.963092,1,1,0.4,1,1,xlm-roberta-large
validation,265,"Zaman Hindu Buddha juga sama, ada 3 aliran agama utama: Kasiwan (Shivaist Hinduism), Kasagotan (Buddhism), dan Kajawan (native deity). Zaman Islam Kasiwan dan Kasagotan ilang tapi Kejawen bertahan.",0,0.006229,0,0,0.4,1,1,xlm-roberta-large
validation,266,Ini delik aduan bukan sih? Selama pasangan lu gak playing victim harusnya aman2 aja,0,0.151592,0,0,0.4,1,1,xlm-roberta-large
validation,267,"again, manufaktur mobil elektrik tinggal kun fayakun jadi gitu ya.",0,0.710076,1,1,0.4,0,0,xlm-roberta-large
validation,268,"Kalau ring pencurian motor setau gw ga penting motor nyala apa gak men, karena biasanya motor curanmor itu di strip down for parts",0,0.017376,0,0,0.4,1,1,xlm-roberta-large
validation,269,"Gapapa tenang aja OP, aku bisa bantuin kok. Kamu hanya perlu bayar fee service nya, transfer langsung aja ke aku, nanti aku dm no rek nya",1,0.121217,0,0,0.4,0,0,xlm-roberta-large
validation,270,PON bukannya tanggal 2 Oktober ya?,0,0.090977,0,0,0.4,1,1,xlm-roberta-large
validation,271,"badminton, ada teman nyeletuk kalau saya main nya kayak mode marah hahaha",0,0.105441,0,0,0.4,1,1,xlm-roberta-large
validation,272,"Pantes aja harimau jawa punah, armornya kita dulu begitu.",1,0.183374,0,0,0.4,0,0,xlm-roberta-large
validation,273,Hanya boleh ekspor mentah buat perusahaan yg membangun pengolahan nikel hingga pembangunan selesai.,0,0.058993,0,0,0.4,1,1,xlm-roberta-large
validation,274,Ini pengalaman pribadi. Gw dari umur 8 taun udh dititipin ke bude. Dan cukup lah ya secara ekonomi. Bener sama komen yang lain gw ga terlalu merasa peduli sama emak gw(single parent) trus yang lebih parah pengasuh/Wali itu ga berani nge hukum kita like a parent do. Apalagi kl case sama grandparent. Wah di sayang banget tuh. Kalo bisa jangan deh,0,0.005888,0,0,0.4,1,1,xlm-roberta-large
validation,275,Kerana kelak akan berlaku kebuluran/kerosakan/pembunuham teruk dimuka bumi. Dan bila dajjal tiba dibawakan kekayaan dan makanan dengan satu syarat mengaku bahwa ia adalah tuhan. Jadi untuk kaum wanita yang penuh naluri keibuan amat perit ujian hingga ramai yang luluh hati dan sanggup mengaku dajjal itu tuhan kerana tangisan anak2 yang kelaparan dan kerna naluri wanita itu lemah jadi lebih mudah tergoda juga dengan kekayaan yang dibawa dajjal.,0,0.897561,1,1,0.4,0,0,xlm-roberta-large
validation,276,"Sikat gigi 2x sehari. Gue kalo abis makan yg manis2/coklat suka langsung sikat kalo memungkinkan. Sikat gigi yg lama, 30 detik-an x 4 bagian (atas-bawah kiri-kanan). Tp gue jg suka males &amp; cepet2 kok :D Kl pagi kumur2 pake obat kumur.",0,0.002632,0,0,0.4,1,1,xlm-roberta-large
validation,277,Rubah Api,0,0.072703,0,0,0.4,1,1,xlm-roberta-large
validation,278,cari uang gini amet ya... alhamdulillah gw punya job,0,0.86988,1,1,0.4,0,0,xlm-roberta-large
validation,279,"Ya iyalah , masak setel musik underground/metal , boba nya tunpah semua tuh gara2 ngeheadbang",1,0.176317,0,0,0.4,0,0,xlm-roberta-large
validation,280,Kirain yang kanan target pasarnya femboy biar yakin ganti kelamin.,1,0.906156,1,1,0.4,1,1,xlm-roberta-large
validation,281,Genetik leluhur Austroasia kebetulan muncul ke permukaan.,0,0.891386,1,1,0.4,0,0,xlm-roberta-large
validation,282,Iya gan biar dompetnya nanti bau bawang supaya copet  ga tertarik,1,0.962143,1,1,0.4,1,1,xlm-roberta-large
validation,283,"Awal2 baru keluar dia cuma 2jt-an, sekarang jadi 4jt++ for some reason nggak worth it banget di harga segitu.",0,0.002611,0,0,0.4,1,1,xlm-roberta-large
validation,284,"BGS naik jadi menkes katanya mau benerin data, gk bener2... Gw ud putus harapan data bakal bener...",0,0.042962,0,0,0.4,1,1,xlm-roberta-large
validation,285,Nah ini nih muncul orang-orang seperti OP yang merupakan hasil dari penyebaran PAHAM LIBERALISME yang semakin menguat dimasyarakat. Pemikiran seperti ini mirip sama pemikiran orang-orang FASIS dan mirip Hitler dengan Aktion T4 nya. Pelemahan nilai moral ini juga membuat INDIVIDU menjadi CONSOOMER. Dasar pendukung EUGENIK.,1,0.907435,1,1,0.4,1,1,xlm-roberta-large
validation,286,"6. Pilih yang ""With"" terus pilih aja ada beberapa dns, gua sendiri pake cloudflare",0,0.005533,0,0,0.4,1,1,xlm-roberta-large
validation,287,"Kalo ini emang efek gara-gara Space Song blow up di TikTok, agak gak masuk akal sih.",0,0.067424,0,0,0.4,1,1,xlm-roberta-large
validation,288,Baru2 ini pulang dari mudik ke Indo. Salah satu staf di kantor saya di Jepang adalah seorang bapak-bapak Jepang usia 63 tahun yang menggemari ethnic food. Saya kasih oleh2 satu blok bumbu gado-gado Karangsari beliau girangnya bukan main.,0,0.09426,0,0,0.4,1,1,xlm-roberta-large
validation,289,"Gua baru aja buat animasi petanya, bisa dilihat di [sini](<link> Versi terbaru petanya sendiri bisa diunduh di [sini](<link> Versi gelapnya belum gua kerjain karena mager (hex warna-warnanya ganti lagi, jadi buat mode gelap warnanya harus diubah lagi biar cocok sama warna mode terang yang baru).",0,0.006062,0,0,0.4,1,1,xlm-roberta-large
validation,290,"Protestan, Budha dan Khonghucu nggak ikut juga, biar lengkap?",1,0.238905,0,0,0.4,0,0,xlm-roberta-large
validation,291,"uang balik ke bank, kita pun turut membantu bank dalam memberikan modal.",0,0.187281,0,0,0.4,1,1,xlm-roberta-large
validation,292,"Tidur setelah isya, bangun jam 1 atau 2, tidur lagi, bangun jam set 5. Ini dilakukan di hari yang besoknya luang, kayak Jumat atau Sabtu.",0,0.003337,0,0,0.4,1,1,xlm-roberta-large
validation,293,"Yesss, ke 144Hz aja dah kerasa banget, tapi imo kalo dr 144 ke sekian lg, dah ga terlalu kerasa bedanya deh",0,0.003057,0,0,0.4,1,1,xlm-roberta-large
validation,294,karena kamu belum punya benefitnya aja siiih,0,0.823186,1,1,0.4,0,0,xlm-roberta-large
validation,295,SMS tidak termasuk medsos,1,0.249356,0,0,0.4,0,0,xlm-roberta-large
validation,296,Average wibu komodo freaky dicky yg dari ketikannya kepengen jadi anak gaul di r/Indonesia:,0,0.858066,1,1,0.4,0,0,xlm-roberta-large
validation,297,Sesekali mainan fisik lah. Jangan cuma game hp mulu,0,0.187802,0,0,0.4,1,1,xlm-roberta-large
validation,298,di Kalimantan sini rata-rata semua udh 30rb++/2 liter,0,0.119665,0,0,0.4,1,1,xlm-roberta-large
validation,299,Liberal economists: makanya hilangkan subsidi dan pajak yang melekat pada barang,0,0.963541,1,1,0.4,0,0,xlm-roberta-large
validation,300,"ada juga yg khawatir nanti kasih warisan tp ga tepat penggunaannya.. dimana arti tepat penggunaannya pun harus sesuai dgn gaya ortu wkwkwk.. contoh nya : ortu cm suka invest properti dan emas, jadi harapannya anak jg spt itu, kl anak beli RD / Saham akan diceramahin itu ga aman, ga proven, etc etc",0,0.014757,0,0,0.4,1,1,xlm-roberta-large
validation,301,dibawahnya ada kepotong tuh,0,0.143728,0,0,0.4,1,1,xlm-roberta-large
validation,302,"Susah bro, waktu kuliah juga yang ngambil skripsi air emang jarang karena agak rumit, kedua rumit itu struktur paling gampang transport he he. But yeah, gak tau efek politik atau emang udah pada keder semua jadi pada lepas tangan.",0,0.0052,0,0,0.4,1,1,xlm-roberta-large
validation,303,BPPKI sama PPKI ya bagusan,0,0.901661,1,1,0.4,0,0,xlm-roberta-large
validation,304,"cons: 1) sekali meleng suka ada yg ngutil, 2) rusak karena hewan liar, 3) pusing kalo ada yg layu sebelum masa panen, 4) harus steril dari hujan karena bisa ngaruh ke nutrisi, 5) harus selalu kepapar sinar matahari biar pertumbuhannya bagus",0,0.058939,0,0,0.4,1,1,xlm-roberta-large
validation,305,"Beberapa temen dulu waktu sd - smp udah pada beli pil dekstro, awalnya taunya dari temennya yang taunya dari anak jalanan. Belinya di apotik kecil dan ga pake ditanya, anak sd ngerokok aja udah gila apa lagi ngelem sampai ngepill.",0,0.01721,0,0,0.4,1,1,xlm-roberta-large
validation,306,Liberalisme itu moral universalist; buat mereka ada kebenaran objektif yg pokoknya semua harus ikut. (Semua argumen ttg universalisme HAM itu argumen hampir verbatim kenapa org agamis itu resek moral).,0,0.01348,0,0,0.4,1,1,xlm-roberta-large
validation,307,"nintendo aja dari game boy, sekarang udah bikin switch",1,0.149904,0,0,0.4,0,0,xlm-roberta-large
validation,308,Aku B,0,0.05199,0,0,0.4,1,1,xlm-roberta-large
validation,309,"Tipenya pijat separuh chiro gitu, lebih ke perbaikan postur lah bisa dibilang. Di awal akan ditanya bagian yang sakit sebelah mana, nanti itu yang akan jadi fokus dia, dan setelah pijat jadi enteng sih.",0,0.004306,0,0,0.4,1,1,xlm-roberta-large
validation,310,"bingung juga yah 2jt dapet apaan, hp cina merajai pasar untung harga segitu.",0,0.096791,0,0,0.4,1,1,xlm-roberta-large
validation,311,Janggal karena biasanya lu ga mau pesen shopeefood,1,0.069101,0,0,0.4,0,0,xlm-roberta-large
validation,312,Kupikir cinta itu bebas,1,0.821975,1,1,0.4,1,1,xlm-roberta-large
validation,313,Tentu saja gratis. Wong cuma edit edit dikit gitu,1,0.904608,1,1,0.4,1,1,xlm-roberta-large
validation,314,Dibawa ke dokter hewan dlu mungkin,1,0.07244,0,0,0.4,0,0,xlm-roberta-large
validation,315,"Kalo buat aku aneh. Sorry, tapi itu karakter dibikin kek bocah(meskipun ya gk realistik). Kalo u ngerasa ketertarikan ke karakter kek gt diotak gw udh lgsg kewire kalo u itu pedo.",0,0.014504,0,0,0.4,1,1,xlm-roberta-large
validation,316,Perlu foto pembanding untuk riset lebih lanjut. Demi ilmu pengetahuan.,0,0.093927,0,0,0.4,1,1,xlm-roberta-large
validation,317,"Liatnya udah duit kayaknya. Liat anak tetangga PNS tajirnya lama banget, liat anak temen anak startup mobilnya udah 2 padahal dibeliin orang tua.",0,0.290628,0,0,0.4,1,1,xlm-roberta-large
validation,318,<link>,0,0.052912,0,0,0.4,1,1,xlm-roberta-large
validation,319,berguna sekali dalam membatasi mobilitas warga,1,0.847558,1,1,0.4,1,1,xlm-roberta-large
validation,320,temen gua 2 minggu wtf,0,0.043691,0,0,0.4,1,1,xlm-roberta-large
validation,321,"tolong makan u/kaitonoob, nanti aku bantu ikat 🤭",0,0.167151,0,0,0.4,1,1,xlm-roberta-large
validation,322,"Kinda, gw bener bener gabut, sejak 3 minggu lalu kerjaan gw cm main final fantasy 14, playtime gw udh hampir 5 hari",0,0.033653,0,0,0.4,1,1,xlm-roberta-large
validation,323,Yg di timur malah pingin ngerebut wilayah kita sendiri …..,0,0.167832,0,0,0.4,1,1,xlm-roberta-large
validation,324,"Well, NATO emang enggak mau terima Ukraina, tapi mereka masih kayak ngasih harapan. Sejak 2014 Ukraina dapet [banyak dukungan](<link> dari NATO. Bahkan US, UK, sama Turki malah terang-terangan [kirim senjata] (<link>",0,0.003517,0,0,0.4,1,1,xlm-roberta-large
validation,325,"&gt; Lu beli saham BUMI sekitar 9,000 terus anjlok ke 50 rupiah, lu mau minta tanggung jawab ke siapa?",0,0.096791,0,0,0.4,1,1,xlm-roberta-large
validation,326,"Kalau mau bahasa Indonesia jadi bahasa internasional, apa untungnya bagi mereka mempelajari bahasa yg menurut mu identitas kita?",0,0.162446,0,0,0.4,1,1,xlm-roberta-large
validation,327,"Baru 2 Bulan pertama di 2023, dan udah ramai aja",0,0.085862,0,0,0.4,1,1,xlm-roberta-large
validation,328,"menurut gue semua bisnis keras sih. mungkin di fnb itu karna kita harus hospitality yg bagus ke customer, harus membuat makanan dan minuman yg enak juga, belum lagi kalau ada karyawan yang aneh aneh. karna makanan minuman kan berkembang cepet, mudah ditiru, mudah booming dan mudah turun. tapi....siapa sih yg ga butuh makan. imo yaaa, gue jg masih awam",0,0.032806,0,0,0.4,1,1,xlm-roberta-large
validation,329,"Alhasil harga gas melonjak karena orang pada nyalain heater, suatu hal yang bisa dihindari kalau pakai nuklir. Pada kemana tuh aktivis green energy? Ini sebelum invasi rusia lho.",0,0.742608,1,1,0.4,0,0,xlm-roberta-large
validation,330,"3 minggu lalu gw baru naik kereta BDG - JKT dan ngga disuruh tes apapun, gw juga baru vaksin 2x.  Pas mau beli tiket nanti tertulis syaratnya apa aja.",0,0.003124,0,0,0.4,1,1,xlm-roberta-large
validation,331,BWAHAHAHA.. nanti yg gelombang 2 rame gan,0,0.018194,0,0,0.4,1,1,xlm-roberta-large
validation,332,Susah nyari yg begituan soalnya mesti biaya produksi bakal tinggi. Cari yang classical gitu deh,0,0.005437,0,0,0.4,1,1,xlm-roberta-large
validation,333,"Early 2000s. Karena gw punya cita2 jd penyanyi, jd yang bakal gw lakuin di era itu nyanyiin lagu2 hits dari 2015 ke atas. Meski mungkin bakal ga laku di tahun itu, beberapa tahun kemudian musik gw bakal dianggap ""ahead of its time"" dan bakal byk yg nge-sample.",0,0.00335,0,0,0.4,1,1,xlm-roberta-large
validation,334,"Baris 3: kayaknya emang kebiasaan sih, setidaknya di daerah sini. Muatan berat **pasti** ambil kanan, mending 80km/j ada yang cuma mentok 60 aja ambil kanan loh . Motor ambil kiri. Nah yang bawa mobil ini nih yang jadi repot, harus  kanan kiri.",0,0.009634,0,0,0.4,1,1,xlm-roberta-large
validation,335,"Pernah lihat salah satu threadnya, ada yang berhasil SSI dan pap full, cewenya itu mahasiswi di salah satu kampus terkenal. Lebih hebatnya, cewenya beda ras dan agama (ceweny cina kristen). Modusnya ""impian dari kecil pengen punya cewe cina"" udah gitu aja luluh cewenya..",0,0.166337,0,0,0.4,1,1,xlm-roberta-large
validation,336,Berkebun,1,0.091099,0,0,0.4,0,0,xlm-roberta-large
validation,337,"* Dari kekuatan financial lu - yah buat 1 event, biasanya pasti ada max. Budget yg udh disiapin buat kegiatan promosi, dan digital marketing hanya salah 1 cara untuk promosi. Coba aja di nego sama tim nya ada budget berapa.",0,0.003383,0,0,0.4,1,1,xlm-roberta-large
validation,338,"biar dibuka ya rahasia nya, kenapa cukup kasi data ama nomor rekening tar dpt 30rb, tujuan utama cuma buat nama dan nomor rekening, klo ke scam dapat uang tambahan itu bonus",0,0.923592,1,1,0.4,0,0,xlm-roberta-large
validation,339,Sate Pepen di Cikutra emang enak tapi ngantrinua naudzubillah,0,0.041501,0,0,0.4,1,1,xlm-roberta-large
validation,340,Cepet2 pergi lah sono. Gondok lama2. Bayi siapa tanggung jawab siapa yang ikut repot siapa,0,0.834373,1,1,0.4,0,0,xlm-roberta-large
validation,341,Ikut WITA dong biar di tengah-tengah.,0,0.941815,1,1,0.4,0,0,xlm-roberta-large
validation,342,"Setelah dijelasin, ternyata itu tukang yg namanya J, ngaku2 Ronal buat pdkt sama pembantu tetangga. Padahal setau gw udah ada pacar di kampungnya.",0,0.046899,0,0,0.4,1,1,xlm-roberta-large
validation,343,"Selain CV, w sarankan portofolio (kek hasil projeck yang pernah lu buat selama dikampus atau diluar kampus gitu)",0,0.002801,0,0,0.4,1,1,xlm-roberta-large
validation,344,"tetep nonton aja sih kyknya, lumayan refreshing. kecuali influenced bgt dari riviu. ikutin kata hati. yea paling ga usah set ekspetasi tinggi-tinggi, still a good movie tho",0,0.00272,0,0,0.4,1,1,xlm-roberta-large
validation,345,Arus balik mudik puncaknya kapan ya? Mau balik dari lampung ke jkt antara tgl 7-8,0,0.00629,0,0,0.4,1,1,xlm-roberta-large
validation,346,Ane sih pro yg 75 ya.. cuma.. mau buat apa.. emang kita siapa.. udah ntar lihat aja outputnya gimana.. bisa jadi ntar kalo angka korupsinya nol jadi beneran ga ada korupsi.. who knows..,0,0.255994,0,0,0.4,1,1,xlm-roberta-large
validation,347,ke green corridor juga asik walaupun beda vibe sik...,0,0.003034,0,0,0.4,1,1,xlm-roberta-large
validation,348,"Biar dapat tempat duduk, biasa alasannya",0,0.452778,0,1,0.4,1,0,xlm-roberta-large
validation,349,Saya yang Kresten om,0,0.963196,1,1,0.4,0,0,xlm-roberta-large
validation,350,Tuh holywings ditutup 3 hari pas weekday percuma juga. Kalau berani sih tutup pas weekend.,0,0.005512,0,0,0.4,1,1,xlm-roberta-large
validation,351,Ya memang gak nyambung isi doa di pamflet untuk konteks meminta perlindungan.,0,0.221477,0,0,0.4,1,1,xlm-roberta-large
validation,352,Maaf. Kami dari pihak telkomsel akan monopoly harga paket anda.,1,0.703931,1,1,0.4,1,1,xlm-roberta-large
validation,353,"Agamaku, isi sempakku.",0,0.161916,0,0,0.4,1,1,xlm-roberta-large
validation,354,"Entah sih kalau gay, tapi berdasar observasi ke circle wibu gue kayaknya karena gap moe? Cewek tomboy kan biasanya slengean dan bisa diajak asik-asikan, gak kayak cewek macam damsel in distress. Tapi kalau tiba-tiba malu-malu atau blushing kayak cewek banget kan bikin melting.",0,0.005719,0,0,0.4,1,1,xlm-roberta-large
validation,355,- pemerintah ke masyarakat menengah kebawah yang ngeyel dan tidak mau mengikuti prosedur new normal,0,0.268414,0,0,0.4,1,1,xlm-roberta-large
validation,356,"kl kasus gw kecanduan. karena sering dikasih pas di kosan dulu akhirnya belilah star mild pertama gw. Pas gw buka bungkusnya langsung ketampar, ""kenapa gw jadi perokok aktif gini"" Dan langsung gw buang ke genteng tu rokok jahanam.",0,0.089296,0,0,0.4,1,1,xlm-roberta-large
validation,357,"Ah, saluran negara orang kok, bukan di rumah kita sendiri",1,0.962953,1,1,0.4,1,1,xlm-roberta-large
validation,358,mungkin karna sepi dibolehin,1,0.896115,1,1,0.4,1,1,xlm-roberta-large
validation,359,Ateis itu komunis,1,0.963541,1,1,0.4,1,1,xlm-roberta-large
validation,360,makanya yahudi pinter-pinter pada nanya dulu ya,0,0.963472,1,1,0.4,0,0,xlm-roberta-large
validation,361,*Mengakhiri* penderitaan ajudannya,0,0.962813,1,1,0.4,0,0,xlm-roberta-large
validation,362,"tapi masih tetep di ajarkan ko, ane di dari mulai sd sampe sma udh belajar mengenai manusia purba dan evolusi makhluk hidup juga teori darwin...",0,0.120853,0,0,0.4,1,1,xlm-roberta-large
validation,363,"Bukan, itu karena mist generator yg di inisiasi pemprov DKI buat kurangi polusi",1,0.853974,1,1,0.4,1,1,xlm-roberta-large
validation,364,kok bisa tepar? party hard ya?,0,0.685147,1,1,0.4,0,0,xlm-roberta-large
validation,365,"Versi 'pure'-nya: berapa banyak dari 'aktivis' Twitter itu pernah ke lapangan? Kebanyakan aktivitis yg beneran aktivis ga bakal aktif di twitter krn mereka terlalu sibuk dg segala FGD, pendampingan, penyuluhan, dan proyek2 lain. Gimana mau menyebarkan paham kl ketemu masyarakatnya aja ga?",0,0.024493,0,0,0.4,1,1,xlm-roberta-large
validation,366,itu mau nganterin peserta olimpiade sama warga jepang yg mau pulang ke jepang,1,0.781581,1,1,0.4,1,1,xlm-roberta-large
validation,367,Tergantung Chinese yang mana dulu ya. Kalau Chinese Jaksel sih sudah very assimilated.,0,0.027429,0,0,0.4,1,1,xlm-roberta-large
validation,368,"ga pak, dari erte sebelah.",0,0.174973,0,0,0.4,1,1,xlm-roberta-large
validation,369,"Apalagi kalau di rumah, jangan ngalangin jalan aja tapi.",0,0.043083,0,0,0.4,1,1,xlm-roberta-large
validation,370,Tergantung PTS yang mana? Banyak kok PTS terkenal dan bagus2,0,0.003081,0,0,0.4,1,1,xlm-roberta-large
validation,371,Ngatain SJW-SJW tapi masih minta sila ke 5 diterapkan. Dasar aneh.,1,0.909345,1,1,0.4,1,1,xlm-roberta-large
validation,372,"Yak ,supaya mudah jadi homogen dipilih suku yang paling banyak ya",1,0.958499,1,1,0.4,1,1,xlm-roberta-large
validation,373,Dan 1 Milyar sebelum 30 tahun. Gak bisa dapet 1 Milyar sebelum 30 tahun? Kamu ngapain aja? Pasti kebanyakan beli kopi 80rb!,1,0.963541,1,1,0.4,1,1,xlm-roberta-large
validation,374,"7. Kalo ilang, tinggal di-mark as lost doang &amp; itu iPhone ga bakal bisa dipake orang lain",0,0.12603,0,0,0.4,1,1,xlm-roberta-large
validation,375,"Ahahahaha ini gw banget, gw butuh colokan tambahan karena tipe colokannya ngga dipake di Indonesia, terus murah terus, gw lihat-lihat tokonya, eh barangnya murah-murah. Beli deh gw jadinya perintilan, alhasil belanjaan gw sekardus.",0,0.042048,0,0,0.4,1,1,xlm-roberta-large
validation,376,Pemerintah sudah berani meracuni rakyatnya sendiri,1,0.919715,1,1,0.4,1,1,xlm-roberta-large
validation,377,* Bali 129,0,0.023021,0,0,0.4,1,1,xlm-roberta-large
validation,378,kemanakah oh kamu pinokio,1,0.81119,1,1,0.4,1,1,xlm-roberta-large
validation,379,hmm kegiatan setiap tengah malam,0,0.086787,0,0,0.4,1,1,xlm-roberta-large
validation,380,"Eh taunya di rekrut, 2 minggu habis wisuda langsung diambil lah tawarannya, kesempatan emas jangan dilewatin.",0,0.71716,1,1,0.4,0,0,xlm-roberta-large
validation,381,"Ah yes, ad hominem attack berbentuk makian emosional, tanda2 argumen logis dan bermutu",1,0.941115,1,1,0.4,1,1,xlm-roberta-large
validation,382,"Ada kok duitnya, 1T itu tu",1,0.963541,1,1,0.4,1,1,xlm-roberta-large
validation,383,STEM? Jangan ambil postgrad degree kecuali pake beasiswa.,0,0.120026,0,0,0.4,1,1,xlm-roberta-large
validation,384,&gt;sayangnya elit2 kita masih gak teralu dapet pelajaran diatas,0,0.239527,0,0,0.4,1,1,xlm-roberta-large
validation,385,padahal lebron mau ke dallas bareng kyrie,1,0.963575,1,1,0.4,1,1,xlm-roberta-large
validation,386,Malem gak tidur neh.,0,0.019644,0,0,0.4,1,1,xlm-roberta-large
validation,387,jadi inget tengkar Tsamara-Fadli Zon dulu,0,0.712832,1,1,0.4,0,0,xlm-roberta-large
validation,388,Uwagh dimulai dari sewa ruko,0,0.020062,0,0,0.4,1,1,xlm-roberta-large
validation,389,"ex: gw lebih suka pakai split backspace + spacebar, klo non hotswap tinggal liat pcb support apa gk. klo support tinggal solder aja switchnya. klo misalnya mau ganti ke ukuran standar (misalnya pindah tangan ke owner baru) tinggal desolder trs pasang di slot backspace/spacebar yg standar trs diatur lewat softwarenya (QMK /VIA)",0,0.006693,0,0,0.4,1,1,xlm-roberta-large
validation,390,itu bukannya bendera Costa Rica ya? setau saya bendera Thailand biru nya di dalam....,0,0.104112,0,0,0.4,1,1,xlm-roberta-large
validation,391,Hey dia ganti nama jalan-jalan di jakarta sesuai semangat kearifan lokal!,1,0.961965,1,1,0.4,1,1,xlm-roberta-large
validation,392,*  Donasi ke penjual makanan di sekolahan sekitar? (mungkin susah ngedatanya),0,0.003938,0,0,0.4,1,1,xlm-roberta-large
validation,393,"Berulang kali untuk tidak memikirkan, tapiii terpikirkan lagi dan lagi. Sampe rasany ingin gw lepas ini kepala… cinta ya emang but seneng, tapi buat sengsara juga.. huh",0,0.048722,0,0,0.4,1,1,xlm-roberta-large
validation,394,"Heran ada aja perilaku beginiian di gempat kerja, kebanyakan gabut kah wkwk di bumn",0,0.218169,0,0,0.4,1,1,xlm-roberta-large
validation,395,Kenapa rakyat indonesia ga jadi investor aja?,1,0.962427,1,1,0.4,1,1,xlm-roberta-large
validation,396,"Gw sendiri selama ini ketemu dia di bakmi siantar, rawamangun. Kayak tukang becak, pake handuk putih kecil, tapi lambo hijau terang nya parkir di depan. Wkwkwk.",0,0.008847,0,0,0.4,1,1,xlm-roberta-large
validation,397,"Kedua telpon contact center provider, minta blokir kalau ada request ganti simcard, besok kesana buat urusan kartu baru.",0,0.006654,0,0,0.4,1,1,xlm-roberta-large
validation,398,Source alternatif buat bokep menghilang.,0,0.149097,0,0,0.4,1,1,xlm-roberta-large
validation,399,"Terus mulai pikirkan keluarga lu sendiri, bukan keluarga bapak lu. Urus pisah KK. Terus sisihkan uang untuk beli motor atas nama lu. Kerja 8 jam sehari, setelah itu keluar, jangan di rumah saja, nongkrong kek, jalan kek, cari jodoh lu.",0,0.188922,0,0,0.4,1,1,xlm-roberta-large
validation,400,"Please help me komodos, gak bisa kuliah atau simposium internasional ini jadinya :((",0,0.165863,0,0,0.4,1,1,xlm-roberta-large
validation,401,&gt; Grab Indonesia menegaskan bahwa Yusuf Mansur tidak pernah terdaftar sebagai dewan komisaris Grab Holdings Limited. Video pengakuan yang viral belakangan ini disebut tidak benar adanya.,0,0.047074,0,0,0.4,1,1,xlm-roberta-large
validation,402,[Penampakan hari biasa](<link>,0,0.01017,0,0,0.4,1,1,xlm-roberta-large
validation,403,Maunya dikasih nomer whatsapp bapak X yang orang dalam univ tersebut. Kamu pasti lah ada kenalan orang dalam di kampus,1,0.164114,0,0,0.4,0,0,xlm-roberta-large
validation,404,"Rumputnya merah, lingkaran tengah ada logonya",0,0.474996,0,1,0.4,1,0,xlm-roberta-large
validation,405,disebabkan oleh kristenisasi dibulan Desember.,0,0.937268,1,1,0.4,0,0,xlm-roberta-large
validation,406,Jangan lupa air nya pakai air dari got supaya sustainable,1,0.845177,1,1,0.4,1,1,xlm-roberta-large
validation,407,"2. Mobil diam disenggol motor, yang salah pasti mobil.",0,0.917117,1,1,0.4,0,0,xlm-roberta-large
validation,408,Tolong definisiin rasa sakit pas di tato 🙏,0,0.53959,1,1,0.4,0,0,xlm-roberta-large
validation,409,"Asik, abis ini makin kenceng tuh 5G",1,0.012747,0,0,0.4,0,0,xlm-roberta-large
validation,410,"Lulus SMA. Aslinya ibuku pernah bilang boleh, dengan kriteria harus agamanya sama",0,0.02638,0,0,0.4,1,1,xlm-roberta-large
validation,411,"karena kalau gak longgar, maka pemerintah ya otoriter",1,0.923523,1,1,0.4,1,1,xlm-roberta-large
validation,412,"Bom terroris meledak, semua Muslim dianggep terroris.",0,0.854217,1,1,0.4,0,0,xlm-roberta-large
validation,413,Nambahin.. keduanya hrs punya jiwa melayani dan siap penempatan..,0,0.329769,0,0,0.4,1,1,xlm-roberta-large
validation,414,"Ini sistemnya NFC, bluetooth atau barcode pak?",1,0.123789,0,0,0.4,0,0,xlm-roberta-large
validation,415,Minta enteng jodoh kak,0,0.962568,1,1,0.4,0,0,xlm-roberta-large
validation,416,"Aku percaya semua hubungan itu transaksional. Cuma yg ditransaksikan itu gak selalu sesuatu yg konkret. Ngilangin rasa kesepian, bosen, dsb itu juga udah transaksi. Temenan sama yg dikucilkan buat memuaskan ego itu juga transaksi kok",0,0.022803,0,0,0.4,1,1,xlm-roberta-large
validation,417,6. Kab Mempawah 47 org,0,0.05921,0,0,0.4,1,1,xlm-roberta-large
validation,418,ASEAN itu useless sih karena non intervention policynya,0,0.837952,1,1,0.4,0,0,xlm-roberta-large
validation,419,"Ga cuma ekonomi modern aja, dari jaman masih gold bahkan silver-backed currency juga ekonomi manusia itu didorong oleh inflasi. Heck, deflation is worse than high inflation.",0,0.008968,0,0,0.4,1,1,xlm-roberta-large
validation,420,Sudahlah keponakan2ku panggil aku om atw kakak/koko/mas saja nggak ribet soalnya,0,0.084116,0,0,0.4,1,1,xlm-roberta-large
validation,421,Bagus juga sanata dharma dulu,0,0.716491,1,1,0.4,0,0,xlm-roberta-large
validation,422,"Sabar ya. Jawabannya emang ngeselin, tapi ya udah, sabar dulu sambil pelan2 berusaha memperbaiki keadaan.",0,0.018405,0,0,0.4,1,1,xlm-roberta-large
validation,423,1.Tidak menguras kofaktor lain (komponen nonprotein yang diperlukan suatu enzim agar aktif dan bisa digunakan oleh tubuh).,0,0.066206,0,0,0.4,1,1,xlm-roberta-large
validation,424,"Next timeee ikut nyokkkk, ama om u/js_tan jugaa. Nti dibeliin Birkin ama bebeb JS. 😘😘",0,0.00548,0,0,0.4,1,1,xlm-roberta-large
validation,425,> Limit harian QR lintas negara (cross border) menggunakan limit gabungan kartu debit BCA sesuai jenis kartu.,0,0.003787,0,0,0.4,1,1,xlm-roberta-large
validation,426,buy the beer and ice tea. pindahkan beernya ke ice tea bawa pulang masuk kamar kunci pintu nikmatilah tuh beer,0,0.069289,0,0,0.4,1,1,xlm-roberta-large
validation,427,&gt;belum lu akrab amat,0,0.109992,0,0,0.4,1,1,xlm-roberta-large
validation,428,2. Kalau bisa handle tripod nilai plus sih.,0,0.011266,0,0,0.4,1,1,xlm-roberta-large
validation,429,soalnya orang2 sekarang kan udah terbiasa baca berita kematian jadi udah ga takut lagi.,1,0.116261,0,0,0.4,0,0,xlm-roberta-large
validation,430,Kalau dari gambar kayaknya sih mereka bilang itu World Bank yang bikin hoax / ngatur Covid-19 dan proyeknya akan sampai 2025 sesuai dokumen proyek diatas.,0,0.018529,0,0,0.4,1,1,xlm-roberta-large
validation,431,"Krn miskin banget, ya ga ada toilet di rumah. Ibarat kita aja disini masih ada jamban di kali, nah disana ga ada jamban. Well, gw sih ga bisa imagine.",0,0.067179,0,0,0.4,1,1,xlm-roberta-large
validation,432,"Ya berarti sadar, kalo nggak sadar bener biasanya kayak ornag kaget tiba² disuruh",0,0.162646,0,0,0.4,1,1,xlm-roberta-large
validation,433,"LoL... Ok, bangsat banget...",0,0.023286,0,0,0.4,1,1,xlm-roberta-large
validation,434,Bukannya kalo merayakan budaya org lain ntr keitungnya menyembah tuhan mereka?,1,0.566333,1,1,0.4,1,1,xlm-roberta-large
validation,435,Tongkrongan u lame,1,0.023153,0,0,0.4,0,0,xlm-roberta-large
validation,436,"Jadi gini,powerbank di pesawat bolehnya berapa mAh sih? Ada yg bilang 10K dan ada yg bilang 20K,tapi di artikel malah 32K",0,0.012312,0,0,0.4,1,1,xlm-roberta-large
validation,437,"DOTA itu artinya ""aku yahudi"" dari bahasa Zimbabwe selatan tengah.",1,0.85747,1,1,0.4,1,1,xlm-roberta-large
validation,438,"Setan itu penggoda. Rumah makan itu menggoda. Sehingga rumah makan kafir yg buka itu setan. Setan harus dibelenggu. Tutup lu pada, setan!!!!",1,0.963746,1,1,0.4,1,1,xlm-roberta-large
validation,439,"Oh wait, mana ada orang sini yang percaya teori Darwin, masa manusia berasal dari kera",1,0.96395,1,1,0.4,1,1,xlm-roberta-large
validation,440,Kenapa timunnya utuh? Kenapa nasinya dibungkus ala lontong gitu? Ke mana sambelnya?,0,0.27713,0,0,0.4,1,1,xlm-roberta-large
validation,441,yg bener itu lgsg istighfar dan pergi sholat !1!1!1,0,0.963541,1,1,0.4,0,0,xlm-roberta-large
validation,442,"tapi berlaku cuma buat sepeda biasa, sepeda mahal mah bebas.",1,0.084644,0,0,0.4,0,0,xlm-roberta-large
validation,443,"gatau juga sih si bapa miskin atau engga, bad parenting sih intinya",0,0.3944,0,0,0.4,1,1,xlm-roberta-large
validation,444,"Cuma 5k tweet tapi paling aktif jam"" rawan",0,0.046856,0,0,0.4,1,1,xlm-roberta-large
validation,445,Agar ada jejak 2021,0,0.895431,1,1,0.4,0,0,xlm-roberta-large
validation,446,wah bener juga vroh :v,0,0.125012,0,0,0.4,1,1,xlm-roberta-large
validation,447,"Tinggilah, kaya dr mining bro. Sayngnya banyaknya sdanya non lokal (misal jawa).",0,0.049773,0,0,0.4,1,1,xlm-roberta-large
validation,448,"Lol. Mending ketawain diri sendiri aja bruh, gue ke-trigger pun (which I didn't, fyi, gue cuma heran aja sama lu) ga sampe bandingin orang ke Adolf Hitler juga. Lu mau gue samain dengan libtard gak? Ga suka dikit sama orang kan libtards suka nyama2in orang sama Nazi or Hitler. Did you see the resemblance?",0,0.103024,0,0,0.4,1,1,xlm-roberta-large
validation,449,Cloud storage nyelesein masalah copy file karena semua di cloud. Adapun klo bukan di pemilik yg sama bisa pindahin pakai WA.,0,0.004896,0,0,0.4,1,1,xlm-roberta-large
validation,450,mana permainan barcelona yang kemarin bantai real madrid. huft,0,0.840619,1,1,0.4,0,0,xlm-roberta-large
validation,451,belom ada tools buat test dan solder2an nya gue pak,0,0.110567,0,0,0.4,1,1,xlm-roberta-large
validation,452,Hmm jadi azabnya merata di seluruh dunia,1,0.9633,1,1,0.4,1,1,xlm-roberta-large
validation,453,"Hampir lupa soal ini wkwk, padahal berapa minggu setelah sidangnya. Yah mending telat daripada gak sama sekali.",0,0.053206,0,0,0.4,1,1,xlm-roberta-large
validation,454,Hujan teross,0,0.194368,0,0,0.4,1,1,xlm-roberta-large
validation,455,modal kecil untung berlipat,1,0.738716,1,1,0.4,1,1,xlm-roberta-large
validation,456,Jika qunut dan doa para Ulama saja tidak sanggup menahan virus corona.,1,0.963848,1,1,0.4,1,1,xlm-roberta-large
validation,457,"Dan kita juga ga bisa expect mereka buat vaksin ketiga sementara stok vaksin aja terbatas. Dilematis. Kalau gw sih milih ga suntik lagi krn gw udah divaksin lengkap (mRNA lagi), dan vaksin di daerah gw juga langka, dan harus antri berkerumun. Yg ada malah kena lagi :(",0,0.004434,0,0,0.4,1,1,xlm-roberta-large
validation,458,Toko buku dan boardgame.,0,0.015365,0,0,0.4,1,1,xlm-roberta-large
validation,459,"siap, laporan anda akan gua terusin ke atasan.",0,0.141222,0,0,0.4,1,1,xlm-roberta-large
validation,460,lah yg nomor 1 pake s&amp;k juga kan?,1,0.864139,1,1,0.4,1,1,xlm-roberta-large
validation,461,"buka hp, orang yang bilang selain buka hp pembohong semua.",1,0.260531,0,0,0.4,0,0,xlm-roberta-large
validation,462,Pokoknya manggung di Tomorrowland mainstage slot malem. Udh itu dulu,0,0.053403,0,0,0.4,1,1,xlm-roberta-large
validation,463,bro jangan ngelamun pas rapat,0,0.779783,1,1,0.4,0,0,xlm-roberta-large
validation,464,apakah dia dense enough sehingga tdk belajar dari yg udah ketangkap,0,0.948537,1,1,0.4,0,0,xlm-roberta-large
validation,465,"entahlah, gw beli pas Pre Order, sampe sekarang masih aktif walau tulisannya ""until 23 Dec 2020""",0,0.010735,0,0,0.4,1,1,xlm-roberta-large
validation,466,Saya adalah ex-pereman ex-muslim ex-katolik ex-hindu dan ex-men yang sedang mengalami krisis kepercayaan dan krisis jati diri.,0,0.392264,0,0,0.4,1,1,xlm-roberta-large
validation,467,Kurang banyak berdoa dan mendekatkan diri kepada tuhan sih...,1,0.909063,1,1,0.4,1,1,xlm-roberta-large
validation,468,"Mau UAS mau Gus2 lainnya, kalo udah kena fan base Indonesia langsung auto toxic radiation 3.6 rontgen.",0,0.037679,0,0,0.4,1,1,xlm-roberta-large
validation,469,Mudah2an gk masuk penjara gara2 penistaan agama.,0,0.887644,1,1,0.4,0,0,xlm-roberta-large
validation,470,"Jadikan provinsi Indonesia ke-35 aja, biar dimusuhin semua pihak",1,0.960915,1,1,0.4,1,1,xlm-roberta-large
validation,471,"Miracle fruit is... An interesting food. Ada beberapa temen makan itu buah hasil kebun mereka dan nyoba makan jeruk kunci. As expected, rasanya manis. *katanya* efeknya di lidah maksimal 60 menit.",0,0.003629,0,0,0.4,1,1,xlm-roberta-large
validation,472,"Kalian usia brp kah? Klo misal baru 1-2taun lulus kuliah, biasanya masih ketagihan kerja (duit sih tepatnya). Klo udah 25an or udah usia2 mikir merid, emang idealnya diomongin n selalu ada we-time sih. Gue pengalaman soalnya, gue sibuk terus sampe tunangan bete setengah mampus krn kurang diperhatikan. Haha",0,0.021969,0,0,0.4,1,1,xlm-roberta-large
validation,473,"Copot pc mu kawan, Ayo Sprint di cafe XYZ. Btw speknya apa dapet apa nih, masih galau mending beli thinkpad ato latitude second ato mengorbankan mobilitas buat pc",0,0.090494,0,0,0.4,1,1,xlm-roberta-large
validation,474,nyokap gue. doi jadi nambahin nama kakek gue di belakang wkwkw,0,0.037397,0,0,0.4,1,1,xlm-roberta-large
validation,475,Trus gmn kita perang lawan covid tanpa alutsista?,1,0.929824,1,1,0.4,1,1,xlm-roberta-large
validation,476,Emang lagi jadi thread balapan kok.,0,0.154951,0,0,0.4,1,1,xlm-roberta-large
validation,477,Beberapa cabang antri sampe 1-2 jam,0,0.050752,0,0,0.4,1,1,xlm-roberta-large
validation,478,Wih banyak kaum vatnik sama wumao di sub ini,1,0.962848,1,1,0.4,1,1,xlm-roberta-large
validation,479,"ini ada video penjelasannya, di sekitaran akhir"" video mention kalau ini adalah perfect storm",0,0.062674,0,0,0.4,1,1,xlm-roberta-large
validation,480,"Waktu masi Shope bisa beli dari seller Taiwan enak. Bisa pesen2 parts yang lumayan gak mainsetrim ditemuin, hidden gem lah.",0,0.003538,0,0,0.4,1,1,xlm-roberta-large
validation,481,"Ide bagus, kok gak dari dulu gitu?",1,0.679657,1,1,0.4,1,1,xlm-roberta-large
validation,482,"Enggak sih imo, orang2 yg jenius mostly brlajarnya juga gak leha2 soalnya.",0,0.202601,0,0,0.4,1,1,xlm-roberta-large
validation,483,"Tentu saja setiap orang itu beda2, kebetulan kami berdua tidak begitu peduli dengan materi, dan kami melihat sendiri kemewahan dll itu semakin tua itu semakin ga ada artinya. Jadi bagi kami, ga punya anak di masa tua itu bakal penuh cons. Makanya kamu berdua mencoba menanam kebaik2an dan merawat dan menjalin network di luar dunia kerja, agar suatu saat ketika kami tua, bakal ada yang nemenin. Entah gimana caranya....",0,0.093347,0,0,0.4,1,1,xlm-roberta-large
validation,484,denny Siregar : kan pak jokowi nggak bilang akhir tahun mana. cerdas dikit lah,1,0.963746,1,1,0.4,1,1,xlm-roberta-large
validation,485,"Iya sih, tapi kan fiturnya juga lumayan cakep daripada cuma make wa kan",0,0.151969,0,0,0.4,1,1,xlm-roberta-large
validation,486,Untung bisa pulang. Gw udah balik MCO hari pertama against my will karena ortu panik sendiri. Itu aja cari tiket susah banget. Sekarang malah pengen cepetan balik Malaysia tapi ga kelar-kelar ini pandemiknya :(,0,0.009143,0,0,0.4,1,1,xlm-roberta-large
validation,487,"Bangsatlah, cok. Udah cape badan, dikasih statement-statement goblok cem gini. Udah gampang banget cari follower modal circlejerking. MABA juga tolol banget lu, lu ngesimp kating sampe bikin grup okelah. Simpen buat diri lu sama temen-temen lu sendiri, lah ngapain lu jadiin story goblok? Lu tau internet terutama twitter bakal nyacat apapun meskipun bukan urusan mereka juga, ngapain lu sebarin ke publik?",0,0.011846,0,0,0.4,1,1,xlm-roberta-large
validation,488,"Turns out ketika masyarakat ga dipersulit untuk bisa pakai transportasi umum mudah maka transportasi umum tersebut jadi mulai digunakan. Shocking I know, pemkot surabaya should be awarded for discovering this concept",1,0.46267,0,1,0.4,0,1,xlm-roberta-large
validation,489,jadi kang parkir atau mang ogah,0,0.597329,1,1,0.4,0,0,xlm-roberta-large
validation,490,"Bro, di meme nya bilang; berangkat jam 5 pagi. Bukan masuk sekolah jam 5 pagi",1,0.087876,0,0,0.4,0,0,xlm-roberta-large
validation,491,"begitu buka HP, masih jam 6 kurang 5",0,0.016215,0,0,0.4,1,1,xlm-roberta-large
validation,492,"Nah diskusi kaya gini enak. Jelasin pandangan masing-masing terus kalo ga setuju tinggal tunjuk aja poin ga setuju. Jadi kan tau perspektif masing-masing. Males banget asal ngelabelin orang sjw, cebong, kadrun, simptisan fpi, dll.",0,0.020489,0,0,0.4,1,1,xlm-roberta-large
validation,493,"""Ane pengen jodoh cwk yang filthy rich karena hasil korupsi...""",1,0.755997,1,1,0.4,1,1,xlm-roberta-large
validation,494,"yg versi app apakah harus diuninstall, apa dibiarin aja dihape?",0,0.036425,0,0,0.4,1,1,xlm-roberta-large
validation,495,Gak apa-apa jadi orang tolol asal asap dapur ngebul,1,0.962462,1,1,0.4,1,1,xlm-roberta-large
validation,496,True buat beberapa game 'MMORPG' sama MHW.,0,0.019438,0,0,0.4,1,1,xlm-roberta-large
validation,497,buat apa budget gede di gunaain prop sinetron ? mending dikantongin lah,1,0.920683,1,1,0.4,1,1,xlm-roberta-large
validation,498,"Iya, kadang bingung knp dih galak2 amat hahaha. Kadang ga cuma dokter aja, tp nurses nya juga. Waktu itu ada teman yg anaknya punya kelainan jantung. Dibawa ke st. Jude, kata tmn gw kalo di indo nurses nya suka julidin dia, dari cara dia gendong anaknya yg 1 lg, memberi ASI dll, tp ga bantuin. Pas di st.jude suster nya mau bantuin, ambilin pompa dll. Waktu malem2 visit setelah cek2 pasien, susternya juga sempetin ngobrol ke temen gw, tanya anak tmn gw ini kaya apa, hobinya apa. Keliatan lah empatinya dan kalo yg dia deal with itu bukan barang benda mati.",0,0.005261,0,0,0.4,1,1,xlm-roberta-large
validation,499,"Data unemployment ialah datanya bersifat ""**Stock**"". Hal dimaksud menunjukkan level/posisi data pada waktu tertentu utk setiap periodenya. Data dimaksud juga **bukan** perubahan/penjumlahan dan pengurangan setiap periode  (seperti data revenue, transaksi, dsb.) melainkan benar2 **posisi terakhirnya**.",0,0.002699,0,0,0.4,1,1,xlm-roberta-large
validation,500,"Dan katanya Gading juga selingkuh kan? Mgkn emg gak cocok aja, makanya Gisel main sama yg lain.",0,0.543923,1,1,0.4,0,0,xlm-roberta-large
validation,501,"Ya maksud gw, kehidupan prasejarah itu seringnya yg ditayangkan/dicatat ya dari wilayah yg jadi benua amerika.",0,0.004664,0,0,0.4,1,1,xlm-roberta-large
validation,502,Dia masuk Columbia modal ekskulnya ada 2; jadi artis dan membantu anak kurang mampu untuk sekolah.,0,0.352118,0,0,0.4,1,1,xlm-roberta-large
validation,503,"jadi teringat status di timeline yg isinya kurang lebih : kenapa panbers bikin lagu judulnya gereja tua, karena kalau gereja baru izin-nya susah",1,0.17113,0,0,0.4,0,0,xlm-roberta-large
validation,504,tapi kata trump indonesia negara maju?,1,0.960768,1,1,0.4,1,1,xlm-roberta-large
validation,505,Junji ito mualaf membaca komik ini,1,0.703193,1,1,0.4,1,1,xlm-roberta-large
validation,506,"No.3,5 sama 6 aja udah gak mungkin",0,0.251418,0,0,0.4,1,1,xlm-roberta-large
validation,507,"""pantes aja lu dibayarnya bpjs""",1,0.291989,0,0,0.4,0,0,xlm-roberta-large
validation,508,gw kemplang lo,0,0.162979,0,0,0.4,1,1,xlm-roberta-large
validation,509,Ribet banget. Orang Kristen aja woles ada saksi Jehovah dan mormon.,0,0.865736,1,1,0.4,0,0,xlm-roberta-large
validation,510,"Kalau yg lokal, kamu ga suka Bu Rudy saya ga ngerti lagi harus rekomendasi apa, udah top notch itu",0,0.045607,0,0,0.4,1,1,xlm-roberta-large
validation,511,1) List semua yg bisa lo masak,0,0.014337,0,0,0.4,1,1,xlm-roberta-large
validation,512,"Yang bikin arc bagus buat lawan hero carry range, kalau mereka ngepush tinggal pasang bubble ke structure LMAO.",0,0.094343,0,0,0.4,1,1,xlm-roberta-large
validation,513,"Jakarta juga sekarang pengembangannya lumayan transit-oriented jadi bener2 kemana2 udah aksesibel. Ini yang bikin susah mau pindah ke luar Jakarta, despite harga tanah bisa jadi lebih murah tapi aksesibilitas masih kureng banget, tetap rely ke transport ekstensi dari Jakarta (KRL/LRT Jabodebek) makanya lo tinggal di satelit tetep butuh mobil.",0,0.002952,0,0,0.4,1,1,xlm-roberta-large
validation,514,Mana jerawatnya?,0,0.172939,0,0,0.4,1,1,xlm-roberta-large
validation,515,"jika ada 3 bilik toilet, jangan pilih yg tengah kalo g bisa multitasking",0,0.214856,0,0,0.4,1,1,xlm-roberta-large
validation,516,Terpujilah engkau diantara para pemimpin,0,0.962988,1,1,0.4,0,0,xlm-roberta-large
validation,517,"[PLTS Mangkrak di Pulau Tunda, Salah Siapa?](<link>",0,0.229578,0,0,0.4,1,1,xlm-roberta-large
validation,518,"Live kagak begitu sering (CMIIW), tapi laporan progressnya sehari bisa 3 kali kek minum obat. Kek korban pihak kita sama pihak GAM gitu gitu",0,0.003945,0,0,0.4,1,1,xlm-roberta-large
validation,519,"iya juga sih, sayang ya kita menilai orang (dan",0,0.156362,0,0,0.4,1,1,xlm-roberta-large
validation,520,"Yup, lebih tebel darahnya kalo maen Coop.",0,0.291787,0,0,0.4,1,1,xlm-roberta-large
validation,521,bosen banget acara yang udah gak akurat kayak dulunya,0,0.008864,0,0,0.4,1,1,xlm-roberta-large
validation,522,Baru sehari dia udah bales2an twit sama cewe. Mana cewenya yang selama ini aku curigain lg. Hadeeeh.,0,0.011823,0,0,0.4,1,1,xlm-roberta-large
validation,523,Kalo gitu database perbankan di kertasin aja,1,0.327023,0,0,0.4,0,0,xlm-roberta-large
validation,524,Sesuai strategi. Mudik akan dipakai sebagai pressure release valve untuk kapasitas pelayanan medis Jabodetabek yang sudah overload.,1,0.193681,0,0,0.4,0,0,xlm-roberta-large
validation,525,Kok di keruk?? Mang masuk angin?? Xixixixi,0,0.194062,0,0,0.4,1,1,xlm-roberta-large
validation,526,seenggaknya macet mobil bisa ngebuat foto bagus pas malem,1,0.111096,0,0,0.4,0,0,xlm-roberta-large
validation,527,Kalo warna warni nanti dituduh mendukung lgbtqia+,1,0.964288,1,1,0.4,1,1,xlm-roberta-large
validation,528,udah berapa lama pake itu? sistemnya tinggal colok aja?,0,0.026734,0,0,0.4,1,1,xlm-roberta-large
validation,529,"Dulu kalo beli game bajakan disket di Gramedia ada, buku manualnya fotokopian dan cover belakangnya ada Saint Seiya-nya.",0,0.039269,0,0,0.4,1,1,xlm-roberta-large
validation,530,sebagai kompensasi kejombloannya kan maksudnya? paham kok,0,0.960287,1,1,0.4,0,0,xlm-roberta-large
validation,531,"Kalau ada kenalan orang Indo yg traveling ke US, bisa titip (tapi bayar ke mereka). Biasanya orang Indonesia yg memanfaatkan kesempatan akan buka jasa titip (jastip), jd mereka semacam kurirnya tp pakai bagasi pribadi. Di IG sering ada open jastip rute Indo dan bbrp kota di US. Atau coba cek komunitas Indonesian student di US, biasanya mereka memanfaatkan kesempatan pulang sambil mencari duit tambahan dengan menawarkan space di bagasi mereka",0,0.003124,0,0,0.4,1,1,xlm-roberta-large
validation,532,Tapi itu tidak mengubah kenyataan kalau pinjam meminjam uang itu tidak cocok dgn budaya ketimuran karena merupakan penemuan yahudi yang digunakan utk menguasai eropa sebelum permufakatan jahat mereka akhirnya terendus dan di gagal oleh ikhwan kumis.,1,0.50592,1,1,0.4,1,1,xlm-roberta-large
validation,533,"""Dokter jangan sok tau deh. Sini saya minta obat aja biar cepat sembuh""",1,0.431015,0,1,0.4,0,1,xlm-roberta-large
validation,534,"Sebenarnya sama, apalagi ada poin A di mana logikanya kita harus minta pengantar dari KTP tempat kita berasal.",0,0.0052,0,0,0.4,1,1,xlm-roberta-large
validation,535,Ini mah ada yg ngambil kredit terus baru nyadar bunga kredit yg harus dibayar kembalinya juga gede,1,0.113236,0,0,0.4,0,0,xlm-roberta-large
validation,536,Tukang sapu kebal hukum ya,0,0.962072,1,1,0.4,0,0,xlm-roberta-large
validation,537,Fb yg punya yahudi. Kalean semua ikut andil memperkaya yahudi membantai palestina awokawokawok,1,0.964422,1,1,0.4,1,1,xlm-roberta-large
validation,538,lowkey masih trauma gempa.....,0,0.100437,0,0,0.4,1,1,xlm-roberta-large
validation,539,"Lah saya mahasiswa S10 Whatsapp University. IDI ini ga usah ikut2an politik lah. Dokter ya fokus ngurusin pasien aja, tuh pasien masih banyak yang ditelantarkan! Ngomong beginian di media supaya bisa dapat bagian APBN lebih gede kan?",1,0.963712,1,1,0.4,1,1,xlm-roberta-large
validation,540,iirc Panadol biasa 500mg. Panadol extra 600mg + kafein.,0,0.02322,0,0,0.4,1,1,xlm-roberta-large
validation,541,Maksudnya hanya bertemu di luar (di depan) rumah teman? Benarkah?,0,0.04725,0,0,0.4,1,1,xlm-roberta-large
validation,542,penting kah pamer kemesraan di kolam renang publik?,0,0.48438,0,1,0.4,1,0,xlm-roberta-large
validation,543,Ribet banget tinggal copas file php ke folder htdocs nya xampp doang,1,0.213787,0,0,0.4,0,0,xlm-roberta-large
validation,544,nanti kalo makan ketularan gay,1,0.907476,1,1,0.4,1,1,xlm-roberta-large
validation,545,Gua jadi inget pernah ngeliat foto korban kecelakaan pesawat Sukhoi nabrak gunung salak dari pesan berantai BBM.,0,0.081666,0,0,0.4,1,1,xlm-roberta-large
validation,546,"Topik hot tahun ke tahun kaya ""kurang kapal patroli buat cegah illegal fishing"" masih jadi hot topic",0,0.034586,0,0,0.4,1,1,xlm-roberta-large
validation,547,Sama faktor ini menurut gw juga berpengaruh sih : Perpustakaan umum kita dikit banget.,0,0.007726,0,0,0.4,1,1,xlm-roberta-large
validation,548,"3. Ongkosnya PP 100. Nasi uduk 150, es 50. Per hari duit jajan 500",0,0.008429,0,0,0.4,1,1,xlm-roberta-large
validation,549,"Harus exploit sumber daya negara orang dulu bro, baru bisa jadi high income country",1,0.938067,1,1,0.4,1,1,xlm-roberta-large
validation,550,"untungnya, habis itu nyobain rasa yang lain dan cepat2 bertaubat.",0,0.194139,0,0,0.4,1,1,xlm-roberta-large
validation,551,"Karena gak ngudud, ngopi, dan istirahat setengah jam setiap sejam.",0,0.025299,0,0,0.4,1,1,xlm-roberta-large
validation,552,Kantor gw desperate biar orang2 pada balik WFO lagi 😂,0,0.048631,0,0,0.4,1,1,xlm-roberta-large
validation,553,"Ya gimana, 2 tahun terakhir bahkan ga masuk top 5",0,0.150465,0,0,0.4,1,1,xlm-roberta-large
validation,554,"Gw sebagai muslim yang taat tentu saja sedang setengah tidur saat khutbah jadi gw gk terlalu peduliin, tapi sampe sekarang malah bertanya-tanya.",0,0.279976,0,0,0.4,1,1,xlm-roberta-large
validation,555,"Nggg, anu, itu, em....",0,0.127816,0,0,0.4,1,1,xlm-roberta-large
validation,556,"selain sea level naik, dararan pulau jawa khususnya daerah DKI dan sekitarnya juga terus tenggelam. Kurangi penggunaan air tanah",0,0.912202,1,1,0.4,0,0,xlm-roberta-large
validation,557,"Dengan jujur, om sudah masuk strata tertinggi di perwibuan dengan menikahi orang jepang. No, no. saya bukan senpai yang tepat.",1,0.925027,1,1,0.4,1,1,xlm-roberta-large
validation,558,"biasanya mereka panggilan sih. jadi kamu janjian, book hotel, terapis datang.",0,0.010611,0,0,0.4,1,1,xlm-roberta-large
validation,559,Penerjemah B. Inggris pasarnya sudah saturated atau masih sangat banyak dibutuhkan?,0,0.092278,0,0,0.4,1,1,xlm-roberta-large
validation,560,mau liat contoh soal utbk dunk,0,0.279533,0,0,0.4,1,1,xlm-roberta-large
validation,561,3. Bikin video klarifikasi kayak Redditor ngetik,1,0.092278,0,0,0.4,0,0,xlm-roberta-large
validation,562,"Apa yang lu maksud, mungkin yang over-ear headphone suaranya 'keluar' karena soundstage-nya lebih luas.",0,0.008156,0,0,0.4,1,1,xlm-roberta-large
validation,563,"Hanya positive di rapid test ga masuk ke ""Jumlah Kasus Korona"" yang diumumkan setiap sore.",0,0.076477,0,0,0.4,1,1,xlm-roberta-large
validation,564,Nyebarin beritanya atau kasih tau kabarnya its okay,0,0.066569,0,0,0.4,1,1,xlm-roberta-large
validation,565,soalnya dibagi2 per room gitu,0,0.014476,0,0,0.4,1,1,xlm-roberta-large
validation,566,"Betul banget, pengalaman gw sekolah isinya cowo semua dari SMP dan SMA, setelah 3 tahun mulai rame yang jadi gay, lalu guru2nya pun mulai berubah jadi gay, lalu setelah lulus SMA, lulusannya 100% gay.",1,0.032161,0,0,0.4,0,0,xlm-roberta-large
validation,567,"remindme! 2 years ""udah nambah berapa kilo?""",0,0.063599,0,0,0.4,1,1,xlm-roberta-large
validation,568,"Ada MT yg emg top bgt (biasanya perusahaan2 bonafit) yg gajinya OK dan metodenya bagus, ada jg yg ampas dan gajinya pas2 an",0,0.008,0,0,0.4,1,1,xlm-roberta-large
validation,569,Gara2 2 minggu lalu gw covid alhasil krn gabut isoman gw donlod2 deh tuh game baru. Tdnya gw main NIKKE jg tp akhirnya gw delete. Sisa 3 game itu,0,0.013197,0,0,0.4,1,1,xlm-roberta-large
validation,570,"* Di rak daerah kasir ambil beng-beng yg 1500an. Bayar pake kembalian tadi, koin seribu &amp; permen seharga brp ratus itu. Kembalian tadi lebih gede dari harga beng-beng. Bilang ke kasir, ""simpen aja kembaliannya""",0,0.009746,0,0,0.4,1,1,xlm-roberta-large
validation,571,"oot dikit, perna pas di singapur numpang toilet mesjid gr gr lagi makan nasi padang di arab street kebelet pipis, kaget toiletnya gede dan bersih banget",0,0.023712,0,0,0.4,1,1,xlm-roberta-large
validation,572,"Silahkan menuju App Digital Korlantas. Semua Online, SIM Dikirim. ASEK GA TUH",0,0.19853,0,0,0.4,1,1,xlm-roberta-large
validation,573,bareng palestina dong... seperti Aku Cepat Tanggap,1,0.9633,1,1,0.4,1,1,xlm-roberta-large
validation,574,"context: &gt;!lagi nyepi dan ibu kos masak, ibu kos nyuruh gue buat ajak anak kos lain makan!&lt;",0,0.042444,0,0,0.4,1,1,xlm-roberta-large
validation,575,"Kasih uang/makanan gratis aja tiap bulan, dijamin yakin dan pasti nurut dan gak ada komplain satu pun mesti gak boleh keluar rumah 3 bulan. Iya kan?",1,0.467241,0,1,0.4,0,1,xlm-roberta-large
validation,576,Fix ga pernah main jauh,0,0.895386,1,1,0.4,0,0,xlm-roberta-large
validation,577,Wah rupanya petinggi negara kita weabo,0,0.963575,1,1,0.4,0,0,xlm-roberta-large
validation,578,dapet darimana kalo boleh tahu?,0,0.005555,0,0,0.4,1,1,xlm-roberta-large
validation,579,dibawah 15 mnt ke 80%,0,0.057229,0,0,0.4,1,1,xlm-roberta-large
validation,580,Ada yg tau tren mobil TAFT ndangak ndak?,0,0.281998,0,0,0.4,1,1,xlm-roberta-large
validation,581,gak tau dah gw baca di kontan itu doang katanya,0,0.110759,0,0,0.4,1,1,xlm-roberta-large
validation,582,Jadi ini buat kurir/tokopedia bukan ke penjual,0,0.012797,0,0,0.4,1,1,xlm-roberta-large
validation,583,"&gt; Ia menambahkan, kalau bicara tentang Testimony Based Medicine, Terawan dengan 40.000 pasien, ‘rating ‘nya masih jauh di bawah Ponari yang dengan batu akik nya bisa menyembuhkan lebih dari 45,000 pasien.",0,0.05455,0,0,0.4,1,1,xlm-roberta-large
validation,584,"enak banget, bikin sendiri apa dari coco ichibanyak?",0,0.009898,0,0,0.4,1,1,xlm-roberta-large
validation,585,sebenernya ini syukuran sunatan yombek kan 🥳🥳🥳,0,0.963609,1,1,0.4,0,0,xlm-roberta-large
validation,586,Ablo — text &amp; video chat (setelah saling kirim beberapa message),0,0.002901,0,0,0.4,1,1,xlm-roberta-large
validation,587,"Wajar kalau awal-awal, nanti makin lama ngga akan senervous ini.",0,0.0545,0,0,0.4,1,1,xlm-roberta-large
validation,588,Udah untung Wawan dikasih hidup.,1,0.900267,1,1,0.4,1,1,xlm-roberta-large
validation,589,"timurnya Indonesia itu Vanuatu, jelas kita harus mencontoh mereka dengan mengakui kemerdekaan Papua Barat",1,0.962603,1,1,0.4,1,1,xlm-roberta-large
validation,590,"Ketika ada hawa2 udin petot gw cari kegiatan lain selain bengong2 fantasizing things (ketika puasa). Biasanya berakhir di scroll2 IG, denger kajian di YT, atau video2 shitposting. Dan ketika malam hari, gw biasanya mandi dan ga bawa hp. Tujuan mandi biar fresh supaya cepet tidur, kalo ga bisa tidur gw alihin pikiran ke kegiatan2 lain (game, browsing, nonton). Atau, gw sekedar keluar cari jajanan di indomaret.",0,0.011665,0,0,0.4,1,1,xlm-roberta-large
validation,591,"Hmm ampir 1bulan pertama gue nebeng di rumah dosen sih. Abis itu krn tunangan saat itu mo pindah ke state gue (n kebetulan kampus gak punya family apartment), jadi lebih enak n murah kedepannya kalau apart sendiri. Rata2 univ housing mahal sih di US. Kalau EU iyaa enak banget... bisa cuman 200-300euro sebulan, di sini minimal 600-700an. Di kampus2 yg lebih beken, yaa expect 900-1,400 sebulan. 😅😅",0,0.002274,0,0,0.4,1,1,xlm-roberta-large
validation,592,semoga to the moon setelah halving,0,0.520496,1,1,0.4,0,0,xlm-roberta-large
validation,593,"Hahaha gimana yaa, emang harus lebih kepoan sih, earnestly curious about people as a person gitu. Terus bisa dimulai dgn nanya hal2 yg agak umum tp bisa diprobing sampe dalem. Lama2 jadi bisa utk konek ke orang lain dgn lebih gampang.",0,0.003559,0,0,0.4,1,1,xlm-roberta-large
validation,594,"Urusan redditor untuk benci, urusan BTP untuk be the bigger man.",1,0.780788,1,1,0.4,1,1,xlm-roberta-large
validation,595,ikut kontes seleraku sana,0,0.790611,1,1,0.4,0,0,xlm-roberta-large
validation,596,Tentara itu harus HITAAAM,1,0.847558,1,1,0.4,1,1,xlm-roberta-large
validation,597,Btw daripada si mama reviewer ane lebih seneng sama Forrest's reviewnya,0,0.050565,0,0,0.4,1,1,xlm-roberta-large
validation,598,"Gak perlu apology lah, ntar pake meterai doang diterima",1,0.962285,1,1,0.4,1,1,xlm-roberta-large
validation,599,Untung ga di praktekkan kemarin,1,0.170854,0,0,0.4,0,0,xlm-roberta-large
validation,600,"Jadi kalau ada koneksi LAN ke komputer lain pakai switch 1Gbps, pakai yang minimal USB 3.0. Kalau cuma colok ke modem bawaan provider USB 2.0 juga sebetulnya cukup.",0,0.020293,0,0,0.4,1,1,xlm-roberta-large
validation,601,"tru, but msh ada resiko lu jebaited jg toh",0,0.184473,0,0,0.4,1,1,xlm-roberta-large
validation,602,Anak muda jaman skrg gk pernah serius kalau kerja. Masa ke kantor kayak ke mall. Ke kantor tuh pake blazer dan sepatu pantofel,1,0.64994,1,1,0.4,1,1,xlm-roberta-large
validation,603,"Dasar nazi eugenik, maksudnya apa? Gak boleh gitu orang cacat punya anak yang kondisinya juga cacat? Ini nih dampak LIBERALISME terhadap perkembangan MORAL masyarakat yang menghasilkan individual CONSOOMER.",1,0.929632,1,1,0.4,1,1,xlm-roberta-large
validation,604,anjeng helm gw ilang,0,0.204104,0,0,0.4,1,1,xlm-roberta-large
validation,605,Night comes from us garapan joko anwar juga netflix original,1,0.029845,0,0,0.4,0,0,xlm-roberta-large
validation,606,Ngga ah camtikan jimin,1,0.83152,1,1,0.4,1,1,xlm-roberta-large
validation,607,"jangan sampe deh, kalo sampe kejadian kayaknya bakal gede.",0,0.044848,0,0,0.4,1,1,xlm-roberta-large
validation,608,> Ngorbanin waktu = kerja,0,0.105349,0,0,0.4,1,1,xlm-roberta-large
validation,609,"duduk di meja, bule gendeng",1,0.025444,0,0,0.4,0,0,xlm-roberta-large
validation,610,Semangat jiwa muda akan selalu membara,0,0.365683,0,0,0.4,1,1,xlm-roberta-large
validation,611,2020: Kendaraanmu bernafas udah mulai dipajakin.,0,0.075448,0,0,0.4,1,1,xlm-roberta-large
validation,612,"Sama kaya driverless car pada awalnya, tetap ada manusia untuk mengambil alih. Pemilik kereta belum pasti 100%, jadi tetap ada masinis untuk ambil alih kalau terjadi sesuatu dengan sistem kereta.",0,0.018142,0,0,0.4,1,1,xlm-roberta-large
validation,613,ternyata ntar pas umur 25 malah pindah ke Canggu..,0,0.157914,0,0,0.4,1,1,xlm-roberta-large
validation,614,"Gausah dengerin argumen dan omongan mereka. Buzzer semua itu, apapun dipake buat bela pemerintah.",0,0.137822,0,0,0.4,1,1,xlm-roberta-large
validation,615,Sarapan: bubur ayam/bubur kacang ijo/roti 5-10K,0,0.00326,0,0,0.4,1,1,xlm-roberta-large
validation,616,"Soalnya mereka cuma bisa lapor, nggak bisa melakukan penangkapan/pemeriksaan.",0,0.023735,0,0,0.4,1,1,xlm-roberta-large
validation,617,"Lapor Pak Kyai,,, ini orangnya yang suka ngeritik jabatan wakil presiden. Wkwkwkwkwk",1,0.220468,0,0,0.4,0,0,xlm-roberta-large
validation,618,"Disisi lain, Indo harusnya belum cukup berkualitas buat kualifikasi ke Piala Asia.",0,0.156041,0,0,0.4,1,1,xlm-roberta-large
validation,619,"1. Bener kalo pemerintah Jerman lagi kesulitan mencari pekerja2 yang selama ini lulusan ausbildung kayak perawat, tukang, dll (at least pre-covid).",0,0.006426,0,0,0.4,1,1,xlm-roberta-large
validation,620,Emang pada bawa lilin lmaoooo udah kek korban kejahatan HAM luar biasa aja sumpa lebay bgt. Ga sekalian dibikinin aksi kamisan juga? Lol,0,0.374869,0,0,0.4,1,1,xlm-roberta-large
validation,621,"Jadi ya mau 1 idr = 1000 jpy juga gak ngepek kalau daya belinya tetep sama, cuma angkanya aja yg keliatan keren secara psikologis",0,0.008695,0,0,0.4,1,1,xlm-roberta-large
validation,622,Jadi klo tes TWK dibuat TNI berarti TNI mendukung koruptor dong?,1,0.963472,1,1,0.4,1,1,xlm-roberta-large
validation,623,bapak bapak korporat suka pijit karena:,0,0.15772,0,0,0.4,1,1,xlm-roberta-large
validation,624,"Reminder, hari  ini 20 Desember 2022 BBCA bagi2  Dividen Interim",0,0.08772,0,0,0.4,1,1,xlm-roberta-large
validation,625,"apa sih euphoria masing2 narkoba ? perlu bikin AMA nih kayanya wakka. abis AMA polisi, AMA user.. WKAWKAKWK petjah da..",0,0.0197,0,0,0.4,1,1,xlm-roberta-large
validation,626,Momo pasti kena sensor terus,0,0.3027,0,0,0.4,1,1,xlm-roberta-large
validation,627,"Uhh... Maksudnya morality? Perbuatan baik, perbuatan jahat, begitu?",0,0.553053,1,1,0.4,0,0,xlm-roberta-large
validation,628,Mo yg wibu atau mo yg sedi,0,0.800887,1,1,0.4,0,0,xlm-roberta-large
validation,629,"Yoi, pernah di hipnotis pas di jepang kemaren. Tau2 pas sadar, bokong w sakit, trs leaking precum dikit",1,0.016435,0,0,0.4,0,0,xlm-roberta-large
validation,630,Gw semalem baru nonton film judulnya Benedetta dan ceritanya tentang biarawati lesbian kebetulan apa ini,0,0.078148,0,0,0.4,1,1,xlm-roberta-large
validation,631,"Emang siapa suruh lu harus bangga?? Pendapat lu pendapat lu, pendapat gua ya pendapat gua. Ya saling respek aja, cara bicara lu sombong amat cuy.",0,0.50891,1,1,0.4,0,0,xlm-roberta-large
validation,632,"kebanyakan mimpi buruk belakangan ini, gimana ya biar setiap tidur gak ada mimpi sama sekali",0,0.095687,0,0,0.4,1,1,xlm-roberta-large
validation,633,"Seri Terminator selesai di T2 kali, ga ada yg namanya Terminator 3.",1,0.915771,1,1,0.4,1,1,xlm-roberta-large
validation,634,"peraturan goal home away masih berlaku gak sih? misal madrid 1-0 city, madrid yang lolos karena menang goal away 4-3 dikandang city",0,0.055618,0,0,0.4,1,1,xlm-roberta-large
validation,635,kenalan lu yang alergi nasi masi idup gak tuh??,1,0.850282,1,1,0.4,1,1,xlm-roberta-large
validation,636,"Pas pertama baca, tulisan 'se'-nya ga kebaca",0,0.067793,0,0,0.4,1,1,xlm-roberta-large
validation,637,Go for it kalo lu bukan sandwich gen dan ada dana darurat.,0,0.233619,0,0,0.4,1,1,xlm-roberta-large
validation,638,Itu lah namanya LubanG BuntuT 😂😂😂,0,0.345519,0,0,0.4,1,1,xlm-roberta-large
validation,639,"Kita dukung Cina lockdown, gak kayak Barat yg suka menyinggung HAM.",1,0.397105,0,0,0.4,0,0,xlm-roberta-large
validation,640,Owalah kerja toh. Ya wis ditunggu,0,0.963161,1,1,0.4,0,0,xlm-roberta-large
validation,641,"oh wait, memang-nya privacy di negara ini dihargai?",1,0.912045,1,1,0.4,1,1,xlm-roberta-large
validation,642,Di sentosa ya?,0,0.341006,0,0,0.4,1,1,xlm-roberta-large
validation,643,"Jangan lupa, sekarang udah gk perlu beli RAM. Udah bisa download RAM gratis.",1,0.445741,0,1,0.4,0,1,xlm-roberta-large
validation,644,Loop masa pakainya tergantung pmk... Minim 7k dpt masa aktif sebulan,0,0.081739,0,0,0.4,1,1,xlm-roberta-large
validation,645,RK jadi presiden : Maglev Jakarta-Puncak?,0,0.794664,1,1,0.4,0,0,xlm-roberta-large
validation,646,"Kalo nggak ikhlas ya nggak usah kerja. Resign aja, toh yang bikin Corona hilang itu doa Qunut.",1,0.964254,1,1,0.4,1,1,xlm-roberta-large
validation,647,"bahagia itu gak diukur dari angka2 itu... safety net itu penting, nabung/investasi jangan tunggu lu nikah or punya anak, mulai dari sekarang. mumpung masih mudah fokus aja ke karir lu, jodoh itu berjalan beriringan dengan karir kok (uhuk.. dah kaya..uhuk)",0,0.070752,0,0,0.4,1,1,xlm-roberta-large
validation,648,Seluruh penjuru kota-a,0,0.233444,0,0,0.4,1,1,xlm-roberta-large
validation,649,"u dtg ke ortunya rada2 lowkey shombonk dikit, yakin w di accept kok, pindah agama bilang pindah iyain tp yagitu ktp aja, syukur2 kalo mo memperdalam, selama ente bisa ngempanin yg bener mereka nerima kok, temen casenya ada yg kek ente soale, adem2 aja uda anak 2 lakinya juga pelan2 belajar agama wqwq",0,0.112308,0,0,0.4,1,1,xlm-roberta-large
validation,650,"BTW Dihydrogen Monoksida itu limbah hasil pembakaran Gaesss, dan tiap tahunnya tumpahnya bahan kimia ini menyebabkan kerusakan lingkungan, ekonomi dan kesehatan masyarakat dan merupakan ancaman paling serius kota Jakarta hingga Jokowi ingin pindahkan ibukota. Ingat ya  bahan kimia inilah yang kubu Ahok mengatakan buang saja ke laut, Hii serem ya kok ga takut merusak lingkungan, dan kaum pendukung rezim kejam ini kok mau ya disuntikkan limbah kimia ini???",1,0.575569,1,1,0.4,1,1,xlm-roberta-large
validation,651,Pengen punya pacar kayak mbak u/mayamustika,0,0.102709,0,0,0.4,1,1,xlm-roberta-large
validation,652,Ya biar diomongin netijen lah,0,0.962883,1,1,0.4,0,0,xlm-roberta-large
validation,653,"Deket ama orang yang suka cerita sedih, 'aku lonely bgt, gak ada yang mau temenan ama aku, aku suka dijauhin di kantor huhu makan di kantin sendirian 😢😢', only to find out that he's a massive asshole yang paling demen play victim dan ngerasa sebagai si paling tertindas. Oalah. Pantes aja gak pernah punya temen. Lu suka merlakuin orang kayak mereka lebih goblok drpd lu. Lu selalu kudu jadi yg paling bener. Lu suka guilt tripping orang supaya nurutin mau lu. Lu obsesif, gak bisa liat orang butuh waktu privasi sendiri.",0,0.055413,0,0,0.4,1,1,xlm-roberta-large
validation,654,"Sisanya tempat kampus, sekolah, mesjid, restoran kecil, alfa/indomaret, tempat yang umumnya ramai dan outdoor, suka kotor toilet nya",0,0.005946,0,0,0.4,1,1,xlm-roberta-large
validation,655,"Dulu ada namanya whatsup, di margonda depok. Sekarang mah ga ada kayaknya",0,0.018125,0,0,0.4,1,1,xlm-roberta-large
validation,656,&gt;Skrg gue lagi nganterin gue ambil pensiun,0,0.035779,0,0,0.4,1,1,xlm-roberta-large
validation,657,"penasaran, itu vocal nya pake suara dia (org indo) sendiri? ga kerasa suara indonya",0,0.087564,0,0,0.4,1,1,xlm-roberta-large
validation,658,"Dijemputnya pakai mobil van butut tulisan ""Free Ice Cream""",0,0.101056,0,0,0.4,1,1,xlm-roberta-large
validation,659,Saingannya juga. agung podomoro untuk harmoni,0,0.936431,1,1,0.4,0,0,xlm-roberta-large
validation,660,Kamu tinggal di Uganda?,0,0.835551,1,1,0.4,0,0,xlm-roberta-large
validation,661,Nggak pernah lihat mesin fax di kantor. Ngeprint aja udah nggak pernah.,0,0.039602,0,0,0.4,1,1,xlm-roberta-large
validation,662,Kasi gw aja,0,0.80525,1,1,0.4,0,0,xlm-roberta-large
validation,663,saya percaya klaim polisi karena polisi pasti benar,1,0.908252,1,1,0.4,1,1,xlm-roberta-large
validation,664,"\- akses ke fasilitas dan alat-alat penting kayak solder, pc, komponen listrik dsb.",0,0.012147,0,0,0.4,1,1,xlm-roberta-large
validation,665,Pajak untuk bonus pejabat,1,0.557183,1,1,0.4,1,1,xlm-roberta-large
validation,666,Mungkin yang kemaren kopdar with friends? atau Field Report kopdar di Melly?,0,0.085099,0,0,0.4,1,1,xlm-roberta-large
validation,667,mbak jeni bisa,0,0.349921,0,0,0.4,1,1,xlm-roberta-large
validation,668,"gak ada industri yang nyerap, ingat dulu proyek 35k mw dimulai dengan asumsi kedepannya di indonesia bakal tumbuh banyak pabrik tapi ya kenyataannya gitu deh",0,0.052765,0,0,0.4,1,1,xlm-roberta-large
validation,669,"hati-hati a, thailand lagi hawa panas. Udah banyak ladyboi thai yang hot+cuaca hot entar jadi pingsan 😫💀",0,0.032992,0,0,0.4,1,1,xlm-roberta-large
validation,670,"hubungannya apa gerakan hak warga sipil sama CIA? wong COINTELPRO aja kerjaannya FBI, bukan CIA.",0,0.034133,0,0,0.4,1,1,xlm-roberta-large
validation,671,Banyak naturalisasi dong nnti,1,0.962497,1,1,0.4,1,1,xlm-roberta-large
validation,672,Bahas apaan? Power level apa plot?,0,0.075653,0,0,0.4,1,1,xlm-roberta-large
validation,673,Ya karena pinjam bank itu riba,1,0.963437,1,1,0.4,1,1,xlm-roberta-large
validation,674,Nyari resource apa ini?,0,0.039937,0,0,0.4,1,1,xlm-roberta-large
validation,675,Heh kamu kan istirahatnya 2 kali bersyukur dong,1,0.962918,1,1,0.4,1,1,xlm-roberta-large
validation,676,Tuh terbukti semakin banyak punya uang semakin bahagia. Kata siapa uang ga bisa memberi kebahagiaan?,0,0.962497,1,1,0.4,0,0,xlm-roberta-large
validation,677,"Salah input data, namanya pasaran kali",1,0.962778,1,1,0.4,1,1,xlm-roberta-large
validation,678,"Permen model gmn nih? Permen gula2 kapas pake rasa2 permen, ada rasa buah, menthol, kopi, bubble gum, bobba, dsb",0,0.010966,0,0,0.4,1,1,xlm-roberta-large
validation,679,Iya mau masang kabelnya dia. Lagi rapihin kabel.,0,0.083516,0,0,0.4,1,1,xlm-roberta-large
validation,680,Bro ini kenapa disaster banget,0,0.649527,1,1,0.4,0,0,xlm-roberta-large
validation,681,Kita colonize caucasian buat ajarin mereka cebok pake air ga pake tisu doang kek waktu Al-andalusia colonize Iberian peninsula buat ngajarin orang iberia cara mandi biar ga bau dan jadi bangsa terbersih seeropa wkwkwkw.,0,0.964921,1,1,0.4,0,0,xlm-roberta-large
validation,682,Please denger yang I’ll Take You Home!,0,0.254972,0,0,0.4,1,1,xlm-roberta-large
validation,683,"biasanya sih ke istri/ suaminya ya, tp kynya ga ada larangan untuk waris ke anak juga. bayangin kalau disini dpr bisa ky gini, udah ky sistem kerajaan banget kan",0,0.235372,0,0,0.4,1,1,xlm-roberta-large
validation,684,Lu bukan Jugemu Jugemu kan?,1,0.27159,0,0,0.4,0,0,xlm-roberta-large
validation,685,"Lah gimana si bang, lu lebih terbuka sama psk ketimbang istri lu yg udh 5thn pacaran. Jd selama ini ngapain aja bang? I’m read this like whaaaaaattt",1,0.126353,0,0,0.4,0,0,xlm-roberta-large
validation,686,"Kalau macam pion ngga pakai. Kenapa? Satu, biaya. Mahal cuy. Kebanyakan prajurit itu orang-orang kalangan bawah, beli senjata pedang dan tameng aja udah mahal, apalagi baju.",0,0.111483,0,0,0.4,1,1,xlm-roberta-large
validation,687,sepertinya kita seumuran kalau 2005-2008 sma,0,0.964018,1,1,0.4,0,0,xlm-roberta-large
validation,688,ini beneran deh. tetep aja gw geleng2 kepala gegara mereka juga ada aja beredar isu ttg gw dan itu ngefek juga ke social life.,0,0.004619,0,0,0.4,1,1,xlm-roberta-large
validation,689,Ceweknya ngambek marah nggak tau masalahnya apa. Cowoknya malam kekuburan menangis didepan kubur bapak ceweknya. Ketahuan teman dia minta jemput malam dikuburan terus pulangnya mandi hujan dihalaman rumah temannya mirip film orang lagi patah hati,0,0.044473,0,0,0.4,1,1,xlm-roberta-large
validation,690,Lebih mending kawin sama ayam daripada sesama jenis sih,1,0.834002,1,1,0.4,1,1,xlm-roberta-large
validation,691,Tp gk tercermin dalam kebijakan pemerintah untuk pandemi ini. Kl ini bukan,1,0.009413,0,0,0.4,0,0,xlm-roberta-large
validation,692,"naik mobil aja bisa abisin waktu 20 menitan. ini lari dari ujung ke ujung + kena angin di atas itu, bisa berapa jam?",0,0.010449,0,0,0.4,1,1,xlm-roberta-large
validation,693,"Ya ga ada lagi yang bagus, mungkin kalo ada anies rizieq gw akan coba pilih anies.",1,0.963472,1,1,0.4,1,1,xlm-roberta-large
validation,694,"Udah revisian sidang? kalau belum, then the fight ain't over yet. Legah nya itu setelah kelarin revisian sidang dan dapat persetujuannya.",0,0.004031,0,0,0.4,1,1,xlm-roberta-large
validation,695,Yes. Coba aja cek profilnya dia. Ada yg post fb nya disini. Coba scroll aja,0,0.013611,0,0,0.4,1,1,xlm-roberta-large
validation,696,Hati kecil saya berharap WFH bisa terus2an walaupun pandemi berakhir.,0,0.090977,0,0,0.4,1,1,xlm-roberta-large
validation,697,Itu pinter2 lo milih cowo sama cara lo membuat kehidupan keluarga jadi bahagia,0,0.714553,1,1,0.4,0,0,xlm-roberta-large
validation,698,"Mungkin karena arsitek sebenernya enggak boleh jualan gambar doang? CMIIW tapi kalo enggak salah gue pernah dijelasin tugas arsitek tuh sebenernya bukan cuma gambar, tapi mulai dari wawancara sama klien, survey, bikin anggaran, bikin rencana pembangunan sampau ngawasin pembangungannya. Kalau cuma jualan gambar di olshop berarti banyak step yang diskip",0,0.005501,0,0,0.4,1,1,xlm-roberta-large
validation,699,Mending kalo cuman tiongkok yang kena. Biasanya muncrat ke tionghua Indo sekalian.,0,0.164651,0,0,0.4,1,1,xlm-roberta-large
validation,700,"Jual di instgagram gampang kok , cek gameconsign , luxgamelab , ezskin.sply  gw dh pernah transaksi disitu trusted semua .",0,0.004332,0,0,0.4,1,1,xlm-roberta-large
validation,701,"Makaudnya juga, untuk ada syndrom ato gangguan kepribadian/mental apa gt",0,0.03359,0,0,0.4,1,1,xlm-roberta-large
validation,702,"Bukan nyaranin sih, tp yg paling fair itu judi yg berhubungan ama pertandingan entah bola, basket atau bahkan pilpres, karena hasilnya jelas dipampang depan umum",0,0.016466,0,0,0.4,1,1,xlm-roberta-large
validation,703,"Yeah, basically this, hidup normal seperti pada umumnya",0,0.208018,0,0,0.4,1,1,xlm-roberta-large
validation,704,Betul sekali. Kita harus melihat dia dengan pandangan *wah*. Pokoknya harus tunduk dan setuju.,0,0.373962,0,0,0.4,1,1,xlm-roberta-large
validation,705,Sbenarnya bagusan mata uang kita menguat sih.. Tapi kalau yg udh terlanjur invest dollar jadi rugi... Serba salah .\_\_\_.,0,0.299668,0,0,0.4,1,1,xlm-roberta-large
validation,706,"wkwk beda zona waktu, dia di yurop soalnya",0,0.009179,0,0,0.4,1,1,xlm-roberta-large
validation,707,&gt; Ini membangun birokrasi dan institusi yang kompeten seperti yang lu mau ya wajib trial and error and readjusment. Belajar kebijakan dari negara lain kalau ga coba diterapin ya ga akan ada pengalaman.,0,0.056548,0,0,0.4,1,1,xlm-roberta-large
validation,708,kalau tinggalnya dipedesaan jualan ciu aman gan :v,0,0.319732,0,0,0.4,1,1,xlm-roberta-large
validation,709,"Yaa, klo gak dibawa dr toilet gapapalah.",0,0.292974,0,0,0.4,1,1,xlm-roberta-large
validation,710,Kalo jadi requirementnya lumayan tinggi. Realitanya di indo banyak juga bule kismin.,0,0.015574,0,0,0.4,1,1,xlm-roberta-large
validation,711,Anjir jadi ngakak liat suratnya Soekarno yg pengin ketemu istrinya dengan ngasih threat ngesabotage negaranya sendiri wkwkw,0,0.181336,0,0,0.4,1,1,xlm-roberta-large
validation,712,Kalo pake drone ya yg masuk surga drone nya dong bukan orangnya,1,0.963609,1,1,0.4,1,1,xlm-roberta-large
validation,713,this is very stupid. ini namanya pengen kurus dengan cara instan. don’t ever do this,0,0.962953,1,1,0.4,0,0,xlm-roberta-large
validation,714,Anyway lekas pulih dan stay safe yaa,0,0.038975,0,0,0.4,1,1,xlm-roberta-large
validation,715,1. manual testing &gt; butuh skill dokumentasi dan komunikasi aja. tools biasanya pake jira + testrail atau excel buat dokumentasi bug dan testcase,0,0.005385,0,0,0.4,1,1,xlm-roberta-large
validation,716,"Diet itu ga harus laper kalo pilihan makanan lo bagus. Dada ayam grill sama buncis, kol, ato brokoli itu rendah kalori dan ngenyangin.",0,0.020313,0,0,0.4,1,1,xlm-roberta-large
validation,717,Well kalo gak suka kan bisa banding,1,0.624594,1,1,0.4,1,1,xlm-roberta-large
validation,718,"Saya kebetulan ateis, tapi kalo ada higher power di atas sana, tolong berkatilah semua pabrik pembuat mainan anjing di dunia.",0,0.95297,1,1,0.4,0,0,xlm-roberta-large
validation,719,"2023 target ketergantungan insulin meningkat, yuk bisa yuk",1,0.887156,1,1,0.4,1,1,xlm-roberta-large
validation,720,Tadi pagi mimpinya nyariin WC gara2 sakit perut. Ternyata pas bangun sakit perut beneran. Pas nyampe WC juga &gt;! mencret!&lt; dong,0,0.0451,0,0,0.4,1,1,xlm-roberta-large
validation,721,dibawa ke rumah ibadah terdekat,1,0.397281,0,0,0.4,0,0,xlm-roberta-large
validation,722,"pengen aja gw tampol ortunya tapi udahlah, what can i do?",0,0.962568,1,1,0.4,0,0,xlm-roberta-large
validation,723,Pokemon soul silver second ori kira kira bisa gw jual berapaan ya?,0,0.087486,0,0,0.4,1,1,xlm-roberta-large
validation,724,Hahahaha gue ketemu bini pas awal pandemi bulan februari 2020.,0,0.0771,0,0,0.4,1,1,xlm-roberta-large
validation,725,I speak English little little sir (saya hanya bisa Inggris dikit dikit jagung tinggi),0,0.144994,0,0,0.4,1,1,xlm-roberta-large
validation,726,kdg iri sama temen yg telpan sm pacarnya sambil curhat kesehariannya 🥺,0,0.017797,0,0,0.4,1,1,xlm-roberta-large
validation,727,"Ada apa nih nyari hp 512gb, baru menang undian?",1,0.677461,1,1,0.4,1,1,xlm-roberta-large
validation,728,Kalian yang belom nikah tapi sudah ada persetujuan dgn pasangan bahwa hubungan kalian itu serius menuju ke pernikahan:,0,0.066995,0,0,0.4,1,1,xlm-roberta-large
validation,729,Kamu sudah memiliki pacar belum?,0,0.406494,0,1,0.4,1,0,xlm-roberta-large
validation,730,"""Lah terus Islam kok bisa kayak gitu sekarang sementara Kristen lebih chill?""",0,0.963712,1,1,0.4,0,0,xlm-roberta-large
validation,731,"Ya tapi concern orang ""aduh kelamaan duduk, nanti di usir ga ya?"" Pasti ada, kecuali yg udah terbiasa atau pernah duduk lama di starbuck",0,0.016403,0,0,0.4,1,1,xlm-roberta-large
validation,732,semoga aman semuanya,0,0.811937,1,1,0.4,0,0,xlm-roberta-large
validation,733,pantesan susah menang ngelawan jokowi..,0,0.866133,1,1,0.4,0,0,xlm-roberta-large
validation,734,"Bayangin udah susah susah kerja, di porotin pajak ini itu, duitnya dipake gaji cowo cewe pripilej ga jelas kerjanya.",0,0.36693,0,0,0.4,1,1,xlm-roberta-large
validation,735,Disuruh anyar royalty Pakai lagu baby shark kali,1,0.963814,1,1,0.4,1,1,xlm-roberta-large
validation,736,"Lagipula ""katanya kan kena tembak"" lukanya mau separah apa sih ? Orang yang otopsi biasanya biasanya bisa ""ngerapihin"" kalau cuma luka tembak",0,0.026989,0,0,0.4,1,1,xlm-roberta-large
validation,737,"ta ta tapi kan pakar UI bukan ahli agama, yang ahli itu imam besar kami!",1,0.963916,1,1,0.4,1,1,xlm-roberta-large
validation,738,"Ada 2 tipe org didunia, 1. Yg bisa bedain mana sarkasme tanpa",1,0.157072,0,0,0.4,0,0,xlm-roberta-large
validation,739,"Ya masuk akal juga sih, kan demi melestarikan budaya Minangkabau. Langkah yang sudah tepat.",1,0.962568,1,1,0.4,1,1,xlm-roberta-large
validation,740,"Kalau saya, langsung jump in ke android studio nya, cari di dokumentasi kotlinnya kalau lagi butuh sesuatu, misal for nya gimana, dll",0,0.00909,0,0,0.4,1,1,xlm-roberta-large
validation,741,Itu kan wajib kalo gk ikut apa kena tegur atau ada hukumannya ya?,0,0.082328,0,0,0.4,1,1,xlm-roberta-large
validation,742,"Inilah pemerintah yang transparan ,semua dokumen bisa diakses",1,0.907967,1,1,0.4,1,1,xlm-roberta-large
validation,743,"Sombong tidak sombong juga tak tergantung apa yang kamu ucapkan. Isi dari perkataan juga bukan apa yang kamu ucapkan. Tapi, tergantung apa yang diterima oleh pendengar. Jadi, ekspresi juga konteks berpengaruh.",0,0.003552,0,0,0.4,1,1,xlm-roberta-large
validation,744,akhir2 ini buka sub ini cmn buat nimbrung di dct,0,0.010249,0,0,0.4,1,1,xlm-roberta-large
validation,745,- dapat berbicara dengan hewan,0,0.134321,0,0,0.4,1,1,xlm-roberta-large
validation,746,Sinopak basiannya bikin laper kali yha 😂,0,0.055823,0,0,0.4,1,1,xlm-roberta-large
validation,747,Seberapa sering kalian beli cukur jenggot? Apakah merek dan harga menentukan?,0,0.011051,0,0,0.4,1,1,xlm-roberta-large
validation,748,gw terakhir makan indomie sekitar Januari awal,0,0.039379,0,0,0.4,1,1,xlm-roberta-large
validation,749,Bisa dipasain gitu dengan naruto asli akwkw,0,0.090816,0,0,0.4,1,1,xlm-roberta-large
validation,750,"Iya, kasus covidnya juga tercepat ya pak?",1,0.07579,0,0,0.4,0,0,xlm-roberta-large
validation,751,ngedate yok. daerah solo aja.,0,0.006039,0,0,0.4,1,1,xlm-roberta-large
validation,752,u/SundaEmpire2 lagi oprec kang?,0,0.136091,0,0,0.4,1,1,xlm-roberta-large
validation,753,IMHO mereka cenderung cherry picking ayat2 untuk mensupport ajaran mereka. Termasuk mengenai tithe dan offering ini.,0,0.072768,0,0,0.4,1,1,xlm-roberta-large
validation,754,"Anchor Kompas TV: Pak menteri, bagaimana dengan anggota DPR yang bilang di rapat paripurna mereka pun nggak dapat draftnya, kalau anggota DPR saja tidak dapat, bagaimana kami wartawan bisa?",0,0.471056,0,1,0.4,1,0,xlm-roberta-large
validation,755,"Pernah liat berita pasutri kesetrum deket tiang listrik, waktu itu pas hujan dan agak banjir. Yang cowo survive, istrinya meninggal.",0,0.055926,0,0,0.4,1,1,xlm-roberta-large
validation,756,"GDP itu bukan mengukur kekayaan, tapi mengukur besarnya ekonomi.",0,0.005969,0,0,0.4,1,1,xlm-roberta-large
validation,757,Sudiang itu kabupaten penyangga kota Makassar,1,0.898944,1,1,0.4,1,1,xlm-roberta-large
validation,758,Banyak sumbangan mesjid malah dipake membiayai teroris,0,0.9633,1,1,0.4,0,0,xlm-roberta-large
validation,759,Siapa suruh jadi minoritas. Cuman pindah agama ke Islam aja susah banget.,1,0.838812,1,1,0.4,1,1,xlm-roberta-large
validation,760,Sistem anti riba dan zakat pada dasarnya wealth distribution among the masses.,0,0.720565,1,1,0.4,0,0,xlm-roberta-large
validation,761,itu message board apa anying??,0,0.154823,0,0,0.4,1,1,xlm-roberta-large
validation,762,Film bagus kayak gitu lo salahin anjing!,1,0.923247,1,1,0.4,1,1,xlm-roberta-large
validation,763,buzzer : hallo polisi cyber ini ada penghinaan terhadap presiden,1,0.955858,1,1,0.4,1,1,xlm-roberta-large
validation,764,ga peduli kan menurut situ... menurut rakyat korea utara?? he's higher than God!,1,0.963437,1,1,0.4,1,1,xlm-roberta-large
validation,765,Can vouch for this. Pernah ke psikolog di bilang kurang solat.. 🙃,0,0.147924,0,0,0.4,1,1,xlm-roberta-large
validation,766,"Yang non muslim diteriakin ""kafiiiirrr, darahnya halaaalll"" aja masih nyantai kok",1,0.964119,1,1,0.4,1,1,xlm-roberta-large
validation,767,"gw malah awal awal kebalik di ios gk bisa nyimpen gambar wa, akhirnya bs",0,0.043773,0,0,0.4,1,1,xlm-roberta-large
validation,768,drivernya pun sengaja dipilih orang dengan pendidikan minim dan tidak dipekerjakan penuh. mereka dipaksa bawa kendaraan secepat mungkin dengan upah per pengiriman.,0,0.160135,0,0,0.4,1,1,xlm-roberta-large
validation,769,"Menit 2.07 sekitar maek ++ iblis yang bangkitkan ?? , terserah lu aja. Emang islam paling hebat udah.",0,0.963643,1,1,0.4,0,0,xlm-roberta-large
validation,770,Jadi inget ada Redditor 16 tahun yang tbtb kemari treak treak free Papua,0,0.247578,0,0,0.4,1,1,xlm-roberta-large
validation,771,"Tapi gimana ya, namanya bahasa gaul itu artinya tergantung orang2 ngegunainnya gimana juga. Beda ya kalo udah ranah medis/akademis, tapi kalo ranah sehari2 kita juga ngerti kalo orang dibilang ansos itu maksudnya yang suka menyendiri dan bukan kriminal.",0,0.003664,0,0,0.4,1,1,xlm-roberta-large
validation,772,"gwe sendiri suka insecure sama teman2 gwe yang keliatannya lebih mapan, tapi begitu mereka curhat, kadang ya masalah mereka lebih berat dari gwe, ilang aja itu soal insecure",0,0.039048,0,0,0.4,1,1,xlm-roberta-large
validation,773,Klo gw sih percaya ini ritual setan. Kekejaman manusia itu ga ada batas nya.,0,0.17259,0,0,0.4,1,1,xlm-roberta-large
validation,774,Rekan kerja? Ogah hehe.,0,0.059156,0,0,0.4,1,1,xlm-roberta-large
validation,775,"""Jokowi dipukili bang Boris""",1,0.464719,0,1,0.4,0,1,xlm-roberta-large
validation,776,"intinya: apapun vaksin yg bisa didapetin skrg, gas. masalah keamanan jangan khawatir, semua vaksin covid yg beredar disini udah WHO approved.",0,0.027455,0,0,0.4,1,1,xlm-roberta-large
validation,777,mungkin orang Indo paling getol cari pahala buat tiket masuk surga,1,0.963265,1,1,0.4,1,1,xlm-roberta-large
validation,778,Asli atau faux gan?,0,0.063482,0,0,0.4,1,1,xlm-roberta-large
validation,779,"Jadi kangen ikinaosu, lekukan pantatnya, bentuknya, massa ototnya, kefluffyan pantatnya, semuanya gbs tertandingi 😫",0,0.055823,0,0,0.4,1,1,xlm-roberta-large
validation,780,&gt; Gw harap film kayak gini bisa sedikit lebih viral. Sayang banget film bagus yang nonton dikit:(,0,0.01751,0,0,0.4,1,1,xlm-roberta-large
validation,781,Awal tahun diawali dengan krisis tahu tempe.,0,0.021553,0,0,0.4,1,1,xlm-roberta-large
validation,782,Tidak ada yg berbeda. Hanya peresmian pengabaian aja.,0,0.855791,1,1,0.4,0,0,xlm-roberta-large
validation,783,Jadi buat lu:,0,0.108425,0,0,0.4,1,1,xlm-roberta-large
validation,784,"Lokasi pembangkit listrik tenaga panasbumi itu di Kamojang (Jabar), Sibayak (Sumut), Lahendong (Sulut), Ulubelu (Lampung), Karaha (Jabar), dan Lumut Balai (Sumsel).",0,0.037432,0,0,0.4,1,1,xlm-roberta-large
validation,785,"Kalo nebak-nebak my earliest life memori itu kayaknya waktu masih gue masih bayi di rumah sakit bersalin. Awalnya cuma inget gw melihat ke atas ada lampu yang nerangin pintu. Waktu udah gede, ternyata pintu yang sama ada di rumah sakit bersalin tempat gue lahir. So mungkin 1-2 minggu",0,0.007149,0,0,0.4,1,1,xlm-roberta-large
validation,786,"Sy mah skrg cm mikir, mo naik Parahyangan ah, sebelum diapus.",0,0.083591,0,0,0.4,1,1,xlm-roberta-large
validation,787,"media aja yg lebay, yg sembuh banyak kok",1,0.88136,1,1,0.4,1,1,xlm-roberta-large
validation,788,* total transaksi 522rb jadi 122rb,0,0.007592,0,0,0.4,1,1,xlm-roberta-large
validation,789,"oh, mohon maaf ya, saya kurang yakin anda imbisil atau tidak mampu membaca. coba lihat lagi kalimat pertama tulisan saya, **""sy ga setuju umur segitu (2010 - 1995) udah nikah.""** selain itu, angka-nya pun bisa 14 (alasan saya hanya menulis tahun); saya tidak sepicik itu dalam perhitungan, sehingga semata-mata menulis ""15.""",0,0.062962,0,0,0.4,1,1,xlm-roberta-large
validation,790,Yaowlo ngeliat orang jalan tadi pake jilbab gua double  take karena cleavagenya keliatan exposed gara2 dia pake sweater deep vneck tapi ternyata pake daleman warna kulit astagfiruloh. Mana pake lanyard duduknya di lekukan cleavage pula.,0,0.056081,0,0,0.4,1,1,xlm-roberta-large
validation,791,Jadi bila aku sukses sudah pasti bukan karena tampang,0,0.619586,1,1,0.4,0,0,xlm-roberta-large
validation,792,"Klo gue sih pas SMP cuma 80, SMA 40, Kuliah dibawah 40.",0,0.071138,0,0,0.4,1,1,xlm-roberta-large
validation,793,"Hari ini saya sarapan [agliglo ogligloo](<link> (mf ftonya gk seazdedik kk), sama perkedel ikan, ikan goreng, susu, dan PaPaya. Kk rencanaa ngaPAIN hari ini⁉️",0,0.003707,0,0,0.4,1,1,xlm-roberta-large
validation,794,"Cuman Indonesia,Thailand,Phillipines,Malaysia yang di atas KKM, singapore coba tolong di perbaiki, liat tetangga2nya tuh.",1,0.100084,0,0,0.4,0,0,xlm-roberta-large
validation,795,Udah seleksi alam kali,1,0.962603,1,1,0.4,1,1,xlm-roberta-large
validation,796,"Rasanya di tangsel buanyak ruko yg bawahnya toko, atasnya kosan. Tp gatau jg ada yg ngontrakin ga tuh atasnya",0,0.008284,0,0,0.4,1,1,xlm-roberta-large
validation,797,yang kasih nama man of culture,0,0.89616,1,1,0.4,0,0,xlm-roberta-large
validation,798,Ini baru pandangan wanita yang jalan pikirannya udah dewasa. Keren tan!,0,0.908537,1,1,0.4,0,0,xlm-roberta-large
validation,799,"Gw cobain best wok, kok mnrt gw lbh enak dr indomie hahaha",0,0.047869,0,0,0.4,1,1,xlm-roberta-large
validation,800,Loe takutin ini? Gw mah lebih takut kalo mereka maksa masukin konten azab2an ke Netflix,1,0.426165,0,1,0.4,0,1,xlm-roberta-large
validation,801,Orang sini suka sama orang berseragam.,0,0.302237,0,0,0.4,1,1,xlm-roberta-large
validation,802,Harusnya gapapa sih kalo email. Ntar kan kebacanya kalo pas doi emang niat buka email. Tp ga tau ya dosennya kalo aneh wkwkk,0,0.02623,0,0,0.4,1,1,xlm-roberta-large
validation,803,"soalnya waktu kuliah dia d bully waktu ospek sama senior, jadi skr melampiaskan ke maling?",1,0.097648,0,0,0.4,0,0,xlm-roberta-large
validation,804,Lol on point sekali,0,0.181263,0,0,0.4,1,1,xlm-roberta-large
validation,805,Kalau mau tanya-tanya tentang Waisak dan Buddhisme Indonesia (ataupun Buddhisme secara umum) bisa mampir ke thread sebelah ya.,0,0.018264,0,0,0.4,1,1,xlm-roberta-large
validation,806,Kata semua orang klo ud ntn BB harus ntn better call saul,0,0.152032,0,0,0.4,1,1,xlm-roberta-large
validation,807,"\-olahraga, benerin postur tubuh",0,0.126623,0,0,0.4,1,1,xlm-roberta-large
validation,808,Kita tunggu 2 minggu lagi apa kasus covid meninggi lagi setelah libur panjang,0,0.178311,0,0,0.4,1,1,xlm-roberta-large
validation,809,"tenang indonesia populasi gede, jadi netizennya banyak juga yang belain",1,0.962532,1,1,0.4,1,1,xlm-roberta-large
validation,810,Belli mobil satu kampung dan beliin saudara gua motor.,1,0.087955,0,0,0.4,0,0,xlm-roberta-large
validation,811,"[Itu bagian dari kenakalan beliau, yang penting kan bertanggung jawab](<link>",1,0.823506,1,1,0.4,1,1,xlm-roberta-large
validation,812,Dulu bokap punya yang versi toyota,0,0.116512,0,0,0.4,1,1,xlm-roberta-large
validation,813,gw liat histori pembelian ga ada tambahan fee,0,0.0147,0,0,0.4,1,1,xlm-roberta-large
validation,814,"&gt;Kalau Jokowi yang ngomong, 100% akan didemo",0,0.21305,0,0,0.4,1,1,xlm-roberta-large
validation,815,"Umur nya bentar amat, di gw setaun 2x lah gantinya",0,0.107204,0,0,0.4,1,1,xlm-roberta-large
validation,816,"sedia lube makanya pak, yamalube misalnya",0,0.554501,1,1,0.4,0,0,xlm-roberta-large
validation,817,Ini knpa disney+hotstar lagi heboh ya? padahal ayam nya hotstar biasa aja deh,1,0.424237,0,1,0.4,0,1,xlm-roberta-large
validation,818,Bisa aja penyakit mental ada kok compulsive lying disroder itu,0,0.875893,1,1,0.4,0,0,xlm-roberta-large
validation,819,Ya ini kan makanya beliau disebut seniman? Karena merekonstruksi aturan yang ada.,0,0.941061,1,1,0.4,0,0,xlm-roberta-large
validation,820,Biar Ga masuk neraka nya islam,0,0.962813,1,1,0.4,0,0,xlm-roberta-large
validation,821,Yang punya copypasta jerinx bagi dong daritadi nyari ga nemu,0,0.104295,0,0,0.4,1,1,xlm-roberta-large
validation,822,Bali kan negara lain,1,0.962848,1,1,0.4,1,1,xlm-roberta-large
validation,823,"ta ta tapi kan kita harus menjunjung human rights bro, gue juga berhak dong untuk ga discan di kening.",1,0.958886,1,1,0.4,1,1,xlm-roberta-large
validation,824,Tergantung. Jual babi merah misalnya.,0,0.020666,0,0,0.4,1,1,xlm-roberta-large
validation,825,Asalkan situs download seperti mega gak diblok ya.,0,0.041153,0,0,0.4,1,1,xlm-roberta-large
validation,826,Indonesia ganti nama jdi jawa aja,1,0.856573,1,1,0.4,1,1,xlm-roberta-large
validation,827,"Bukannya malah kita yg mau, tapi yg nolak negara kyk SG?",0,0.274011,0,0,0.4,1,1,xlm-roberta-large
validation,828,"Iya sih, perbedaan budaya bisa ikut main, tapi bukan berarti semua cowok Asia di Barat gak beruntung. Percaya diri, kepribadian, dan cara lo mendekati orang itu jauh lebih penting. Kencan bukan soal mengikuti rumus universal; ini tentang menghubungkan diri dengan seseorang secara personal.",0,0.007432,0,0,0.4,1,1,xlm-roberta-large
validation,829,mungkin maksudnya orang kita banyak bacot/teori doang dari pada kerja beneran di lapangan.,0,0.240373,0,0,0.4,1,1,xlm-roberta-large
validation,830,"dan gw biasanya ""maklum"" kalau aplikasi lokal, yg gw kesel itu update dari aplikasi2 Google sendiri (karena gw di Android), harusnya mereka jadi contoh, lah mereka gitu..",0,0.012077,0,0,0.4,1,1,xlm-roberta-large
validation,831,Dan yang paling fundamental lagi; yang back value crypto itu enggak ada. Uang fiat saja masih ada sebuah pemerintah dan ekonomi yang backing.,0,0.0451,0,0,0.4,1,1,xlm-roberta-large
validation,832,"Setelah dapat kerja, kalau pengen  belajar CS, mending belajar di sini : <link>",0,0.218253,0,0,0.4,1,1,xlm-roberta-large
validation,833,"Unik juga dari perspektif lain, tapi kenapa ga sekalian yang fiktif + kacau? Misalnya Depok",0,0.019014,0,0,0.4,1,1,xlm-roberta-large
validation,834,Jir sama gpu aja bisa parasocial ya sekarang,1,0.32013,0,0,0.4,0,0,xlm-roberta-large
validation,835,Real job di sub ini kan cuma Software Engineer,1,0.875255,1,1,0.4,1,1,xlm-roberta-large
validation,836,"Cewe mesin eropa jadi gampang panas (sering reparasi)&amp; susah sparepartnya, makannya mahal pemeliharaannya",1,0.148355,0,0,0.4,0,0,xlm-roberta-large
validation,837,"Tadi baru buka steam niat nge game, sempat check WA ternyata ada kerjaan menanti",0,0.019216,0,0,0.4,1,1,xlm-roberta-large
validation,838,"Gw pen tekankan di gym ya, ada temen gw yg jadi rada homophobic krn dia dapet lumayan banyak unwanted attention gini. Di satu sisi gw bisa memahami temen2 yg gay itu ga punya banyak pilihan, tapi gaydar lu nyala itu engga berarti mereka consent lu godain juga. Gaydar juga sering salah ternyata.",0,0.021969,0,0,0.4,1,1,xlm-roberta-large
validation,839,"Tapi tapiiii, Lebih baik menikah daripada zina !!!!",1,0.963541,1,1,0.4,1,1,xlm-roberta-large
validation,840,transformer dengan kearifan lokal,1,0.904186,1,1,0.4,1,1,xlm-roberta-large
validation,841,Ya tuhan gak ada habisnya,0,0.906198,1,1,0.4,0,0,xlm-roberta-large
validation,842,"Achkscually ini gak impossible btw, dan untuk paska kyknya gak sejarang itu",0,0.014064,0,0,0.4,1,1,xlm-roberta-large
validation,843,"Gw penghuni lama di sini, cuma sering ganti akun aja",0,0.011755,0,0,0.4,1,1,xlm-roberta-large
validation,844,Pake keran + tangan. Merasakan air hangat di anus itu kenikmatan tersendiri di toilet.,0,0.021045,0,0,0.4,1,1,xlm-roberta-large
validation,845,"Lol sekarang dah mending, jaman nyokap gw thn 70 80an gt dia nekat mau masuk fk, nama blm nama indonesia krn dari luar pulau. Wkt wawancara cm dibilang  ""apaan ini ming yao apa lah ling ling ga bisa baca, kaya nama pesilat cina"" trus langsung disuruh pulang. Nyokap pikir skrg sudah berubah jd dia encourage bgt gw masuk fk, katanya anggap aja kesempatan mama dulu buat kamu. Lol bless you mom",0,0.041579,0,0,0.4,1,1,xlm-roberta-large
validation,846,Lha km pikir internetnya g butuh libur? Harus kerja terus?,1,0.963848,1,1,0.4,1,1,xlm-roberta-large
validation,847,"Engga bullshitlah, yang bullshit itu orang - orang yang memanfaatkan emansipasi hanya untuk keuntungan pribadi.",0,0.926103,1,1,0.4,0,0,xlm-roberta-large
validation,848,"Jangan ngomongin orang heretik, aliran sendiri aja banyak sekte"" sesat biadab juga (e.g. indomi cuma dimasak setenga bagian, indomi bumbu pisah, etc).",1,0.050658,0,0,0.4,0,0,xlm-roberta-large
validation,849,Anggap aja kyk motto hidup gitu,0,0.084116,0,0,0.4,1,1,xlm-roberta-large
validation,850,Ini argumen lu kaga nyambung apa gimana. Apa hubungannya ini penggunaan UU ITE yang bener sama perploncoan di penjara?,0,0.026056,0,0,0.4,1,1,xlm-roberta-large
validation,851,Lama2 bisa kayak debat single bar vs multi bar di profesi advokat sih...,0,0.072505,0,0,0.4,1,1,xlm-roberta-large
validation,852,Kan Moona bisa ngeleech pekora,1,0.962673,1,1,0.4,1,1,xlm-roberta-large
validation,853,Equivalent Hydra adalah Oknum,0,0.913097,1,1,0.4,0,0,xlm-roberta-large
validation,854,Dulu selalu pake to-do list buat kerja karena selalu sibuk dan banyak urusan; kalo ga pake jadi lupa apa yg mesti dilakuin terus kerjaan jadi keteteran. Saat ini udh ga pake karena lebih santai and I can still keep up without a list.,0,0.002862,0,0,0.4,1,1,xlm-roberta-large
validation,855,Bukti nyata Allah sudah ngecap pengajian Indonesia sudah sesat karena tajwid lebay,1,0.96378,1,1,0.4,1,1,xlm-roberta-large
validation,856,Ini beneran ga sih? Too good to be true. Giliran gua udh nge trade kiri kanan ma keluar duit ada yang jual batch :(,0,0.034068,0,0,0.4,1,1,xlm-roberta-large
validation,857,percaya lah nak semua ini hanya ujian sementara,1,0.90101,1,1,0.4,1,1,xlm-roberta-large
validation,858,"I think genose buat..... konfirmasi aja... dan mungkin karena lebih speedy dan bisa on the spot, walau ya....gitu....... CMIIW",0,0.069732,0,0,0.4,1,1,xlm-roberta-large
validation,859,Itu diartikel ditulis sistemnya lewat NIK orangnya.,0,0.039565,0,0,0.4,1,1,xlm-roberta-large
validation,860,Sementara Luhut lagi mau bertemu Elon lagi. Apakah ini langkah pemerintah Indonesia agar tesla bikin pabrik di Indonesia?,1,0.962214,1,1,0.4,1,1,xlm-roberta-large
validation,861,"Eh, the opposite for me. Gue lebih penasaran kalo gue tiba tiba snap dan jadi serial killer, siapa aja temen temen gue yang bakal reach out ke gue duluan pas gue ketangkep di penjara",0,0.125869,0,0,0.4,1,1,xlm-roberta-large
validation,862,Harap dimaklumi bangsa manusia saat ini masih tinggal di lingkungan shared. Nunggu inovasi baru dari sang pencipta buat deploy kehidupan baru dengan sistem virtual yang ter-kontainerisasi meskipun secara fisik ditempatkan pada 1 planet  saja sebagai hostnya.  :D,1,0.802013,1,1,0.4,1,1,xlm-roberta-large
validation,863,menyeimbangkan dosa dan pahala,1,0.71664,1,1,0.4,1,1,xlm-roberta-large
validation,864,"Iya sih ga rusak, paling cmn bocor doang datanya. Gpp lah kan gbs dipakw buat apa2 data kependudukan 🤪",1,0.914367,1,1,0.4,1,1,xlm-roberta-large
validation,865,Mereka kesal freeport diambil kembali jokowi,0,0.914596,1,1,0.4,0,0,xlm-roberta-large
validation,866,"1. Orang ini agamanya cuman KTP, atau",0,0.193223,0,0,0.4,1,1,xlm-roberta-large
validation,867,"nah ini menarik kayaknya, makasih ya",0,0.065845,0,0,0.4,1,1,xlm-roberta-large
validation,868,"Untung kaga pake kaca mata om, bisa *super effective*",0,0.197522,0,0,0.4,1,1,xlm-roberta-large
validation,869,"demokrasi memang bukan ajaran islam, islam kan agama bukan pelajaran politik",1,0.917562,1,1,0.4,1,1,xlm-roberta-large
validation,870,"kalo melihat lokasi vaksinasinya di pelabuhan, prasangka gw si WNA baru mau masuk tapi syarat administratifnya kurang karena gak bawa sertifikat vaksin. bim salabim abrakadabra... dapet deh vaksin.",0,0.0545,0,0,0.4,1,1,xlm-roberta-large
validation,871,"Gapapa, banyak ikan di laut tapi ya gatau dapetnya di mana dan kapan. Kali aja beda pool?",0,0.166269,0,0,0.4,1,1,xlm-roberta-large
validation,872,"Bukannya dapet karma baik, malah dapet kanker",1,0.925533,1,1,0.4,1,1,xlm-roberta-large
validation,873,yang Kedua adalah perhatikan karakter nya,0,0.025251,0,0,0.4,1,1,xlm-roberta-large
validation,874,Kalau nggak dapet istri yang berkerudung mungkin bisa dicoba ayahnya yang berkerudung...,0,0.459076,0,1,0.4,1,0,xlm-roberta-large
validation,875,Terus disuruh nutup pake terpal,0,0.35308,0,0,0.4,1,1,xlm-roberta-large
validation,876,"App yg di develop buat perusahaan kebanyakan buat android, temen gw yg pns harus beli hp lg karena di appstore ga ada aplikasi yg diwajibkan buat institusinya",0,0.02559,0,0,0.4,1,1,xlm-roberta-large
validation,877,kyknya psiko bisa masuk role UI/UX researcher..,0,0.162712,0,0,0.4,1,1,xlm-roberta-large
validation,878,Karena bukan papa's cream. Cream biasa.,0,0.116011,0,0,0.4,1,1,xlm-roberta-large
validation,879,"untung gw ga ikut, hahaha mampus",0,0.199542,0,0,0.4,1,1,xlm-roberta-large
validation,880,"[Look at this clip](<link> clip yg mengingatkan gw tentang kondisi mouse. Kasian dua duanya, bagi ironmouse emang hal sensitif dan kasian jg connor sounds like a massive asshole here. Walau IMO dia udah handle sebaik mungkin di kasus ini",0,0.031292,0,0,0.4,1,1,xlm-roberta-large
validation,881,"Pake sopwer ini, Directory Structure -nya, kemungkinan recover, sekali lagi ini kemungkinan bs ke recover (ga berlaku klo HDD nya kesentuh RAID)",0,0.008156,0,0,0.4,1,1,xlm-roberta-large
validation,882,duitnya tetep dia yang dapet wk. Money is the only important metric here.,0,0.095434,0,0,0.4,1,1,xlm-roberta-large
validation,883,Instalasi dirusak demi foto anjing? Mana hasil foto mbanya?,0,0.387958,0,0,0.4,1,1,xlm-roberta-large
validation,884,"Karena nyatanya orang jualan produk lainnya yang kayak di Indo, udah garansi pasti bakal disamperin polisi entah dilaporin orang atau dipergok.",0,0.022436,0,0,0.4,1,1,xlm-roberta-large
validation,885,"Harusnya gak, buksnnya udah ada statement dari pemerintah kasus penanganan covid19 ditanggung pemerintah ya?",0,0.077518,0,0,0.4,1,1,xlm-roberta-large
validation,886,Tapi tapi kan kalo kita gaada duit biasanya kita jual aset,1,0.963127,1,1,0.4,1,1,xlm-roberta-large
validation,887,&gt; sepanjang bulan puasa Ramadan salat lima waktunya akan jadi rajin dijagakah atau akan tetap bolong-bolong?,0,0.255019,0,0,0.4,1,1,xlm-roberta-large
validation,888,tbf ini email domain perusahaan kita kok. jadi aman.,0,0.679072,1,1,0.4,0,0,xlm-roberta-large
validation,889,Artistnya Is there empty room tuh 👍,0,0.109801,0,0,0.4,1,1,xlm-roberta-large
validation,890,gatsby hairwax abu yg buatan mana nih? ada yg local dan ada yg jepang punya kan yah kalo ga salah,0,0.033812,0,0,0.4,1,1,xlm-roberta-large
validation,891,wkwk. twitter lo apaan juga gw gatau,0,0.004166,0,0,0.4,1,1,xlm-roberta-large
validation,892,graffiti = membakar halte,1,0.76895,1,1,0.4,1,1,xlm-roberta-large
validation,893,Plot twist: Kemendikbud sengaja bikin ginian supaya ngetes apakah orang2 bakal nanggepinnya dengan kritis atau menelan infonya dengan mentah2,0,0.287418,0,0,0.4,1,1,xlm-roberta-large
validation,894,"&gt;Terus, mau tanya mengenai prioritas kerjaan, kyk gmna cara kita biar bs lebih efisien lg utk bekerja ke depannya?",0,0.032192,0,0,0.4,1,1,xlm-roberta-large
validation,895,Habis itu lewati lampiran I,0,0.055926,0,0,0.4,1,1,xlm-roberta-large
validation,896,"Kita gak relate kultur sma amerika soalnya kita hampir gak pernah ada siswa pendiam yang kesekolah bawa golok bapaknya terus bacok bacok satu sekolah. Mungkin kalau bapaknya polisi bawa revolver mungkin dia, tapi kurang indonesia.",1,0.347814,0,0,0.4,0,0,xlm-roberta-large
validation,897,Ada yg ikut Wikipedia asian month? Atau ada admin wiki disini?,0,0.248808,0,0,0.4,1,1,xlm-roberta-large
validation,898,Dalam,0,0.048406,0,0,0.4,1,1,xlm-roberta-large
validation,899,"Well ... airlinenya yang ngeselin sih itu :( I mean both kan cuma platform aja, mereka middleman antara customer dengan airline, ketika customer minta refund, dia cuma ngeforward ke airlinenya. Terus si airline ini banyak yg bangke, karena ga ada cash, gabisa balikin cash, yg anjing tuh somehow dilegalin sama pemerintah buat mereka balikin voucher. Yg kena ya si middleman sama customernya ... angkat tangan juga sih kalo platformnya disuruh ganti rugi hal yg airlinenya aja gamau ganti",0,0.012601,0,0,0.4,1,1,xlm-roberta-large
validation,900,"buku isi voucher, yg jual biasanya cantik 👀",0,0.017611,0,0,0.4,1,1,xlm-roberta-large
validation,901,"No, 21/13/PBI/2019 maks 15% sekarang.",0,0.034326,0,0,0.4,1,1,xlm-roberta-large
validation,902,"disini agak susah sih ngab, kadang kalo kemaleman dikit aja udah ga dapet :(",0,0.004408,0,0,0.4,1,1,xlm-roberta-large
validation,903,Mod sekarang cuma ada jalur orang dalam,1,0.046034,0,0,0.4,0,0,xlm-roberta-large
validation,904,"robbery in indonesia: ""saya mohon maaf sedalam-dalamnya atas kekhilafan saya""",0,0.132346,0,0,0.4,1,1,xlm-roberta-large
validation,905,capek banget sih hidup berjuang mulu,0,0.261378,0,0,0.4,1,1,xlm-roberta-large
validation,906,"Kalo udah gini, terus ekspektasimu biar mereka tetep menghargai proses demokrasi itu sendiri?",0,0.060919,0,0,0.4,1,1,xlm-roberta-large
validation,907,Itu term jepang,0,0.657408,1,1,0.4,0,0,xlm-roberta-large
validation,908,"Ini bukan hanya karena riwayat pencarian, biasanya juga karena google gk bisa temukan ads yang sesuai akibat gk ada datanya contoh karena mode penyamaran sehingga menggunakan default interest berdasarkan regional (ntah negara atau wilayah)",0,0.003795,0,0,0.4,1,1,xlm-roberta-large
validation,909,&gt; Tapi selama mereka masih didalam Sunni yang 4 imam mazhab,0,0.175679,0,0,0.4,1,1,xlm-roberta-large
validation,910,Setidaknya dirimu tidak ikut menyumbang data.,0,0.224565,0,0,0.4,1,1,xlm-roberta-large
validation,911,Aaa beraknya lucuuu bgt 🥺🥺🥺,0,0.040163,0,0,0.4,1,1,xlm-roberta-large
validation,912,"Itu karena game nya tidak sesuai pancasila dan tidak sesuai dengan budaya masyarakat Indonesia yg ramah, family friendly, beriman, dan anti asusila!!",1,0.963575,1,1,0.4,1,1,xlm-roberta-large
validation,913,"kemarin orang serumah cek rapid hasilnya gue doang yg negatif, mana sekarang kaga ada yg mau pake masker pula dirumah hadehh.",0,0.034165,0,0,0.4,1,1,xlm-roberta-large
validation,914,"Kurang jajan di warteg jorok mungkin. Coba lain kali makan di warteg belakang kampus terdekat, biasanya disitu beredar banyak bakteri tipes",1,0.085939,0,0,0.4,0,0,xlm-roberta-large
validation,915,"Stoik yg mana? Yg stoik atau yang ""stoik""?",1,0.066085,0,0,0.4,0,0,xlm-roberta-large
validation,916,"belu pernah coba, kalo versi web ya 👌🏼🙆🏼‍♂️🆗",0,0.007831,0,0,0.4,1,1,xlm-roberta-large
validation,917,"TIL agama lain di urus sama direktorat, agama mayoritas menteri sendiri turun tangan",1,0.847905,1,1,0.4,1,1,xlm-roberta-large
validation,918,"Yang masih ngerasa kita inferior dari bule-bule western itu harus main ke facebook, cari grup namanya ""Penyefonk Western: Menolak Degenerasi"", dan lihat seberapa bejatnya bule-bule itu dibandingkan peradaban timur.",0,0.321753,0,0,0.4,1,1,xlm-roberta-large
validation,919,itu yang edisi tertentu mungkin? sempet kok ada yang full leather dan logonya gold (lupa edisi apa) di harga 2 jt dan emang keren bgt.,0,0.003396,0,0,0.4,1,1,xlm-roberta-large
validation,920,Macet = kota madju,1,0.090173,0,0,0.4,0,0,xlm-roberta-large
validation,921,&gt;belum bernomor dan **ber-ttd**,0,0.056496,0,0,0.4,1,1,xlm-roberta-large
validation,922,kalo untuk keseharian enakan samsung karna osnya gk ngaco kyk xiaomi,0,0.017678,0,0,0.4,1,1,xlm-roberta-large
validation,923,"Mereka keturunan Agen 47, ditakdirkan jadi Hitman pengganti ayah mereka",0,0.930205,1,1,0.4,0,0,xlm-roberta-large
validation,924,Manjat top rope gan 😅,0,0.087798,0,0,0.4,1,1,xlm-roberta-large
validation,925,Tidak menyelesaikan masalah utama sih ini. Merchant akan mengira itu hal yang boleh dilakukan jika tidak ditindak.,0,0.020081,0,0,0.4,1,1,xlm-roberta-large
validation,926,"Ntar kalo gw udah tua dan nggak punya JHT, gw masih punya alasan untuk nyalahin pemerintah.",1,0.694069,1,1,0.4,1,1,xlm-roberta-large
validation,927,Kindaichi awal2x sadisnya ga nanggung,0,0.013351,0,0,0.4,1,1,xlm-roberta-large
validation,928,Kamboja sekarang *be like :*,0,0.009413,0,0,0.4,1,1,xlm-roberta-large
validation,929,Yang pake pi-hole dan ampuh ngeblok2 share adlist nya dong,0,0.941601,1,1,0.4,0,0,xlm-roberta-large
validation,930,"Sesuai flair saya, saya programmer jadi saya cenderung menyendiri atau individualistik, bagi saya memang muhammadiyah cocok aja bagi orang yang cenderung individualis seperti saya. Menurut saya justru ada kubu-kubu tersendiri di NU yang buat masyarakat umum juga cenderung bingung kayak NU itu bagaimana, saya orang sumatera dan adik saya mondok di pesantren di jatim, adik saya cenderung ekstrimis bagi masyarakat umum pake niqab dan cenderung tradisionalis, dan itu dia mondok di pesantren NU di jatim, akhirnya jadi membingungkan NU itu secara ideologi sebenernya islam indonesia atau bukan, menurut saya sebagusnya NU promosiin ide reformis gus dur aja di kalangan NU sendiri biar indonesia gak banyak polarisasi.",0,0.031085,0,0,0.4,1,1,xlm-roberta-large
validation,931,cari barengan ke gunung gede tanggal 26 dari depok,0,0.022138,0,0,0.4,1,1,xlm-roberta-large
validation,932,Agen Burgundia datang ke Indo,0,0.859899,1,1,0.4,0,0,xlm-roberta-large
validation,933,Empat tahun kaga bayar gituan... kebeli rumah yang rada mewah gw.,1,0.051558,0,0,0.4,0,0,xlm-roberta-large
validation,934,"kalo yang pernah gua baca2 di SCWF atau di forum2 jam lain, ini spesifik ke Seiko 613x ama 701x series ya tips2nya:",0,0.004281,0,0,0.4,1,1,xlm-roberta-large
validation,935,Jdi beda topik deh ini,0,0.464993,0,1,0.4,1,0,xlm-roberta-large
validation,936,"Next: ID Express, walaupun udah kerjasama sama Alfamart, gw masih kurang yakin masa depannya.",0,0.004166,0,0,0.4,1,1,xlm-roberta-large
validation,937,Yang dapet negara,0,0.733452,1,1,0.4,0,0,xlm-roberta-large
validation,938,Udah tanggung sekalian s/d 17 aja,0,0.96378,1,1,0.4,0,0,xlm-roberta-large
validation,939,"Kalo biasanya campfire corner cerita soal pengalaman soal mistis, disini ada ga yg sama sekali GAK sensitif sama begituan...? To be honest, mau di tempat gmn pun blm pernah ngalamin pengalaman2 supranatural, jadi cuma tau dari cerita temen dan sodara aja. Bukan berarti pengen ngalamin juga ya wkwk cuma tetep aja ada rasa kepo tiap kali denger crita begituan.",0,0.002867,0,0,0.4,1,1,xlm-roberta-large
validation,940,Emang kadang-kadang kek gitu aja. Kemungkinannya rendah emang gara-gara blokirnya nggak dilift.,0,0.006133,0,0,0.4,1,1,xlm-roberta-large
validation,941,Halah tinggal gali dari tanah aja kok bisa rugi?,1,0.842507,1,1,0.4,1,1,xlm-roberta-large
validation,942,Udah pernah lihat duit 250 triliun?,0,0.776242,1,1,0.4,0,0,xlm-roberta-large
validation,943,Tmen gua pake biznet sih yahud banget hahaha,0,0.003877,0,0,0.4,1,1,xlm-roberta-large
validation,944,Oknum adalah kata jamak.,0,0.530024,1,1,0.4,0,0,xlm-roberta-large
validation,945,Imannya kurang nih kalau percaya pada Allah ga akan Stress,1,0.963506,1,1,0.4,1,1,xlm-roberta-large
validation,946,"Harga emas 24k internasional skrg IDR 713,500 per gram ($1608.36 /oz). Harga Antam biasanya sedikit lebih mahal.",0,0.00313,0,0,0.4,1,1,xlm-roberta-large
validation,947,"Itu bukan anak gelap sebenarnya. Jadi si istri mario teguh itu suka ditanyain sama mario teguh “ kog idungnya beda, kog matanya beda, apakah ini benar anak gue?”",0,0.757705,1,1,0.4,0,0,xlm-roberta-large
validation,948,Video lama. Lupa kapan tapi,0,0.007461,0,0,0.4,1,1,xlm-roberta-large
validation,949,pakai peralatan presisi seperti palu dan celurit.,0,0.35216,0,0,0.4,1,1,xlm-roberta-large
validation,950,"Akhirnya MM turun gunung, hati-hati semuanya.",0,0.08548,0,0,0.4,1,1,xlm-roberta-large
validation,951,"Ustad juga perlu self reward dan self love bro, masa kalian ga ngerti",1,0.962638,1,1,0.4,1,1,xlm-roberta-large
validation,952,"Maksudnya, lebih banyak memakai hape pintar Android?",0,0.390585,0,0,0.4,1,1,xlm-roberta-large
validation,953,"itu yg bikin post pengen aku kebiri. Dasar goblok, salah sendiri malah nyesatkan org lain.",0,0.493256,0,1,0.4,1,0,xlm-roberta-large
validation,954,Ingetin utk beli asuramsi jiwa sebelum mati,1,0.962918,1,1,0.4,1,1,xlm-roberta-large
validation,955,engga gampang soalnya di slotnya ada intel optane bawaan laptop jadi harus diutak atik apanya dulu gue ga paham.. tapi yes cari aman mau coba ke horang kantor yg hobi rakit pc aja barangkali ngerti wkwk,0,0.03475,0,0,0.4,1,1,xlm-roberta-large
validation,956,lah daripada local ASN gabut ga ngapa2in seperti biasanya,1,0.169612,0,0,0.4,0,0,xlm-roberta-large
validation,957,"yes, masih belom lulus",0,0.093264,0,0,0.4,1,1,xlm-roberta-large
validation,958,"Anda kurang beruntung, gue selalu lolos wkwkwk",0,0.275081,0,0,0.4,1,1,xlm-roberta-large
validation,959,"Asumsiku juga demikian sih. Pemilih PKS itu umumnya terpelajar dan ideologis, jadi ga mudah lupa.",0,0.076961,0,0,0.4,1,1,xlm-roberta-large
validation,960,Indonesia lah. TNI kan udah bikin ketar ketir dunia,1,0.963161,1,1,0.4,1,1,xlm-roberta-large
validation,961,Karena rezim ini men-sahkan LGBT,1,0.962778,1,1,0.4,1,1,xlm-roberta-large
validation,962,ya potong gaji pejabat pake bayar servernya masak rakyat kecil yang dibebanin,1,0.963127,1,1,0.4,1,1,xlm-roberta-large
validation,963,Biodiese kita kenapa sulfurnya banyak ya? Hadeeeeeeeh,0,0.86977,1,1,0.4,0,0,xlm-roberta-large
validation,964,"Ini belum bahas aturan-aturan daerah yang berbeda-beda, juga ada ke""khas""an suatu daerah (looking at you, Banten, a family owned province).",0,0.003594,0,0,0.4,1,1,xlm-roberta-large
validation,965,Sudah mulai miner jual GPU bekas... sepertinya masih early stage before real GPU price crash.,0,0.037327,0,0,0.4,1,1,xlm-roberta-large
validation,966,Dia sering steam di twitch haha gua pernah dapet rekomendasi si aril,0,0.007389,0,0,0.4,1,1,xlm-roberta-large
validation,967,butuh pelukan hangat dari mamang gefrost kali?,0,0.435811,0,1,0.4,1,0,xlm-roberta-large
validation,968,"Ini maksudnya hangulnya harusnya dibaca ""sd karya baru""",0,0.123948,0,0,0.4,1,1,xlm-roberta-large
validation,969,Jadi itu yang bakalan terjadi kalau pemerintah secara resmi extend libur (yang bisa setengah bulan) setelah wabah lewat (itupun kalau bulan Mei sudah lewat).,0,0.006157,0,0,0.4,1,1,xlm-roberta-large
validation,970,Jadi inget gunpla gede maskot polres mana gitu,0,0.115411,0,0,0.4,1,1,xlm-roberta-large
validation,971,"Itu mah Suharti, istrinya Suharto",1,0.964822,1,1,0.4,1,1,xlm-roberta-large
validation,972,"Itu pengaruh buruk video game, mereka pasti pemain Street Fighter",1,0.96395,1,1,0.4,1,1,xlm-roberta-large
validation,973,Saat mantan dibela-bela oleh banyak orang,1,0.079353,0,0,0.4,0,0,xlm-roberta-large
validation,974,Bukan soal modem tapi beririsan MLM,0,0.027743,0,0,0.4,1,1,xlm-roberta-large
validation,975,Oi. u/kumaachan kalo kasi portfolio design apalagi masih baru dlm pdf aja. Website sebenernya ga harus tp lebih kece aja kalo ada website wkwkw dan enaknya bisa lu atur pengen shownya gmn yg lu mau.,0,0.002632,0,0,0.4,1,1,xlm-roberta-large
validation,976,Oh aku juga gak setuju Kurikulum Merdeka bisa milih mapel. Bahkan aku gak setuju ada pemisahan IPA dan IPS.,0,0.0643,0,0,0.4,1,1,xlm-roberta-large
validation,977,Makanya masyarakat berbondong bondong beli Surat berharga negara lah. Jadi utang negara di tangan rakyat,1,0.964288,1,1,0.4,1,1,xlm-roberta-large
validation,978,"Mantap mod, moga aja kalo gini kualitas sub ini gk tambah turun.",0,0.080069,0,0,0.4,1,1,xlm-roberta-large
validation,979,Londo nya ada di sisi SJW. Cukup aneh mengingat rajanya barusan berkunjung dan kiss our asses dgn war atrocities apology (karena ada maunya).,0,0.12018,0,0,0.4,1,1,xlm-roberta-large
validation,980,Sama kaya fans kpop dan fans2 fanatik lainnya,0,0.093512,0,0,0.4,1,1,xlm-roberta-large
validation,981,Jadi si mobilnya diincer.,0,0.096791,0,0,0.4,1,1,xlm-roberta-large
validation,982,"&gt;ortu gw justru malah mikirny china itu negara ""hebat"" dan waktu gw coba masukin topik uighur mereka ga percaya dan ngira hoax.",0,0.080141,0,0,0.4,1,1,xlm-roberta-large
validation,983,"jadi trans itu gak cuma ""saya mau jadi trans"" ato ""saya mau anak saya jadi trans"", bakal ada gejolak mental dulu, butuh evaluasi panjang, jadinya pake puberty blocker",0,0.138753,0,0,0.4,1,1,xlm-roberta-large
validation,984,Le petit 20e itu koran kerjanya Kufije/Tintin,0,0.020023,0,0,0.4,1,1,xlm-roberta-large
validation,985,"Oh yaaa dikuburnya termasuk concrete fault, metal coffin plus di formalin ga badan nya??",1,0.964254,1,1,0.4,1,1,xlm-roberta-large
validation,986,ceweknya cakepan iran sih..,0,0.115013,0,0,0.4,1,1,xlm-roberta-large
validation,987,Wah menjijikan bgt. Moga2 pada dipecat tuh.,0,0.069795,0,0,0.4,1,1,xlm-roberta-large
validation,988,"Indonesia kan cuma Jawa Bali, sisanya hutan rimba semua.",1,0.941115,1,1,0.4,1,1,xlm-roberta-large
validation,989,Soalnya belom sampe 6 bulan kerja. Kalo dah bertaun2 nyari alesan yg kayak gini udah kayak nafas,1,0.014392,0,0,0.4,0,0,xlm-roberta-large
validation,990,"berarti perlu simcard ya buat daftar wa, abis itu simcardnya harus ada kuotanya biar tetep bisa respon request ya botnya?",0,0.090735,0,0,0.4,1,1,xlm-roberta-large
validation,991,"nah, coba diucapkan ke diri sendiri dulu 33x sebelum tidur agar supaya nilainilai uwu, gemesh, dan ucul dapat terinternalisasi dengan baik ke dalam keseharian anda. selamat mencoba dan semoga berhasil om!",0,0.143487,0,0,0.4,1,1,xlm-roberta-large
validation,992,"A country that censor bokep, padahal pemersatu bangsa",0,0.963127,1,1,0.4,0,0,xlm-roberta-large
validation,993,"“Aku orang Indonesia, mana mungkin membaca?”",1,0.964221,1,1,0.4,1,1,xlm-roberta-large
validation,994,abis ini jadi sahabat tuh pasti,0,0.793506,1,1,0.4,0,0,xlm-roberta-large
validation,995,"Bruh, Indonesian police force is a joke! Gue pernah mau bikin laporan kasus pencurian tapi urungkan niat karena di kantornya kena peras lagi",0,0.13852,0,0,0.4,1,1,xlm-roberta-large
validation,996,mail bride gitu ya jual diri maksudnya?,0,0.35393,0,0,0.4,1,1,xlm-roberta-large
validation,997,"Sebenernya chamnel moon yg ngeplagiat kontennya data fakta, cuma mereka pasti curang tuh pake cenayang makanya bisa publish video sampe bbrp bulan sebelumnya",1,0.173778,0,0,0.4,0,0,xlm-roberta-large
validation,998,"USA vs Mexico ini macam Indonesia vs Malaysia. Thread klip gol saja bisa sampai di lock karena ""you can't behave"".",0,0.029873,0,0,0.4,1,1,xlm-roberta-large
validation,999,"Yes! Anjir musti ingat ini lagi, padahal uda lupa",0,0.106365,0,0,0.4,1,1,xlm-roberta-large
validation,1000,Toleransi perut dan lidah gue berbeda jauh.,0,0.037679,0,0,0.4,1,1,xlm-roberta-large
validation,1001,"Ya praduga bersalah lah, si tertuduh (bisasanya cowo) otomatis bersalah sampe terbukti sebaliknya",1,0.090013,0,0,0.4,0,0,xlm-roberta-large
validation,1002,Semua aja diwarnain ungu,0,0.257999,0,0,0.4,1,1,xlm-roberta-large
validation,1003,santai aja lah bro. Mereka kan cuma ngikutin role model mereka yg di DPR / pemerintahan Indonesia.,1,0.911849,1,1,0.4,1,1,xlm-roberta-large
validation,1004,Bukan indo kalo engga humble bragging 😂,0,0.174551,0,0,0.4,1,1,xlm-roberta-large
validation,1005,"Tapi ya tetep aja, ngaku keluarga kaya raya suka bikin lagu dan video pamer harta, tapi trip ke US aja minta di bayarin rasanya gimana gitu.",0,0.088978,0,0,0.4,1,1,xlm-roberta-large
validation,1006,"Ada sahabat dekat gua pas sma,",0,0.054853,0,0,0.4,1,1,xlm-roberta-large
validation,1007,wkwkw kaga sakit kali kursinya,0,0.157202,0,0,0.4,1,1,xlm-roberta-large
validation,1008,"So tldr, sambo gak bakal dieksekusi tapi kemungkinan bakal jadi 15 tahun ya?",0,0.041037,0,0,0.4,1,1,xlm-roberta-large
validation,1009,"Kalo beneran jalan dan bonusnya lumayan, maka lama-lama bisa terbentuk kelompok vigilante. Sebagai respon terhadap kelompok vigilante ini, ternyata begal juga membentuk kelompok sendiri untuk menghimpun kekuatan. Akhirnya nanti akan terjadi perang antara kelompok vigilante vs kelompok begal, dan Lampung akan menjadi zona perang yang mencekam.",0,0.201656,0,0,0.4,1,1,xlm-roberta-large
validation,1010,"Masalah laptop kantor bukan HDD lambat. Tapi emang RAM kecil, cpu Celeron",0,0.024307,0,0,0.4,1,1,xlm-roberta-large
validation,1011,Salah sendiri mau merdeka g boleh.,1,0.912514,1,1,0.4,1,1,xlm-roberta-large
validation,1012,Lagi jalan2 di kota jogja dan di tengah kemacetan gue berfikir.. Ini kota UMR 2 juta napa banyak banget yang punya mobil (Plat AB),0,0.050988,0,0,0.4,1,1,xlm-roberta-large
validation,1013,"kalau ndukung, terus dua-duanya ndukung ya cuma sandiwara",0,0.905573,1,1,0.4,0,0,xlm-roberta-large
validation,1014,Engsel gimana? ringkih?,0,0.19216,0,0,0.4,1,1,xlm-roberta-large
validation,1015,"Uang kalo masih dibawah 2 digit mending diinvest kemana ya? Sekarang biasanya sih gw taro di profit sharing bank jago syariah, ada yang lebih profitable tapi risknya ga gede? Ga perlu yang syariah.",0,0.002663,0,0,0.4,1,1,xlm-roberta-large
validation,1016,"antara data pendapatan turun karena ditilap, atau emang laporan data dipalsukan. Soalnya kontraktor gue gak pernah lapor pajak, padahal nilai kontrak dia selama setahun bisa 7M.",0,0.009214,0,0,0.4,1,1,xlm-roberta-large
validation,1017,Kuliah lagi sih jatuhnya,1,0.842669,1,1,0.4,1,1,xlm-roberta-large
validation,1018,"Udah tak laporin sih channelnya. Tapi melihat kelakuan YouTube yang lebih ngedukung QuantumTV ketimbang TheActMan, nggak yakin bakal diseriusin.",0,0.004802,0,0,0.4,1,1,xlm-roberta-large
validation,1019,Lalu sama Menkes dijadiin duta Corona.,1,0.041735,0,0,0.4,0,0,xlm-roberta-large
validation,1020,"YA ALLAH CUKUP PEMBELAJARAN JARAK JAUH AJA YANG TINGGAL, COVIDNYA TOLONG DIANGKAT",0,0.962143,1,1,0.4,0,0,xlm-roberta-large
validation,1021,"bisa aja, tapi proses hingga bisa terjadi pasti ada pertumpahan darah. karena ahli2 agama yang abal2 nggak akan rela karena takut kena gusur",0,0.206894,0,0,0.4,1,1,xlm-roberta-large
validation,1022,Menurut saya lensa yang anda gunakan untuk melihat realitas kehidupan di Indonesia telah dinodai oleh romantisme,0,0.529491,1,1,0.4,0,0,xlm-roberta-large
validation,1023,Napa lu akhir akhir ini demen titit si?,0,0.174762,0,0,0.4,1,1,xlm-roberta-large
validation,1024,Direktorat jendral pajak,0,0.279533,0,0,0.4,1,1,xlm-roberta-large
validation,1025,udah abiss. gue tinggal di kosan gitu dan ini udah lama mesin cucinya disini,0,0.02704,0,0,0.4,1,1,xlm-roberta-large
validation,1026,ini buat flirt ke pembaca tribun?,0,0.42925,0,1,0.4,1,0,xlm-roberta-large
validation,1027,"kalau dokter yang domisili jalarta tapi yang sedang liburan di dekat lokasi jenazah, apakah ok?",0,0.177454,0,0,0.4,1,1,xlm-roberta-large
validation,1028,curhat sm akang gratis cilok 😎,0,0.014532,0,0,0.4,1,1,xlm-roberta-large
validation,1029,"Ah itu mah emang kamu benci islam aja, benci baswedan, dan dukung ahok",1,0.963161,1,1,0.4,1,1,xlm-roberta-large
validation,1030,kalo misalnya,0,0.149656,0,0,0.4,1,1,xlm-roberta-large
validation,1031,"Hilang siang menjelang sore, krn gue paksakan tidak tidur, dan otak gue kacau.",0,0.005374,0,0,0.4,1,1,xlm-roberta-large
validation,1032,benar-benar tidak dapat dimainkan,0,0.622631,1,1,0.4,0,0,xlm-roberta-large
validation,1033,"Iya, aturan dari mana coba",0,0.259685,0,0,0.4,1,1,xlm-roberta-large
validation,1034,Money changer tetap terima keluaran lama kok. Biasanya toko2 di airport juga terima.,0,0.004915,0,0,0.4,1,1,xlm-roberta-large
validation,1035,Hush. Pendatang di tanah papua itu tahu apa? Pendatang tidak merepresentasikan orang papua! 3 generasi itu ga ada apa2nya!,1,0.963746,1,1,0.4,1,1,xlm-roberta-large
validation,1036,Tpi Israel bagaimana pak?,1,0.922097,1,1,0.4,1,1,xlm-roberta-large
validation,1037,di indonesia ini sebenarnya freedom of speech atau freedom of bullshid?,1,0.347094,0,0,0.4,0,0,xlm-roberta-large
validation,1038,2005-2006: Peterpan (Tau lagu mereka dari tukang galon keliling yang suka nyeel Ringtone),0,0.007666,0,0,0.4,1,1,xlm-roberta-large
validation,1039,"kalau di Jakarta kantong plastik sudah dilarang pake, buat nampung sampah nanti harus pake apa ya?",0,0.108378,0,0,0.4,1,1,xlm-roberta-large
validation,1040,Pelan2 ganti jadi nasi Padang?,1,0.182644,0,0,0.4,0,0,xlm-roberta-large
validation,1041,"Wait, polisi kerja?",1,0.80784,1,1,0.4,1,1,xlm-roberta-large
validation,1042,"Setahu saya urusan ini ada di RUU PKS. Yes, masih **RUU**. Belum bisa jadi landasan hukum",0,0.005686,0,0,0.4,1,1,xlm-roberta-large
validation,1043,"Btw bagaimana kalo seseorang menikah sebagai Kristen non-Katolik, tapi kemudian keduanya masuk Katolik? Bagaimana status pernikahannya?",0,0.100525,0,0,0.4,1,1,xlm-roberta-large
validation,1044,"Gw cuma ingin sewa beberapa pria orang berbadan kekar, 1 orang perempuan tua yang masih bugar, dan seorang kakek dengan perawakan seperti militer.",0,0.097305,0,0,0.4,1,1,xlm-roberta-large
validation,1045,Masih banyak di indonesia yang mementingkan kepercayaan/politiknya sendiri,0,0.160135,0,0,0.4,1,1,xlm-roberta-large
validation,1046,Bleh ini mah serakah,0,0.962743,1,1,0.4,0,0,xlm-roberta-large
validation,1047,Gw pengen ngehabisin asuransi kantor gw sebelum tahun baru. Minta saran nih.,0,0.024563,0,0,0.4,1,1,xlm-roberta-large
validation,1048,"betul, jadi piye masih penak jamanku to?",1,0.964623,1,1,0.4,1,1,xlm-roberta-large
validation,1049,Ini baru Yusuf Monsieur moment.,0,0.356797,0,0,0.4,1,1,xlm-roberta-large
validation,1050,Jujur yang bikin ngeri itu residental school terutama di Kanada. Padahal saya taunya ya cuma Kanada kayak negara maple syrup sama yang apa apa ngomong sorry. Ternyata kejam juga. Itu mungkin mirip kayak kamp Uighur sekarang gak sih?,0,0.009286,0,0,0.4,1,1,xlm-roberta-large
validation,1051,"Anjing kenapa gue ga kerja di PDAM aja ya. Kerja Senin-Kamis dari jam 8 sampai jam 2.30, jam 2 siang pun udah ga terima pelanggan baru. Istirahat makan siang bisa 1 jam lebih. Hari jumat pulangnya jam 11 pagi. Gaji 2x UMR. Kalo management-nya ntah berapa",0,0.021574,0,0,0.4,1,1,xlm-roberta-large
validation,1052,Gue bisa nikmatin tipe obrolan yg terakhir. Mungkin karena circle anak SMA itu cenderung circle buat survive daripada circle yg basisnya interest makanya susah dapet teman yg bisa diajak ngobrol begituan.,0,0.00453,0,0,0.4,1,1,xlm-roberta-large
validation,1053,"Gara-gara orang ini, cebong-kadrun-sjw bersatu. Kita butuh lebih banyak pelawak macam Yusuf Mansur",0,0.923108,1,1,0.4,0,0,xlm-roberta-large
validation,1054,Ayo dimulai se hari 3 set squat kakak,0,0.069985,0,0,0.4,1,1,xlm-roberta-large
validation,1055,Takdir / Nginap : Karya Pedang Tak Terbatas,0,0.803829,1,1,0.4,0,0,xlm-roberta-large
validation,1056,"yg lampunya begini atau pakai strobo biasanya om-om OKB umur 50an perokok, bener ga sih?",0,0.185062,0,0,0.4,1,1,xlm-roberta-large
validation,1057,"Selain itu untuk komoditas tertentu yang termasuk Sembako (Sembilan Bahan Pokok) seperti Beras dan Daging Sapi, BULOG dan BUMN lainnya juga dapat melakukan ""intervensi pasar"" yakni dengan membanjiri pasar dengan stok BULOG/BUMN di Gudang2nya. **Akan tetapi**, seperti yang gue bilang di atas, BUMN cuma mewakili sebagian kecil dari pasar domestik dan mayoritas masih dipenuhi oleh pihak Swasta.",0,0.003517,0,0,0.4,1,1,xlm-roberta-large
validation,1058,"Kerja: Baru mulai open dengan musik2 Barat n Indo: Incubus, Puddle of Mud, Slipknot, RHCP, Payung Teduh, Aditya Sofyan, Band Rock Indie Indo",0,0.012995,0,0,0.4,1,1,xlm-roberta-large
validation,1059,Dutch sayangnya jarang dipake. Kalau bahasa jepang kan masih kepake buat bisa ngerti percakapan di anime tanpa sub,1,0.024423,0,0,0.4,0,0,xlm-roberta-large
validation,1060,"Jadi ada yang positif covid dari Istanbul ke Birmingham, tapi ga dikasih tahu siapa dan dari mana. Dan menurut regulasi, mereka harus isolasi dulu 10 hari.",0,0.005843,0,0,0.4,1,1,xlm-roberta-large
validation,1061,Coba my mom punya pegawai juga...,0,0.08152,0,0,0.4,1,1,xlm-roberta-large
validation,1062,Mungkin bisa2 aja tapi bakal stress urusan kerja dsb karena terpaksa harus ngebiayain anak. Sedangkan gue bercita2 financially independent jadi bisa lebih stress free mengerjakan proyek2 yang gue pengen aja tanpa terlalu mikirin duit.,0,0.073231,0,0,0.4,1,1,xlm-roberta-large
validation,1063,"But why udud😭 apa tidak pengap, di ruangan tertutup, penuh asap rokok ditambah bau e² dan bau2an lain yang biasa ada di kmar mandi...",0,0.028844,0,0,0.4,1,1,xlm-roberta-large
validation,1064,"&gt;Belajar bahasa Inggris lebih masuk di les privat, tempat kursus, dan di Inggris",0,0.015218,0,0,0.4,1,1,xlm-roberta-large
validation,1065,"aku harap nasehat aku berguna. kalau ga bermanfaat, atau aku nyinggung secara ga sengaja, maaf yaa heh",0,0.122681,0,0,0.4,1,1,xlm-roberta-large
validation,1066,"Nemunya cuma 24-27"" 1080p kalo monitor (yg ada speakernya), deket bgt kalo buat liat tv.  Yg tv biasa ada 43"" 1080p",0,0.00289,0,0,0.4,1,1,xlm-roberta-large
validation,1067,pagi2 hari minggu jalan kaki di pantai ancol aja udah cukup menyenangkan. dufan kayaknya harganya ga ngotak deh.,0,0.002301,0,0,0.4,1,1,xlm-roberta-large
validation,1068,Soalnya tagihan IndiHomenya tetep jalan.,0,0.03204,0,0,0.4,1,1,xlm-roberta-large
validation,1069,Jijik banget gue lihat wajah ketawa DIRUT BPJS di menit akhir,0,0.095349,0,0,0.4,1,1,xlm-roberta-large
validation,1070,Indonesia ketika mereka menamai pasukan mereka sendiri,0,0.280715,0,0,0.4,1,1,xlm-roberta-large
validation,1071,Jadi maksud lu ini jelas jelas foul play alias konspirasi?,0,0.482124,0,1,0.4,1,0,xlm-roberta-large
validation,1072,Absolutely not. 4690K udah &gt;5 tahun lebih. Kalo mau langsung ke Gen 8-9. Biar berasa upgradenya,0,0.012265,0,0,0.4,1,1,xlm-roberta-large
validation,1073,HG Shenlong udah fix rilis,0,0.193223,0,0,0.4,1,1,xlm-roberta-large
validation,1074,akhirnya ke btpn terdekat.,0,0.042048,0,0,0.4,1,1,xlm-roberta-large
validation,1075,"Indonesia secara teknis sudah bebas Polio sejak tahun 2006, namun kasus Lumpuh Layu Akut (Acute Flaccid Paralysis) kadang-kadang masih ditemukan namun dianggap Non-Polio.",0,0.034782,0,0,0.4,1,1,xlm-roberta-large
validation,1076,"Gw setahun di kantor lama w, denger2 dari OBnya sekarang tu kantor dah kaya revolving door, tiap bulan ganti karyawannya. Ya itu hasilnya kalau lu ga ada usaha buat retain karyawan.",0,0.008031,0,0,0.4,1,1,xlm-roberta-large
validation,1077,"ya, tapi sempat mau dikenakan UU ITE. dituntut jaksa kebencian antar golongan, tapi divonis penistaan agama. itupun gak pernah dibuktikan penistaan dimana. selama gak pernah dibuktikan, berarti itu seperti uda divonis apa aja, pembunuhan, pencurian, makar, whatever bullshit.",0,0.00523,0,0,0.4,1,1,xlm-roberta-large
validation,1078,Walah intelejen dalam negeri aja payah. Masa bisa kecolongan bom Surabaya. Padahal sebenarnya gampang tinggal pantau penjualan bahan kimia tertentu.,0,0.166472,0,0,0.4,1,1,xlm-roberta-large
validation,1079,"Rumah Sakit Pondok Indah punya a good ortopedic center, tapi ya jangan kaget sama tagihannya.",0,0.004792,0,0,0.4,1,1,xlm-roberta-large
validation,1080,Very frugal indeed tapi bisa sisihin sampe 80% lah,0,0.559892,1,1,0.4,0,0,xlm-roberta-large
validation,1081,Well...apakah myoglobin dianggep darah oleh rabbi Yahudi? Well i'm not a rabbi so i dunno,0,0.922482,1,1,0.4,0,0,xlm-roberta-large
validation,1082,"Ya sturdy sih. Tp karena diameter bannya lebih kecil, kalau lewat polisi tidur/lobang/jalanan ga rata, kerasa gak nyaman banget 😅",0,0.008413,0,0,0.4,1,1,xlm-roberta-large
validation,1083,Seseorang gak dikenal memasukkanku ke grup telegram fbs copytrade.,0,0.058078,0,0,0.4,1,1,xlm-roberta-large
validation,1084,Laskar Pembela Islam,0,0.960137,1,1,0.4,0,0,xlm-roberta-large
validation,1085,"Klo gw biasanya langsung nanya gender nya bukan jenis kelamin,",1,0.067301,0,0,0.4,0,0,xlm-roberta-large
validation,1086,Ini hari apa n jam berapa? Kacau banget 🙄,0,0.006513,0,0,0.4,1,1,xlm-roberta-large
validation,1087,"mau cari tau dulu rusaknya dimana, sekalian belajar benerin sendiri. kalo gagal baru bawa ke tempat servis.",0,0.303964,0,0,0.4,1,1,xlm-roberta-large
validation,1088,"enak jg nih klo mau didebatin dari omongannya: ""kenapa perempuan dipisah? jadi menurut kamu aktivis parpol, intelektualis, jurnalis, buruh. dan petani itu enggak ada yang perempuan? dasar kamu mysoginist.""",1,0.677714,1,1,0.4,1,1,xlm-roberta-large
validation,1089,"Udah bagus dibiarin hidup, disediakan tanah, malah menolak",1,0.962848,1,1,0.4,1,1,xlm-roberta-large
validation,1090,> Emang dari awal cara debatnya ga enak,0,0.037432,0,0,0.4,1,1,xlm-roberta-large
validation,1091,"NZ itu tidak exist. kalo ada, kejahatan bakal muncul disana",1,0.852014,1,1,0.4,1,1,xlm-roberta-large
validation,1092,"Gw penasaran asal mula ""air"" disebut air apa orang dulu gk tau bedanya tabung sama tangki?",0,0.255855,0,0,0.4,1,1,xlm-roberta-large
validation,1093,Malah terduga pelaku bisa melaporkan balik,1,0.147065,0,0,0.4,0,0,xlm-roberta-large
validation,1094,"Maaf Pak, solusi itu acara TV Kristen kami ini bukan kafir",1,0.963984,1,1,0.4,1,1,xlm-roberta-large
validation,1095,Harganya 8x lipat terigu. Ga efisien atau karena produksinya terlalu sedikit?,0,0.110231,0,0,0.4,1,1,xlm-roberta-large
validation,1096,Muh freedom,1,0.83612,1,1,0.4,1,1,xlm-roberta-large
validation,1097,"Bullying ada di mana-mana, tapi ngak nyangka bisa sampe begini amat. Sampe direkam segala lagi. Semoga bocah-bocah gila itu dapet karma seberat2nya.",0,0.253907,0,0,0.4,1,1,xlm-roberta-large
validation,1098,Saran gw sih gas aj bawa2 pembicaraan ke arah sana. Mau chat lama2 di tinder ga akan kemana2 sampai lw ajak ketemuan dan ngobrol langsung.,0,0.007247,0,0,0.4,1,1,xlm-roberta-large
validation,1099,"Lah ngapain ke lobby, anter sampe depan rumah lah",0,0.950824,1,1,0.4,0,0,xlm-roberta-large
validation,1100,"either sepakbola or porn, dua hal pemersatu bangsa",0,0.964018,1,1,0.4,0,0,xlm-roberta-large
validation,1101,suruh anak lu yang di dpr ngurus ruu penyiaran sana,1,0.932852,1,1,0.4,1,1,xlm-roberta-large
validation,1102,Balik kos eh jancuk sinyalnya lenyap,0,0.289121,0,0,0.4,1,1,xlm-roberta-large
validation,1103,"Ini dulu udah pernah sih, jd sepertinya mau nyari yg lain.",0,0.015998,0,0,0.4,1,1,xlm-roberta-large
validation,1104,Berubah jadi nyadar kalo percuma bikin partai sos / sosdem?,1,0.465175,0,1,0.4,0,1,xlm-roberta-large
validation,1105,"Wait br tau ada passport jenis ini. Klo e-passport biasa, eligible buat eVisa jepang ga?",0,0.021348,0,0,0.4,1,1,xlm-roberta-large
validation,1106,2.keluarinnya pelan2 nafasnya jangan ditahan,0,0.101947,0,0,0.4,1,1,xlm-roberta-large
validation,1107,Praktek di lapangan : ANOTHER FRICKIN TUGAS ONLINE 24/7,0,0.06216,0,0,0.4,1,1,xlm-roberta-large
validation,1108,"Biasanya habis kerja kaya gt, aspal ga rata, puing puing batu dibiarin dipinggir jalan.",0,0.030329,0,0,0.4,1,1,xlm-roberta-large
validation,1109,Ckckck bapak kecewa nak,1,0.291687,0,0,0.4,0,0,xlm-roberta-large
validation,1110,Ini avnya pasti pakai smadav sama ansav32,1,0.4097,0,1,0.4,0,1,xlm-roberta-large
validation,1111,Buat filmmaker ini saat tepat buat bikin stock footage.,0,0.767733,1,1,0.4,0,0,xlm-roberta-large
validation,1112,Semoga tidak ada Semanggi 2.0.,0,0.245221,0,0,0.4,1,1,xlm-roberta-large
validation,1113,"Positif thinking aja, mungkin ntar produk dari brand nya ini dipake buat konten sedekah dia.",1,0.333639,0,0,0.4,0,0,xlm-roberta-large
validation,1114,tp kan.. aku butuh healing,1,0.889048,1,1,0.4,1,1,xlm-roberta-large
validation,1115,Tapi nanti u/TheBlazingPhoenix ga bisa bilang seribu seribu dong kalo yg komen dikit,1,0.129788,0,0,0.4,0,0,xlm-roberta-large
validation,1116,Yang ngasih fitur gini nanti siksa kuburnya juga berhalaman-halaman,0,0.912592,1,1,0.4,0,0,xlm-roberta-large
validation,1117,Bukanya IPS bisa masuk IT ya? Banyak kok sepertinya temen saya dulu dari jurusan IPS dan bahasa.,0,0.077448,0,0,0.4,1,1,xlm-roberta-large
validation,1118,Rumah oma gw langit2 hampir 5m tapi ga ada ventilasi silang panas juga jatohnya soalnya udara panasnya cuma ngumpul di langit2 dan ga bisa keluar.,0,0.014118,0,0,0.4,1,1,xlm-roberta-large
validation,1119,"Kapan lagi pada umur &lt;insert your age here&gt;, bisa merasakan &lt;insert your expense here&gt;",1,0.292242,0,0,0.4,0,0,xlm-roberta-large
validation,1120,Ditato? Boleh tau apa tulisannya?,0,0.167287,0,0,0.4,1,1,xlm-roberta-large
validation,1121,Jadi.. kemungkinan selama ini saya SMS-an ada unsur berbohongnya juga dong...,1,0.156814,0,0,0.4,0,0,xlm-roberta-large
validation,1122,"KRL is easy dibanding... Well Yamanote sen dan sekitarnya misalnya... Atau London Underground. Karena Cuma ada 5 ujung, Bekasi/Cikarang, Bogor, JAKK, Serpong/Rangkas, Tangerang. Tujuan yang lu mau ada di salah satu itu.",0,0.002845,0,0,0.4,1,1,xlm-roberta-large
validation,1123,"Ndak jauh beda, pasti gelut takhta lagi ujungnya..",0,0.922482,1,1,0.4,0,0,xlm-roberta-large
validation,1124,"Gampang ko, bangun siang aja",0,0.753875,1,1,0.4,0,0,xlm-roberta-large
validation,1125,Hmm..bagaimana kalo anaknya malah lebih mirip chindo?,0,0.201971,0,0,0.4,1,1,xlm-roberta-large
validation,1126,The worst probably Tri. Tapi ini based on pemakain gue yang dulu banget. Sinyal suka ilang”an dan coverage dikit. Terakhir pake Tri kayaknya 2015,0,0.002458,0,0,0.4,1,1,xlm-roberta-large
validation,1127,&gt;Sama nikahin pacar yang sekarang sih.,0,0.029424,0,0,0.4,1,1,xlm-roberta-large
validation,1128,Ini cuman bagus di kata-kata tapi artinya sangat ambigu dan bisa salah arti. bisa jadi:,0,0.005416,0,0,0.4,1,1,xlm-roberta-large
validation,1129,"Tesla itu mainan orang kaya. Ga ada utg nya buat mereka, dan buat Indonesia, kalau Tesla masuk indo. Yg beli dikit, ga ngaruh ke pengurangan polusi. Harus dikisaran 200jt, bisa muat keluarga.",0,0.262227,0,0,0.4,1,1,xlm-roberta-large
validation,1130,Ini di power management bukan ya settingnya? Belom liat sih berapanya,0,0.028194,0,0,0.4,1,1,xlm-roberta-large
validation,1131,Kim jong-il meninggal jadi sekjen partai abadi,0,0.904355,1,1,0.4,0,0,xlm-roberta-large
validation,1132,"kalau Polri/TNI aja bisa, masa menteri nggak boleh?",1,0.794624,1,1,0.4,1,1,xlm-roberta-large
validation,1133,Berarti cuma menikmati jadi negara kayak 5-10tahunan ya. 2030 soalnya bubar,1,0.67213,1,1,0.4,1,1,xlm-roberta-large
validation,1134,Di mana-mana kudengar lato-lato,0,0.061706,0,0,0.4,1,1,xlm-roberta-large
validation,1135,"tapi tapi.... saluran digitalnya belum halal... coba bikin ISP dan GSM yang halal syariah dong sekalian.... terus kalau sudah, tolong bikin internet yg halal syariah, yg baru bisa online kalau sudah mengatakan diluar kepala 2 juz...",1,0.939248,1,1,0.4,1,1,xlm-roberta-large
validation,1136,Suka gitu kok mereka,0,0.844537,1,1,0.4,0,0,xlm-roberta-large
validation,1137,kmrn di komplek gw ada yg nawarin tanah kavling bisa nego sampe 4.5jt/m2.,0,0.006526,0,0,0.4,1,1,xlm-roberta-large
validation,1138,"Betul, di daerah saya malah semua makanan gak boleh dikunyah karena pamali/tidak sopan.",1,0.019928,0,0,0.4,0,0,xlm-roberta-large
validation,1139,"kasih promo beli satu kopi dapet vaksin, auto rame gan",0,0.906529,1,1,0.4,0,0,xlm-roberta-large
validation,1140,"Ini team marketing  GoTo rajin amat promo di reddit, baru juga merger",1,0.96378,1,1,0.4,1,1,xlm-roberta-large
validation,1141,Piracy itu alat buat melawan ketimpangan sosial.,1,0.954816,1,1,0.4,1,1,xlm-roberta-large
validation,1142,"Biar ada kerjaan baru. Kan RUU cipta kerja. Sebenarnya ya ini tujuan pemerintah ya, bikin RUU yang bakalan di protes, mulai anarkis banyak hancur, kerjaan baru. RUU cipta kerja stonk?",1,0.924244,1,1,0.4,1,1,xlm-roberta-large
validation,1143,Tapi kan dia sopan didepan pak hakim,0,0.962427,1,1,0.4,0,0,xlm-roberta-large
validation,1144,banyak orang yg rumah deket2 tol atau rencana tol menunggu hal ini.,0,0.039565,0,0,0.4,1,1,xlm-roberta-large
validation,1145,"Ternyata tekanan di dalam otak naik, diagnosanya “idiopathic intracranial hypertension” awal ketauan lewat dokter mata, soalnya pas di cek tekanan bolamata naik &amp; keliatan di bagian belakang bola mata merah kedorong tekanan otak yg tinggi",0,0.048994,0,0,0.4,1,1,xlm-roberta-large
validation,1146,Apa itu burn out?,1,0.422162,0,1,0.4,0,1,xlm-roberta-large
validation,1147,Lu kalo ngomong ticker saham beda implikasinya sama nyebut nama lempeng.,0,0.035611,0,0,0.4,1,1,xlm-roberta-large
validation,1148,Pilihanku - Maliq ?,0,0.061368,0,0,0.4,1,1,xlm-roberta-large
validation,1149,Lain cerita kalau ngomongin suku suku pedalaman. Settingan film2 silat indo juga lawannya bukan tentara tapi bandit/jagoan kampung. Kalau lawannya tentara kerajaan baru ada seragam meskipun seragam mereka low budget karena seragam orisinil terlalu mahal+berkualitas bentuknya buat syuting.,0,0.011332,0,0,0.4,1,1,xlm-roberta-large
validation,1150,&gt;2) kalo cinak rasis itu krn keadaan,0,0.185136,0,0,0.4,1,1,xlm-roberta-large
validation,1151,"Panitia ospek dalam hati be like : &gt;!Ya biar gua ada pelampiasan lah anjing, enak bener jaman gua dipermaluin lu malah leha2 dapet enaknya doang!&lt;",1,0.185062,0,0,0.4,0,0,xlm-roberta-large
validation,1152,Wah tokopedia antek-antek asing! Menyesatkan masyarakat dengan menyebarkan ajaran LGUHDTV+,1,0.963437,1,1,0.4,1,1,xlm-roberta-large
validation,1153,"Masuk sains susah, kudu banyak berdoa",1,0.963403,1,1,0.4,1,1,xlm-roberta-large
validation,1154,"kalau gak viral, kan gak ketahuan polisi itu kerja...",1,0.962497,1,1,0.4,1,1,xlm-roberta-large
validation,1155,"Katanya enak kok di sel, masa gak percaya?",1,0.963437,1,1,0.4,1,1,xlm-roberta-large
validation,1156,"WW2 - pas saya SD ada masanya saya terobsesi sama semua hal yg berbau perang dunia 2 mulai dr film setiap ke Movies Station selalu nyewa film perang kek Saving Private Ryan, Thin Red Line dll lalu setiap minggu selalu minta bapak buat ke museum dirgantara dan of course videogames , percaya atau engga Call Of Duty dan Medal Of Honor lebih banyak ngasih insight Perang Dunia terutama di eropa daripada pelajaran sejarah",0,0.01055,0,0,0.4,1,1,xlm-roberta-large
validation,1157,"Sebenernya kalau lu gak ngebuang kardus-kardus komponen lu, tinggal bongkar aja lalu masukin ke kardus masing-masing, pak kayu, entar di lokasi tujuan rakit ulang. Lebih kejamin amannya sih.",0,0.033086,0,0,0.4,1,1,xlm-roberta-large
validation,1158,Setuju! nanti malah jadi kayak bahasa malay yang dipake di Malaysia... gimana gitu,0,0.800224,1,1,0.4,0,0,xlm-roberta-large
validation,1159,B-b-but.. Arab Money,1,0.911377,1,1,0.4,1,1,xlm-roberta-large
validation,1160,Kalo Kita kapan dong bisa saling tatap menatap,0,0.946448,1,1,0.4,0,0,xlm-roberta-large
validation,1161,"Edit2 : just in case anybody's wondering, perusahaannya itu bukan multinational asing. Dia cuman private company punya asing yg punya cabang di Indonesia. Kalo MNC sih udah dipecat dari kapan2 karyawan yg begitu kualitasnya.",0,0.010756,0,0,0.4,1,1,xlm-roberta-large
validation,1162,Cara menghilangkan sakit maag selain bunuh diri apa ya. Udah makan berbagai obat ga ngaruh anjeeeng,0,0.130673,0,0,0.4,1,1,xlm-roberta-large
validation,1163,Daftarnya online ya gan? Trus dokumen persyaratannya itu diupload gitu?,0,0.01248,0,0,0.4,1,1,xlm-roberta-large
validation,1164,Yang seri FV ya? Ada kendala nggak sejauh ini?,0,0.033055,0,0,0.4,1,1,xlm-roberta-large
validation,1165,"Where I grew up, bakwan is bakso with more meat content. Trus biasanya beli cuma ada pentol bakwan sama kuah doang, ga ada embel2 lain. Baru setelah gaul dengan banyak orang Jakarta baru tau bakwan itu gorengan. Pantes mereka pada bilang ""bikin bakwan itu gampang"" lol",0,0.038975,0,0,0.4,1,1,xlm-roberta-large
validation,1166,salut untuk kejujurannya,1,0.902093,1,1,0.4,1,1,xlm-roberta-large
validation,1167,"Dunia udah habis penduduknya malah ngegay, bukannya nambah penduduk. Jadi sesuai judul.. last of us",1,0.84338,1,1,0.4,1,1,xlm-roberta-large
validation,1168,"Coba aja. Kalo ATM ga bisa juga, ya berarti jaringan switching ATMnya ikut bermasalah.",0,0.068102,0,0,0.4,1,1,xlm-roberta-large
validation,1169,"Wah lu bingung berarti orangnya tipe yg suka mikir kayanya ya, cocok deh masuk filsafat :)",1,0.872021,1,1,0.4,1,1,xlm-roberta-large
validation,1170,"Lu yang benci, orang lain yang salah",0,0.882276,1,1,0.4,0,0,xlm-roberta-large
validation,1171,"Ah... Norwegia negara kaya raya karena jualan minyak dan gas bumi... so yeah, sangat 'cinta' lingkungan pastinya..",1,0.923523,1,1,0.4,1,1,xlm-roberta-large
validation,1172,"Kelas bahasa inggris guru tuh didengar, jgn diewe.",0,0.10307,0,0,0.4,1,1,xlm-roberta-large
validation,1173,Plot twist: Pembantunya namanya Dedek.,0,0.054149,0,0,0.4,1,1,xlm-roberta-large
validation,1174,iya ini game kykny berat di cpu,0,0.056288,0,0,0.4,1,1,xlm-roberta-large
validation,1175,Tapi uda di cek belum apakah rumahnya ok (kalau) mau punya anak? Butuh beberapa ruangan kosong buat anak + baby sitter dan art,0,0.004086,0,0,0.4,1,1,xlm-roberta-large
validation,1176,Atau mungkin tanda tanda disuruh ganti iPhone,1,0.917635,1,1,0.4,1,1,xlm-roberta-large
validation,1177,Tetap itu bukan alasan untuk memaksakan standar guru itu ke siswanya.,0,0.064949,0,0,0.4,1,1,xlm-roberta-large
validation,1178,Ini jaman modern loh gak kurang Medsos ada. Emang e gak isa demo di medsos isie nang jalan raya mulu. Lagian kl misale Trending no 1 e tentang demo itu tak jamin lah masuk berita di TV dkk. Ini jaman digitalisasi loh. Masih ae pake. Sistem kuno. Keluar di jalan apalagi jaman saiki pandemi. Begini nih org seng sakit hati sama pemerintah. Dikit dikit bilang mental org Feodal. Justru ku bilang sama Anda bahwa Anda yang sakit hati sama Pemerintah.,0,0.397259,0,0,0.4,1,1,xlm-roberta-large
validation,1179,Jenis berita koran kuning sudah merambah ke r/Indonesia,0,0.088662,0,0,0.4,1,1,xlm-roberta-large
validation,1180,Percobaan NTR macam apa ini,0,0.440575,0,1,0.4,1,0,xlm-roberta-large
validation,1181,GULINg,0,0.095898,0,0,0.4,1,1,xlm-roberta-large
validation,1182,"mesinnya kelewat dingin setelah diguyur ujan, selama kickstarter bisa, gamasalah dan gaada check engine juga to? yawis rapapa normal",0,0.147432,0,0,0.4,1,1,xlm-roberta-large
validation,1183,"Pendukungnya: Ini pasti pengaruh situs bokep, coba semua situs bokep diblokir, pasti nggak akan kejadian kayak gini",1,0.29972,0,0,0.4,0,0,xlm-roberta-large
validation,1184,"(Saya tinggal di kabupaten jadi itu2 saja tongkrongannya, mungkin satu Dua wajah baru dan no problem menyesuaikan. if that's important)",0,0.012995,0,0,0.4,1,1,xlm-roberta-large
validation,1185,"Ukraina sekarang aja setaranya masih di invasi Manchuria(1931), tapi dieskalasi jadi perang. Tapi Mukden(Kharkiv) belum jatuh, baru Harbin(Donbass dan Luhansk)dan provinsi Manchuria paling timur",0,0.013769,0,0,0.4,1,1,xlm-roberta-large
validation,1186,Gw ga langsung cek ke postingan lu sih. Jadi segitu cukup?,0,0.054651,0,0,0.4,1,1,xlm-roberta-large
validation,1187,Gua gak akan bilang dukung apa gak ya..(takut kang bakso lewat malam ini apalagi rumah sering lewat juga kang nasgor sama kang sayur tiap saat),0,0.005753,0,0,0.4,1,1,xlm-roberta-large
validation,1188,"Flair checkout dam sebagai member pasif r/indowibu, saya-",0,0.060529,0,0,0.4,1,1,xlm-roberta-large
validation,1189,"oats + kopi susu wkwk, sejak kapan sih suka ketoprak kalo boleh tahu 😂",0,0.004207,0,0,0.4,1,1,xlm-roberta-large
validation,1190,"Kamu kalau pake batik tulis yang dalemnya pake furing, ga perlu daleman lagi",0,0.658774,1,1,0.4,0,0,xlm-roberta-large
validation,1191,kan rumah saya pake tanah bang ga pake keramik,1,0.963472,1,1,0.4,1,1,xlm-roberta-large
validation,1192,"&gt;Oh iya, orang papua itu udah privileged sekarang. Otsus mereka besar + ada program beasiswa afirmasi. Intinya, orang papua gatau diri dan koman adalah bbc lover",1,0.446061,0,1,0.4,0,1,xlm-roberta-large
validation,1193,Ntar taon depan berapa hektar yg diputihkan lagi?,0,0.776157,1,1,0.4,0,0,xlm-roberta-large
validation,1194,"Windows sama Office suitnya orisinil gak ya, kalau enggak sekalian aja kalkulasi dosanya",1,0.964254,1,1,0.4,1,1,xlm-roberta-large
validation,1195,Kalau gak tau gendernya bisa diganti jadi they kan? pertama kali tau dari subreddit /r/Undertale karena gak dijelasin MC nya gendernya apa. Atau pake dia yang lebih superior dari they,1,0.187802,0,0,0.4,0,0,xlm-roberta-large
validation,1196,"Gpp lah, itu pak gubernur aja masih pake ipon X yg belakangnya udah retak sampe cuil2 gitu",0,0.760873,1,1,0.4,0,0,xlm-roberta-large
validation,1197,Ya kecewalah. Bawanya cuma satu.,0,0.215681,0,0,0.4,1,1,xlm-roberta-large
validation,1198,Hmm gampang y sih gini,0,0.655021,1,1,0.4,0,0,xlm-roberta-large
validation,1199,G. Semua jawaban benar,0,0.302237,0,0,0.4,1,1,xlm-roberta-large
validation,1200,Lidah memang tidak bertulang..,0,0.122313,0,0,0.4,1,1,xlm-roberta-large
validation,1201,"Wahai wibu"" yg kemarin nonton Kimetsu no Yaiba di bioskop, mrk nangis"" sampe sesenggukan dong pas di ending movie-nya... Jd rada kagak fokus ke filmnya.",0,0.115811,0,0,0.4,1,1,xlm-roberta-large
validation,1202,Semenjak SO hamil kayaknya bakal maksimalin WFH. Dia makin clingy dan pengen ditemenin terus. Ditambah risiko gw nularin penyakit juga makin kecil.,0,0.026205,0,0,0.4,1,1,xlm-roberta-large
validation,1203,habluminannas yg bener ga akan bisa menjamin dapet tiket ke surga kali.,1,0.964052,1,1,0.4,1,1,xlm-roberta-large
validation,1204,Planet Bekasi? Ga ke Planet Ban aja?,0,0.0545,0,0,0.4,1,1,xlm-roberta-large
validation,1205,"&gt;Gw agak kesel dengan comment2 ini karena menurut gw Pak Salatun ini kredibel lah orangnya, bukan sekedar nutjob.",0,0.009108,0,0,0.4,1,1,xlm-roberta-large
validation,1206,"dari depok, urutan stasiunnya tu cina, indonesia, pancasila",1,0.168788,0,0,0.4,0,0,xlm-roberta-large
validation,1207,Gue suka valentine karena coklat jadi banyak diskon atau beli 2 gratis 1😍,0,0.048722,0,0,0.4,1,1,xlm-roberta-large
validation,1208,Gimana bisa masuk circle mereka? Lu sanggup ngikutin lifestylenya? Nyambung ngobrolnya?,0,0.030444,0,0,0.4,1,1,xlm-roberta-large
validation,1209,Senyum,0,0.115361,0,0,0.4,1,1,xlm-roberta-large
validation,1210,Wah siapakah yang beruntung yang akan dapet makanan homemade Martian_Catnip yang dibuat dengan keringat dan cinta,0,0.941815,1,1,0.4,0,0,xlm-roberta-large
validation,1211,"well kalo misalnya gw dikasih duit dan suruh pilih beli properti mana, chance gw pilih ciputra dibanding lippo, agung podomoro, sedayu, dll jauh lebih gede",0,0.022436,0,0,0.4,1,1,xlm-roberta-large
validation,1212,mumpung skrg lagi pride month,1,0.334182,0,0,0.4,0,0,xlm-roberta-large
validation,1213,gue denger gak adil karena di prioritaskan yang umurnya paling tua dulu. Sama zonasi juga,0,0.0537,0,0,0.4,1,1,xlm-roberta-large
validation,1214,"pak, bangun, pak. pimpin lagi negara ini, pak😭",0,0.94887,1,1,0.4,0,0,xlm-roberta-large
validation,1215,aku sayang kamu juga random redditor.,0,0.132571,0,0,0.4,1,1,xlm-roberta-large
validation,1216,"Ngaduk semen gih depan rumah biar keliatan kerja, daripada disangka ngepet, wkkwwk",0,0.058885,0,0,0.4,1,1,xlm-roberta-large
validation,1217,Sampai berapa tahun kira2 ya? Apa karena belum ada urgensinya?,0,0.007786,0,0,0.4,1,1,xlm-roberta-large
validation,1218,"secara teori pelajari resourcenya, penggunaannya, project yg cocok buat resource tersebut",0,0.008364,0,0,0.4,1,1,xlm-roberta-large
validation,1219,">Dia masih melanjutkan statusnya yang mengancam setelah berdebat dengan warganet lain. ""Perlu saya halalkan gak nih darahnya semua Muhammadiyah? Apalagi Muhammadiyah yang disusupi Hizbut Tahrir melalui agenda kalender Islam global dari Gema Pembebasan? Banyak bacot emang!!! Sini saya bunuh kalian satu-satu. Silakan laporkan komen saya dengan ancaman pasal pembunuhan! Saya siap dipenjara. Saya capek lihat pergaduhan kalian,"" kata Andi.",0,0.396923,0,0,0.4,1,1,xlm-roberta-large
validation,1220,Lembaga pendidikan kita sudah disusupi paham feminisme,1,0.915469,1,1,0.4,1,1,xlm-roberta-large
validation,1221,ane nuntut 1 juta dollar. klo dikasih ane dukung papua deh.,0,0.964052,1,1,0.4,0,0,xlm-roberta-large
validation,1222,"Makanya jadi guru PNS, sebulan 10 juta kecil",0,0.962638,1,1,0.4,0,0,xlm-roberta-large
validation,1223,ISP plat merah seperti IcomNet dan Indihomo pastinya,1,0.436577,0,1,0.4,0,1,xlm-roberta-large
validation,1224,"Sama sama suka, masyarakat menghujam, lanjut aja (diluar negeri)",0,0.083665,0,0,0.4,1,1,xlm-roberta-large
validation,1225,Semoga dia insyaf dan berenti mabok2an.,0,0.443239,0,1,0.4,1,0,xlm-roberta-large
validation,1226,"Awokoawko, yg ada malah pada pindah agama",1,0.134094,0,0,0.4,0,0,xlm-roberta-large
validation,1227,"Sip, lengkap isinya segala ada",0,0.454745,0,1,0.4,1,0,xlm-roberta-large
validation,1228,"we were definitely not wealthy. it was all loans, and muterin duit. dengan logika cacat mu artinya semua orang yang berumah (baik kontrakan aja dan atau bangun sendiri from scraps) jg rich dong? ""they have a roof over their heads, ada yang seumur hidup gaada atap, they're rich"". semua orang yang bermotor (baik ngutang, curi, ataupun dikasi) jg rich dong ya? ""they owned a vehicle, ada yang seumur hidup gaada motor, they're rich"". ada internet aja = rich dong ya. if so then holy hell poverty rate di Indonesia sure is low",1,0.945298,1,1,0.4,1,1,xlm-roberta-large
validation,1229,"&gt;!Sebelum saya memulai komentar saya yang sebenarnya, saya ingin meminta maaf sebelumnya atas tingkat kemahiran bahasa Indonesia saya yang belum memadai. Saya bukan penutur asli bahasa Indonesia saat ini yang sayangnya membuat saya membuat banyak kesalahan memalukan yang dibuat setiap kali saya mencoba berkomunikasi menggunakan bahasa ini. Saat saya diingatkan tentang bagaimana saya tidak memiliki kemampuan untuk menyampaikan pikiran saya dengan cara yang fasih, saya merasa seolah-olah saya telah melakukan dosa besar, seolah-olah setiap guru bahasa Indonesia di dunia secara bersamaan menggelengkan kepala dan menghela nafas karena betapa kecewanya mereka pada saya.!&lt;",0,0.055209,0,0,0.4,1,1,xlm-roberta-large
validation,1230,&gt; english not bahasa,0,0.051797,0,0,0.4,1,1,xlm-roberta-large
validation,1231,Gw pernah liat salju tapi gak pernah liat hujan es itu kyk gimana. Jadi kepo,0,0.017866,0,0,0.4,1,1,xlm-roberta-large
validation,1232,lebih baik nggak efektif daripada nggak sama sekali.,0,0.076546,0,0,0.4,1,1,xlm-roberta-large
validation,1233,"In the end dia lebih milih buat keeping it true to the channel's identity. A very respectable choice. Meanwhile klo veritasium terlihat memang udah berubah menjadi ""brand"", dengan mengoptimisasi title dan thumbnail untuk menaikan watch time.",0,0.00523,0,0,0.4,1,1,xlm-roberta-large
validation,1234,Gubernur Banten Minta Pegawai Ganti Pekerjaan Penolak UMP,1,0.854095,1,1,0.4,1,1,xlm-roberta-large
validation,1235,"4. me: rebuttal 1 - (tanya dulu di thread AMA) - intinya yoga cuma olahraga, dan bukan Buddha tapi Hiindu",0,0.023757,0,0,0.4,1,1,xlm-roberta-large
validation,1236,"masih 14k, tapi udah ngelewati kurs Indonesia - USD",0,0.018815,0,0,0.4,1,1,xlm-roberta-large
validation,1237,"Tapi sekarang gw pake kartu kredit sih. Significantly less expensive, higher limit. Duitnya daripada gw pake dulu mending di taro tabungan dan menghasilkan sangat sedikit bunga lol",0,0.004619,0,0,0.4,1,1,xlm-roberta-large
validation,1238,"Tinggal koar2 ""Presiden tiran/diktator"" di Twitter, pasti banyak aktivis di sana yang bela",1,0.91939,1,1,0.4,1,1,xlm-roberta-large
validation,1239,gmw kasih es nanti dingin kaya perlakuan kamu sm aku,1,0.136954,0,0,0.4,0,0,xlm-roberta-large
validation,1240,"sekarang anies ( still curios why everyone vote for this creature ), fasilitas umum kembali gajelas, banjir dimana2, ga ada pasukan oranye lagi, bullshit promise yg ga bisa diitung jari lagi, and so on, no kidding first hand experience dari jkt rusak, jkt menuju oke, rusak lagi",0,0.007247,0,0,0.4,1,1,xlm-roberta-large
validation,1241,"Jika Ganjar menang, PDI-P itu akan menjadi partai yg sukses mensupport 3 presiden yg semuanya beda keluarga and not related. sebuah achievement yg lumayan besar untuk partai2 Indonesia. apalagi partai yg ada  ""Demokrasi"" nya di judulnya.",0,0.092852,0,0,0.4,1,1,xlm-roberta-large
validation,1242,"kalo font di komputer mah rada gampang bedainnya, kalo handwritten rada mampus",0,0.063948,0,0,0.4,1,1,xlm-roberta-large
validation,1243,Ada yang sempit tapi bukan gerbong KRL saat rush hour,0,0.14627,0,0,0.4,1,1,xlm-roberta-large
validation,1244,Kok astronotnya bukan indonesia,1,0.892422,1,1,0.4,1,1,xlm-roberta-large
validation,1245,mudah2an keluarga SO gw ga kaya begitu.. awas aja ni kalo si kakaknya SO gw udah disekolahin tinggi2 malah jadi IRT pas udah kawin dan adeknya kalo uda jadi lawyer ga bantu2 dapur mertua sih pengen gw gampar rasanya,0,0.086246,0,0,0.4,1,1,xlm-roberta-large
validation,1246,Karena itulah kt harus kembali ke dinar dirham,1,0.963022,1,1,0.4,1,1,xlm-roberta-large
validation,1247,"Naw, i don't do either. Langsung batuk kalo ngisep asap rokok atau vape scr langsung.",0,0.012552,0,0,0.4,1,1,xlm-roberta-large
validation,1248,Ini org yg sama yg berhasil nikung cowo ini?,0,0.24504,0,0,0.4,1,1,xlm-roberta-large
validation,1249,"Gue bilang ke polisinya berkali-kali kumpulin bukti beban penyelidik bukan korban, dia lempar balik pasal 184 KUHAP ke gue. Emang bebal dan gak niat bantu dia.",0,0.10697,0,0,0.4,1,1,xlm-roberta-large
validation,1250,ingat Romusha?,0,0.378732,0,0,0.4,1,1,xlm-roberta-large
validation,1251,Tulip nomer dua lah.,0,0.14445,0,0,0.4,1,1,xlm-roberta-large
validation,1252,"-nyetor selesai, cek atm, kartu atm chip tidak terdeteksi",0,0.023043,0,0,0.4,1,1,xlm-roberta-large
validation,1253,"tertarik ya ada lah tapi ya selama yg sekarang ga ada kenapa2, why bother deketin orang lain",0,0.037222,0,0,0.4,1,1,xlm-roberta-large
validation,1254,oh pns juga bisa bikin gituan ya.,1,0.149097,0,0,0.4,0,0,xlm-roberta-large
validation,1255,"Luar biasa kita ekspor balik corona ke negara asalnya, pahlawan devisa",1,0.963057,1,1,0.4,1,1,xlm-roberta-large
validation,1256,"kalau steam, sekali didaftarkan. beli tinggal klik, tidak ada 3d-secure. apakah etsy sama?",0,0.075995,0,0,0.4,1,1,xlm-roberta-large
validation,1257,"mungkin niatnya baik, mau bikin tim bola. tapi kyknya terlalu ngarep sm sponsornya",0,0.13489,0,0,0.4,1,1,xlm-roberta-large
validation,1258,"dia anggota DPR, suka2 dialah",1,0.872998,1,1,0.4,1,1,xlm-roberta-large
validation,1259,"Dulu waktu kecil gw indihome, kata nyokap, karena kakek buyut gw pernah berilmu gitu di cirebon terus yang jagain macan putih, ini kalo gw flashback, dan inget-inget gw pernah liat ini macan sekali di rumah waktu kecil cuman karena waktu itu belum tau jadi bilang ke nyokap kalo ada macan tapi nyokap gw ga bisa liat disitu. Oot sih, cuman di rumah waktu direnov nemu telor bebek di kubur gitu padahal itu dikomplek dan itu dibagian belakang rumah, ya rumah-rumah btn yang kalo kebelakang itu udah tembok tetangga.",0,0.007163,0,0,0.4,1,1,xlm-roberta-large
validation,1260,Cari kerja aja susah di jaman pandemik kek gini apalagi cari jodoh.,0,0.668448,1,1,0.4,0,0,xlm-roberta-large
validation,1261,"Crazy stuff tapi ya mau bagaimana ya. Kalo lu mau lawan tapi si pencuri ngeluarin firearm, modar pula.",0,0.101322,0,0,0.4,1,1,xlm-roberta-large
validation,1262,"Di event Clas:,h blok M 2022 ada yg jual batch dari UNIQLO",0,0.053949,0,0,0.4,1,1,xlm-roberta-large
validation,1263,"`&gt;Ketemu user ipon se2 yang 7jtan tetep di-cengin ""hape cina""`",0,0.020139,0,0,0.4,1,1,xlm-roberta-large
validation,1264,saya ODGJ,0,0.764452,1,1,0.4,0,0,xlm-roberta-large
validation,1265,"To LSF, everything is SU. Mereka juga memotong adegan dalam film yang untuk dewasa. Sama juga, banyak orangtua bodoh membawa anak-anak kecil yang belum sesuai umur untuk nonton film rating 17+ atau 21+.",0,0.121217,0,0,0.4,1,1,xlm-roberta-large
validation,1266,Kalo lu jadi Atheis berrti ga Pancasila.,1,0.894005,1,1,0.4,1,1,xlm-roberta-large
validation,1267,"Kalo mau dinasti, harusnya belajar dari Lee Kuan Yew sih. Di antara kepemimpinan dia dan Lee Hsien Loong ada jeda dulu PAP dipimpin Goh Chok Tong. Kader senior di mana2 juga gak suka dipimpin junior biarpun dia anak sesepuh.",0,0.020964,0,0,0.4,1,1,xlm-roberta-large
validation,1268,Apa karena 2.000.000 masih gede?,0,0.82485,1,1,0.4,0,0,xlm-roberta-large
validation,1269,"menarik juga, walaupun nggak semenarik Catatan Subversif.",0,0.032621,0,0,0.4,1,1,xlm-roberta-large
validation,1270,"Ide bagus, manusia begini emang jadi hama, mengganggu.",0,0.855308,1,1,0.4,0,0,xlm-roberta-large
validation,1271,Padahal pas bocil maen biasa2 aja. 😢,0,0.038939,0,0,0.4,1,1,xlm-roberta-large
validation,1272,Orang se pemalu Keaton Henson aja bisa berkarya banyak...dunia kadang gak adil.,0,0.357862,0,0,0.4,1,1,xlm-roberta-large
validation,1273,"INTEGRITAS orang Indonesia itu lemah, karena menurut faktor objektif saya ada beberapa aspek:",0,0.067362,0,0,0.4,1,1,xlm-roberta-large
validation,1274,"loh, ga tau. kamu duluan yang bilang kalo cuma Papua dan penduduk aslinya (dan Timor Leste) yang menolak pendudukan pemerintah Indonesia.",0,0.663846,1,1,0.4,0,0,xlm-roberta-large
validation,1275,Ngejar 8 GB Ram,1,0.059374,0,0,0.4,0,0,xlm-roberta-large
validation,1276,Jangan salah kutip dan menyampaikan isi pasal tanpa penjelasan,0,0.261802,0,0,0.4,1,1,xlm-roberta-large
validation,1277,"Terus skg pindah ke Bali, anjir jomplang bgt, di Denpasar ya, nyari taman itu ga susah, dan Makanan itunganya bisa lbh murah dr di Jogja, Sayuran? Buah2an? Pisang dan Sayuran Hijau mostly lbh murah dan seger disini",0,0.002867,0,0,0.4,1,1,xlm-roberta-large
validation,1278,"Saya keliru dipanggil mas mas, padahal saya belum jadi cwk",1,0.222742,0,0,0.4,0,0,xlm-roberta-large
validation,1279,Lah malah nyalahin daerah..,0,0.539044,1,1,0.4,0,0,xlm-roberta-large
validation,1280,"yups, pikiran positif butuh banget buat masa-masa sulit sekarang, ya walaupun positifnya gak bisa dapat yg banyak, seenggaknya bisa tenangin diri dan lakuin apa yg bisa dilakuin",0,0.009634,0,0,0.4,1,1,xlm-roberta-large
validation,1281,Kaguya-sama kah?,0,0.07843,0,0,0.4,1,1,xlm-roberta-large
validation,1282,"Nda worth it sampah macbook jaman now, punya gw uda rusak 3x. Beli yang tahan dipake jangan cuma aestetik",0,0.096365,0,0,0.4,1,1,xlm-roberta-large
validation,1283,Pake akun lain buat nonton beginian,0,0.117724,0,0,0.4,1,1,xlm-roberta-large
validation,1284,"Cuma maybe tembelan beda sih , apa lagi sewa kamar di mana Maintenance tanggung jawap bapak kos.",0,0.00345,0,0,0.4,1,1,xlm-roberta-large
validation,1285,"kopit kan udah mau abis ngab, PPKM aja turun level",1,0.915922,1,1,0.4,1,1,xlm-roberta-large
validation,1286,Kalau emang ente punya kreativitas di bidang itu ya why not? Kenapa mesti ditinggalkan? Adanya media visual film dll itu bukan berarti menyingkirkan entertainment dalam bentuk tulisan. Semua ada nichenya,0,0.176743,0,0,0.4,1,1,xlm-roberta-large
validation,1287,"Kalian gak percaya? Ratu Balqis kan Ratu Kerajaan Saba, Borobudur tempatnya deket hutan apa? Hutan saba! COINCIDENCE? I DON'T THINK SO",1,0.590447,1,1,0.4,1,1,xlm-roberta-large
validation,1288,"Registrasi IMEI bisa via halaman ini: <link> Setelah mendaftarkan, nanti dapat kode/QR code untuk ditunjukkan ke petugas Bea Cukai di bandara di Indonesia. Desember kemarin waktu balik via CGK terminal 3, di dekat area Bea Cukai ada papan info/penunjuk untuk ngurus registrasi IMEI di situ.",0,0.003751,0,0,0.4,1,1,xlm-roberta-large
validation,1289,"Nama yg mengandung unsur non-is (kris, antonius, dll) biasanya ganteng2 &amp; kaya2 dibanding nama yg mengandung unsur islam",1,0.199542,0,0,0.4,0,0,xlm-roberta-large
validation,1290,"Kayak pas gua nyasar ke trit yg bahas kurang baiknya respons pemprov dki terhadap banjir beberapa taun lalu, isi tritnya malah buat asumsi OP adalah buzzer jokowi dan bahasan berujung pada circlejerk dari kedua pihak. begitu juga dengan trit yg bahas risma yg banyak ""blusukan"" pas doi jabat jadi mensos, isi tritnya malah asumsi OP adalah kadrun buzzer anies.",0,0.031085,0,0,0.4,1,1,xlm-roberta-large
validation,1291,Paling netral dan aman itu saya/kamu atau saya/nama orang yang mau dipanggil+honorifics kalo diperlukan,0,0.019513,0,0,0.4,1,1,xlm-roberta-large
validation,1292,"Dua, tp DCT juga sepi sih",0,0.038107,0,0,0.4,1,1,xlm-roberta-large
validation,1293,7.Lem cap banteng atau kambing 1/2 liter.,0,0.029312,0,0,0.4,1,1,xlm-roberta-large
validation,1294,Wagila si berhasil nyobain script di iphone 12 mini biar bisa dynamic island. kocak,0,0.162314,0,0,0.4,1,1,xlm-roberta-large
validation,1295,mungkin gak ada alatnya,0,0.832645,1,1,0.4,0,0,xlm-roberta-large
validation,1296,"Gak usah nyama2in kehidupan lo sama orang laen. Temen gua udah pada masuk ppds, gw sendiri masih gini2 aja. Semua ada waktunya",0,0.125762,0,0,0.4,1,1,xlm-roberta-large
validation,1297,"Mau nanya dong, apakah sakit kepala itu salah satu efek samping vaksin ya? Aku vaksin kedua sabtu pagi, tapi baru mulai minggu sore sakit kepala sampai sekarang belum hilang :(",0,0.016689,0,0,0.4,1,1,xlm-roberta-large
validation,1298,ini cuplikan filem terminator terbaru ya? keren ya di jepang skrng settingnya,1,0.152284,0,0,0.4,0,0,xlm-roberta-large
validation,1299,kalo daerah wisata kyk malioboro ya mahal semua,0,0.075176,0,0,0.4,1,1,xlm-roberta-large
validation,1300,Nggak bro masih dipeluk sambil tidur ini 👍,0,0.03775,0,0,0.4,1,1,xlm-roberta-large
validation,1301,u/kmvrtwheo98 enak nih beginian dibikin semacem thread campfire/rant/blessing yang rutin tiap bulan dibikin. kali aja ada yang berhasil gitu haha namanya juga usaha.,0,0.145965,0,0,0.4,1,1,xlm-roberta-large
validation,1302,Saya kira malah merk milik kaskus,1,0.85741,1,1,0.4,1,1,xlm-roberta-large
validation,1303,"Semua yang gw sebut di atas, gw udah baca novelnya waktu gw SD/SMP (not joking). Waktu gw kecil cuma ngerti baca doang, tapi begitu makin tua dan gw baca ulang, baru gw bisa lebih appreciate ceritanya.",0,0.004232,0,0,0.4,1,1,xlm-roberta-large
validation,1304,nah ini alasannya kenapa cewek jadi gold digger,1,0.901791,1,1,0.4,1,1,xlm-roberta-large
validation,1305,katanya mereka datengin nelson mandela,0,0.152916,0,0,0.4,1,1,xlm-roberta-large
validation,1306,buat ngedit foto lego :p,0,0.08733,0,0,0.4,1,1,xlm-roberta-large
validation,1307,"pertanda indo itu kurang dikenal. lagipula, indo itu emang negara ya? bukannya Bali yang negara?",1,0.930268,1,1,0.4,1,1,xlm-roberta-large
validation,1308,u/lilloui ato apalah namanya,0,0.071461,0,0,0.4,1,1,xlm-roberta-large
validation,1309,"Ingat, karyawan itu expendable, ngeri banget liatnya",0,0.85373,1,1,0.4,0,0,xlm-roberta-large
validation,1310,"Wah, langsung siap cari pasangan utk buat anak nih...",0,0.876317,1,1,0.4,0,0,xlm-roberta-large
validation,1311,Kebagusan jakarta dapet gubernur Ahok.,0,0.81812,1,1,0.4,0,0,xlm-roberta-large
validation,1312,"Dan balik lagi, kantor gua yang ini juga hire outsource, which gaji nya cuman setengah nya full timer, dan posisi nya gak bakal bisa naik (range 5 - 7 juta).",0,0.004265,0,0,0.4,1,1,xlm-roberta-large
validation,1313,Bahagia itu butuh modal rupanya yah,0,0.674734,1,1,0.4,0,0,xlm-roberta-large
validation,1314,"Dulu tahu cara bikin telor pake *microwave* tuh gara-gara nonton acara Jepang, kalo dia bikin *Onsen Tamago* pake gelas *mug*, air 50ml, telor (ya iyalh) terus di*micro* selama 45 detik di 500W. Abis ovennya bunyi, dibiarin aja di dalem selama 40 detik supaya residu panasnya bisa tetep masak telornya.",0,0.013428,0,0,0.4,1,1,xlm-roberta-large
validation,1315,"Benerin dlu lah infrastruktunya yang bener, baru ngomong gini.",0,0.090173,0,0,0.4,1,1,xlm-roberta-large
validation,1316,Oom u/irfanburningowl udah pernah baca manga Libidors belum? Kayaknya cocok tuh buat Oom hahaha,0,0.043366,0,0,0.4,1,1,xlm-roberta-large
validation,1317,"bumi, allah pun nak di klaim. indon bodoh",1,0.963231,1,1,0.4,1,1,xlm-roberta-large
validation,1318,"Worth nya sih tergantung nominal. Nominal sedikit mending beli lewat Codashop/tokopedia, tapi kalo banyak (diatas 500k) malah kadang lebih murah pake VCC atau beli dari pihak ketiga",0,0.002747,0,0,0.4,1,1,xlm-roberta-large
validation,1319,Sebagai orang Bogor yang ga ada mobil keknya bagi gua Aeon Tanjung Barat lebih terjangkau deh wkwk,0,0.033876,0,0,0.4,1,1,xlm-roberta-large
validation,1320,"yang motong bukit itu kan? belum selesai itu baru sampe belakang bukit tiba-tiba mandek, cek aja di google maps. Kendaraan berat yang lewat pun cuma truk-truk angkut batu kapur.",0,0.022629,0,0,0.4,1,1,xlm-roberta-large
validation,1321,Keren banget gilaaaaaak masuk rumah ibadah orang mencak2 nunjuk2 suruh berhenti hebat baaat gilaaa keren bat emang tu bapaaak cakep daaah dapet deh kavling di syorgaaaa 20 hektar beserta bidadari-bidadari perawaaan,1,0.963984,1,1,0.4,1,1,xlm-roberta-large
validation,1322,Nah biasa mata strong lagi klo pas itu.,0,0.045184,0,0,0.4,1,1,xlm-roberta-large
validation,1323,"Bukan aneh, imo malah ironis. Apalagi nanyain fanboy pada ngedownvote tapi mindset sama kayak fanboy wkwkwkww",0,0.049359,0,0,0.4,1,1,xlm-roberta-large
validation,1324,Heran sama im3 internetnya cepet di jam tertentu. Di tempat gw cuma bisa dipakai malam kalau pagi siang lemot parah.,0,0.004126,0,0,0.4,1,1,xlm-roberta-large
validation,1325,Share politik tinggal 1 tahun lagi dah pemilu?,1,0.823683,1,1,0.4,1,1,xlm-roberta-large
validation,1326,"Mei masih 25 hari, inkubasi virus cuma 2 minggu. Kalo se-Indonesia kena Corona, fix akhir mei kurva turun, termasuk jumlah penduduk.",1,0.018423,0,0,0.4,0,0,xlm-roberta-large
validation,1327,"Bjorka itu meja ikea, makanya dia butuh bantuan bikin channel tele",1,0.286768,0,0,0.4,0,0,xlm-roberta-large
validation,1328,Mata uangnya berbentuk exposure,0,0.12018,0,0,0.4,1,1,xlm-roberta-large
validation,1329,Ga ada yg tau gan.. Mungkin antara CDC dan China,1,0.106226,0,0,0.4,0,0,xlm-roberta-large
validation,1330,Kalo Dino Zoff pepatahnya,0,0.249859,0,0,0.4,1,1,xlm-roberta-large
validation,1331,Iya kan DPR: Dokter Perwakilan Rakyat,1,0.962568,1,1,0.4,1,1,xlm-roberta-large
validation,1332,padahal gua liat ibu gua nguleg itu capek banget rasanya,0,0.025083,0,0,0.4,1,1,xlm-roberta-large
validation,1333,Sebagai pemain Kaiserreich saya tahunya Insulindia.,0,0.736803,1,1,0.4,0,0,xlm-roberta-large
validation,1334,"Gw yakin, klo terlalu strict gini bakal banyak pemalsuan dokumen PCR",0,0.126839,0,0,0.4,1,1,xlm-roberta-large
validation,1335,Ini konsul &amp; obatnya tiap berapa kali? Udah termasuk skin care?,0,0.005501,0,0,0.4,1,1,xlm-roberta-large
validation,1336,"Karena faktor meganil, makanya sby jadi populer di mata pemilih. Karena dianggap sebagai altenatif baru, dan juga karena dijualnya saham indosat.",0,0.012649,0,0,0.4,1,1,xlm-roberta-large
validation,1337,Mending hidup menderita dibanding masuk neraka~,1,0.956553,1,1,0.4,1,1,xlm-roberta-large
validation,1338,pemerintah zalim maksa rakyat kecil bayar pajak,1,0.962918,1,1,0.4,1,1,xlm-roberta-large
validation,1339,"Kamu uda gendud dek, jadi abang gak beliin martabak lagi",0,0.078078,0,0,0.4,1,1,xlm-roberta-large
validation,1340,"- Super+up buat maximize, super+left buat tile window ke kiri, super+right buat file window ke kanan (ini sama kaya windows 8 ke atas)",0,0.004166,0,0,0.4,1,1,xlm-roberta-large
validation,1341,"sbnrnya minggu lalu yg lagi event ultah bli2, dan g beli NMD fractal camo. ya mayan lah...",0,0.014337,0,0,0.4,1,1,xlm-roberta-large
validation,1342,Innalillahi.. kaya dulu aji massaid ya.. padahal masih muda sama hidup sehat..,0,0.111822,0,0,0.4,1,1,xlm-roberta-large
validation,1343,"Masih mending, pas kapan itu kalo mau ganti hp ga bisa unlink sendiri harus telpon cs dulu",0,0.047825,0,0,0.4,1,1,xlm-roberta-large
validation,1344,Ntar jg pada lupa sendiri. Import tetep aja jalan terus.,0,0.096195,0,0,0.4,1,1,xlm-roberta-large
validation,1345,"kalo kesulitan dan nggak suka, pindah aja dari indonesia",1,0.907148,1,1,0.4,1,1,xlm-roberta-large
validation,1346,untuk fitness trainer disini :,0,0.02342,0,0,0.4,1,1,xlm-roberta-large
validation,1347,sambil ganti kaos kutang tiap ganti tontonan,0,0.109801,0,0,0.4,1,1,xlm-roberta-large
validation,1348,"Iya, nanti dia menguasai 1 benua.",0,0.852383,1,1,0.4,0,0,xlm-roberta-large
validation,1349,"Nyalain TV isinya pasti pemeran utamanya blasteran. Pemeran supporting -nya Jawa atau Betawi. Bahkan web series di streaming aja isinya blasteran semua. Mending akting bagus kaya Putri Morino, laaah ini baca dialog aja blepotan.",0,0.026181,0,0,0.4,1,1,xlm-roberta-large
validation,1350,"Jadi aku ama cewe ku mau gituan tapi gk mau staycation (takut dicurigain ortu), main di rumah dia maupun aku susah karena ada ortu dan mereka jarang pergi nginep",0,0.431049,0,1,0.4,1,0,xlm-roberta-large
validation,1351,Update data biar kalo bocor lagi udah versi yang terbaru,1,0.301928,0,0,0.4,0,0,xlm-roberta-large
validation,1352,"bawa-bawa baju koko, udah ijin sama kokonya?",0,0.123683,0,0,0.4,1,1,xlm-roberta-large
validation,1353,njir kukira rohis wibu cuman di sekolah w doang,0,0.704694,1,1,0.4,0,0,xlm-roberta-large
validation,1354,"Pantas Jepang bisa jadi negara maju, bocil umur 0 tahun aja udah bisa programming.",1,0.963712,1,1,0.4,1,1,xlm-roberta-large
validation,1355,Bandaranya juga destination flightnya cukup oke jadi mau kemana aja gampang.,0,0.008413,0,0,0.4,1,1,xlm-roberta-large
validation,1356,"Nah gatau tuh, ga mau nonton juga, gw cuman mengutip di running text nya indosiar",0,0.188623,0,0,0.4,1,1,xlm-roberta-large
validation,1357,"what, astagfirullah pengaruh barat ini semua",1,0.963161,1,1,0.4,1,1,xlm-roberta-large
validation,1358,"tebak mod, nama kampus nya pro lgbt",0,0.963196,1,1,0.4,0,0,xlm-roberta-large
validation,1359,40 rb kasus perhari tuh terkendali ya?,0,0.836655,1,1,0.4,0,0,xlm-roberta-large
validation,1360,IQ test hanyalah sebuah agenda elite global!,1,0.962918,1,1,0.4,1,1,xlm-roberta-large
validation,1361,"Progress untuk develop Solar/Wind juga butuh waktu yg lumayan signifikan , dan tentunya uang harus keluar dulu sblm bisa mulai.",0,0.007711,0,0,0.4,1,1,xlm-roberta-large
validation,1362,Begini banget ya demokrasi di negara kita... not,1,0.890485,1,1,0.4,1,1,xlm-roberta-large
validation,1363,"bukan lemon kalo ga drama. ini mo balik ke loker, eh ruangan lokernya udah digembok, abang yang bawa gemboknya dah pulang 💀 padahal katanya sampe jam 9 💀💀💀",0,0.048586,0,0,0.4,1,1,xlm-roberta-large
validation,1364,"Gak inget, gw maen di normal harusnya sih hahaha. Gw inget FC gak sesusah itu, tp SC ini ampun banget. Kayanya gw baru sampe estelle ketemu cowo pake kapak itu deh, mana gue gak demen pake unitnya di FC",0,0.009431,0,0,0.4,1,1,xlm-roberta-large
validation,1365,"Biasanya mobilnya dimasukin ke kontainer terus kirim pakai kapal kargo biasa, bukan ditaro di atas dek begitu aja. Atau pakai kapal khusus kaya gini.",0,0.005946,0,0,0.4,1,1,xlm-roberta-large
validation,1366,Pas pertama kali muter main pencet pencet malah pita nya ngulur keluar kemana-mana. Di situ saya belajar pertamakali hubungan pensil dan kaset.,0,0.023599,0,0,0.4,1,1,xlm-roberta-large
validation,1367,"Iya, kan kira-kira november-desember udh pada mulai lahiran",1,0.918114,1,1,0.4,1,1,xlm-roberta-large
validation,1368,Periplus murah tp tempatnya biasanya sepetak2 doang.,0,0.003456,0,0,0.4,1,1,xlm-roberta-large
validation,1369,"Ini gejala depresi. Coba dulu berolahraga dan meditasi rutin selama seminggu, dan jaga pola serta asupan makan. Track mood sehari-hari juga, bisa pakai aplikasi moodpath (sangat berguna ketika konsultasi). Ngobrol ama teman juga ampuh utk meringankan gejala. Segera hubungi psikiater terutama kalau gejala semakin parah.",0,0.004425,0,0,0.4,1,1,xlm-roberta-large
validation,1370,aku ke holand bakery cuman beli lemper nya doang.,0,0.024917,0,0,0.4,1,1,xlm-roberta-large
validation,1371,"Organisasi macam begini juga banyak kok sepanjang sejarah dan region, mulai dari IRA (Irlandia), Aum Shinrikiyo (Jepang), grup Neo Nazi, dsb.",0,0.007548,0,0,0.4,1,1,xlm-roberta-large
validation,1372,Jadi benci dengan kehidupan ini.,0,0.04005,0,0,0.4,1,1,xlm-roberta-large
validation,1373,"Idup emang gacha, tiba-tiba promosi setelah demosi awal taun ini. Etdah.",0,0.020884,0,0,0.4,1,1,xlm-roberta-large
validation,1374,dan itu orang ngapain diluar memangnya dia essential? dasar youtuber.,1,0.140042,0,0,0.4,0,0,xlm-roberta-large
validation,1375,"Segar lah. Lagipula aku beli itu masih kondisi bagus belum diapa-apain, yg beli pertama masih belum memasaknya",0,0.035611,0,0,0.4,1,1,xlm-roberta-large
validation,1376,"Tbf, Atleast Amien Rais hanya fokus di politik. Lah ini Megawati sampai baju baru pun dikomentari dia.",0,0.132683,0,0,0.4,1,1,xlm-roberta-large
validation,1377,"serius kok, liat aja pilkada DKI terakhir",1,0.843477,1,1,0.4,1,1,xlm-roberta-large
validation,1378,Teori: ga perlu bolak-balik buka app.,0,0.080285,0,0,0.4,1,1,xlm-roberta-large
validation,1379,"Ini kalo misalkan sama ""jabatan"" ya, misal dari tukang koding ke tukang koding. Kalo misal dari tukang koding ke mandor koding, tambahin lagi.",0,0.041774,0,0,0.4,1,1,xlm-roberta-large
validation,1380,tiap close up ke noah rambut gw rontok 500 lembar,0,0.129128,0,0,0.4,1,1,xlm-roberta-large
validation,1381,except maksud lu itu,1,0.071397,0,0,0.4,0,0,xlm-roberta-large
validation,1382,mati satu-satu nangis dah lo pada,0,0.569793,1,1,0.4,0,0,xlm-roberta-large
validation,1383,nah ini juga. nemu celana jeans yang pas flattering itu juga sebuah anugerah ✨,0,0.039676,0,0,0.4,1,1,xlm-roberta-large
validation,1384,"Urusannya cuma 1,owner nya membiarkan anjing dia lepas ke jalanan",0,0.117218,0,0,0.4,1,1,xlm-roberta-large
validation,1385,ITB: Jayakan individualisme!,0,0.963022,1,1,0.4,0,0,xlm-roberta-large
validation,1386,"Seringkali juga kasus2 yang kecium malah yang “lucu2” kayak cuma salah administrasi, atau ada proyek gagal trs “thrown under the bus” untuk mengamankan pejabat lebih tinggi.",0,0.012772,0,0,0.4,1,1,xlm-roberta-large
validation,1387,* Dibuat sedemikian rupa agar menjadi trend?,0,0.095771,0,0,0.4,1,1,xlm-roberta-large
validation,1388,Buat gue maksimal lebih tua sih 5 tahun... Lewat dari itu sih ya takut ga nyambung ngomongnya...,0,0.003765,0,0,0.4,1,1,xlm-roberta-large
validation,1389,Sekarang lo ke rumah sakit bisa langsung klaim walau admistrasi agak repot,0,0.009214,0,0,0.4,1,1,xlm-roberta-large
validation,1390,"ala2 villain2 di film ya? abis menghalalkan segala cara, bikin rusuh dll, lalu ketangkep sama protagonisnya, tinggal bunuh diri pull the trigger ato lompat dr gedung.",0,0.271638,0,0,0.4,1,1,xlm-roberta-large
validation,1391,Emang orang jakarta mau cwk atau cwk pada standar hidupnya tinggi sih bukan matre,0,0.09782,0,0,0.4,1,1,xlm-roberta-large
validation,1392,Kurang geteran intensity di vibration nya.,0,0.416797,0,1,0.4,1,0,xlm-roberta-large
validation,1393,\*mulai baca\*,0,0.151843,0,0,0.4,1,1,xlm-roberta-large
validation,1394,Hal prioritas yg sangat diperlukan Indonesia menurut gw:,0,0.092852,0,0,0.4,1,1,xlm-roberta-large
validation,1395,Baru kerasa worth kalau udah masuk rumah sakit.,0,0.025203,0,0,0.4,1,1,xlm-roberta-large
validation,1396,Ibarat saku kiri saku kanan lah...,1,0.08772,0,0,0.4,0,0,xlm-roberta-large
validation,1397,Wah gangerti si klo gt tp keknya emang style nya ngikut2 into the spiderverse si,0,0.023198,0,0,0.4,1,1,xlm-roberta-large
validation,1398,P.s staf tim koordinator IISMA disalah satu PTN,0,0.125386,0,0,0.4,1,1,xlm-roberta-large
validation,1399,mungkin karena takut ketinggalan?,1,0.678367,1,1,0.4,1,1,xlm-roberta-large
validation,1400,"Well, gaji supir bisa 10 juta disana, dan itu rate 10 tahun lalu. Granted, kalau penumpang lu orang penting, lu yg bakal ditembak duluan.",0,0.043447,0,0,0.4,1,1,xlm-roberta-large
validation,1401,"Errr cuti kan emang paid leave, di indo jg ttp dibayar",0,0.235284,0,0,0.4,1,1,xlm-roberta-large
validation,1402,Sekalinya diklakson (karena berbahaya) malah marah.,0,0.098252,0,0,0.4,1,1,xlm-roberta-large
validation,1403,Ini gue udah abis aja gak nyampe 2 menit haha,0,0.014785,0,0,0.4,1,1,xlm-roberta-large
validation,1404,Yang NEET bukannya yang keturunan middle-class?,0,0.964422,1,1,0.4,0,0,xlm-roberta-large
validation,1405,"Oh bukan, dia yg dosennya, gue asdos doang. Lol ditempatin di kelas dia sama dosen coord. Haha",0,0.038647,0,0,0.4,1,1,xlm-roberta-large
validation,1406,"Jadi gue kirim tu celana kekecilan ke alamat tokonya, kasi tau ke WA gue minta ganti ukuran berapa, tapi kaga dikirim2 celana gantinya.",0,0.014842,0,0,0.4,1,1,xlm-roberta-large
validation,1407,"MyHolo udah tau apalagi Liliana, karena pernah *ehem* roleplay hot steamy sex sama Moona. W lagi cari vtuber yang banyak konten freetalk kayak Reine sih, main di Evelyn juga karena dia pas lagi freetalk. Gatau sekarang ngerasa kurang sreg sama konten gaming streamer secara umum. Lebih nyaman kalau formatnya clip 10 menitan daripada stream +2 jam, gapunya waktu sebanyak itu di hari kerja buat liat dari awal sampe akhir nungguin momen kino dan gabisa interaksi juga sama streamernya karena fokus ke game.",0,0.004248,0,0,0.4,1,1,xlm-roberta-large
validation,1408,RTX 3060 12GB berarti RTX 3050 ya?,1,0.041462,0,0,0.4,0,0,xlm-roberta-large
validation,1409,hai kak! jomblo ya? ahahaha...,0,0.045395,0,0,0.4,1,1,xlm-roberta-large
validation,1410,Kurang ajar sekali 2 GB dikorupsi,1,0.961316,1,1,0.4,1,1,xlm-roberta-large
test,0,"Kalo penduduknya nggak padat dan gak banyak yg keluar masuk kampung, bisa jadi emang gak perlu jalanin prokes seketat di kota besar. Asal kalo ada yang dari luar kota dijaga karantinanya.",0,0.003984,0,0,0.4,1,1,xlm-roberta-large
test,1,Kita harus menjadi laiknya Jerman abad 20!,1,0.963022,1,1,0.4,1,1,xlm-roberta-large
test,2,"Makanya MRT Jakarta krn ikutin budaya Jepang kan kyknya menaikan standar normalnya seperti apa dunia konstruksi terutama bagi hard labornya. Dari yg gak biasa pakai helm, jadi wajib pakai helm. Dst.",0,0.147617,0,0,0.4,1,1,xlm-roberta-large
test,3,"Kalo buat baca2 knp gak Amazon Fire 7 aja? harga 870ribuan, masih termasuk barang baru, dan peruntukannya emang buat baca2.",0,0.015189,0,0,0.4,1,1,xlm-roberta-large
test,4,"Pokoknya bantai semua PKI dan keturununan dan keluarganya, walaupun mereka bukan suporter PKI. Jadi kek Dinasti KIM yang menghukum orang sekeluarganya ampe keturunannya",0,0.963575,1,1,0.4,0,0,xlm-roberta-large
test,5,[Jangan lupa besok hari terakhir untuk menominasikan dan ngevote untuk bestof2023](<link>,0,0.094678,0,0,0.4,1,1,xlm-roberta-large
test,6,"nah, kepikiran kayak gini juga sih, makanya butuh banyak inspirasi, makasih",0,0.038647,0,0,0.4,1,1,xlm-roberta-large
test,7,"Pernah punya pengalaman yg sama sih. Awalnya niatnya mau kasual, seru2an aja. Tp lama2 ngerasa harus rutin tiap hari. Akhirnya terasa terbebani. Akhirnya setelah pertimbangan berbulan-bulan (iya lama, soalnya selalu terbentur pertimbangan perasaan anggota grup), akhirnya aku mutusin utk uninstall Love Nikki Dress Up Fantasy. Kadang masih kangen sih, tp leganya lebih besar",0,0.006745,0,0,0.4,1,1,xlm-roberta-large
test,8,&gt; [Hal ini menyebabkan para kontraktor yang ikut tender memberikan penawaran dengan biaya proyek yang sangat tinggi.](<link>,0,0.0745,0,0,0.4,1,1,xlm-roberta-large
test,9,Prioritas skrg vaksin ya? Luar biasa memang.,1,0.077448,0,0,0.4,0,0,xlm-roberta-large
test,10,makanya partai gelora itu karma-nya PKS.,0,0.963712,1,1,0.4,0,0,xlm-roberta-large
test,11,Salah sendiri mengapa datang ke tanah Papua,1,0.962356,1,1,0.4,1,1,xlm-roberta-large
test,12,"Udah sering makan di mall, rumah makan, atau ke coffee shop sendirian. Menurut gw mungkin canggung soalnya pengunjung lain minimal berdua, tapi gw sih bodo amat, toh sama2 bayar. Kebiasaan apa2 sendirian ini kadang kebawa kalo lagi nongkrong atau makan ama temen2, makanan/minuman gw pasti abis duluan karena gk kebiasa makan sambil ngobrol.",0,0.004191,0,0,0.4,1,1,xlm-roberta-large
test,13,Banyak orang melakukan maksiat gan,1,0.847084,1,1,0.4,1,1,xlm-roberta-large
test,14,Jujur bobba mbak nya enak banget. 10k udah mantap.,0,0.003643,0,0,0.4,1,1,xlm-roberta-large
test,15,"Tolong bilang, kalau ini hanya joke",0,0.415106,0,1,0.4,1,0,xlm-roberta-large
test,16,Emang ukuran F4 kepake buat apa sih?,0,0.223335,0,0,0.4,1,1,xlm-roberta-large
test,17,"Cuma ada pengecualiannya, kalau kamu ada sertifikat dari AWS, Azure, atau sertifikat cybersecurity, itu baru diakui.",0,0.020255,0,0,0.4,1,1,xlm-roberta-large
test,18,"Tour ke rumah sakit lalu tour guidenya ngomong ""Ini contoh pasien komorbid, bapak-bapak ibu-ibu. Kita bisa lihat beliau sedang sekarat"" atau ""Ini contoh pasien yang lumayan sehat walau perlu ventilator""",1,0.14554,0,0,0.4,0,0,xlm-roberta-large
test,19,"I mean.... Kita udah jelas, barang mentah harus diproduksi di sini buat buka lapangan kerja di sini",0,0.920039,1,1,0.4,0,0,xlm-roberta-large
test,20,"Keluarga besar gw datang dari 2 kelas sosial dan ekonomi yang berbeda. Dan diantara mereka yang tanya kek gini nih biasanya udah miskin (kadang suami atau istrinya yang kaya, dianya dari keluarga miskin), susah, dan nyusahin. Bahkan yang tadinya miskin melarat terus udah termasuk sukses hidup mumpuni gak tanya kek gini. Sumpah kalau dites mungkin EQnya setara suhu ruangan dalam celsius.",0,0.142948,0,0,0.4,1,1,xlm-roberta-large
test,21,Ini salah satu contoh paling nyata betapa ketidakpedulian dan ketidakseriusan pemerintah di awal pandemi memakan korban jiwa,1,0.345768,0,0,0.4,0,0,xlm-roberta-large
test,22,"Kebanyakan dosa, doa dulu sblm makan makanan suci",1,0.885285,1,1,0.4,1,1,xlm-roberta-large
test,23,"Gw dulu bahasa sundaan sama temen, sebelum akhirnya pindah ke Jakarta, sekarang udah kagok kalau ngomong Sunda karena udah biasa pake bahasa Indonesia.  Apakah teman kamu begitu juga?",0,0.131452,0,0,0.4,1,1,xlm-roberta-large
test,24,"seperti diliput dalam majalah Tempo mendekati Pilpres kemarin, ada petinggi PDIP yg melobi supaya kasus2 Bibib di SP3.",0,0.03949,0,0,0.4,1,1,xlm-roberta-large
test,25,Qurban itu P2W untuk masuk surga,0,0.963814,1,1,0.4,0,0,xlm-roberta-large
test,26,Mungkin karna gw cuma maen game doang tiap weekend. Kayanya gw baru kerja dah waktu itu.,0,0.015937,0,0,0.4,1,1,xlm-roberta-large
test,27,berarti menjadi asshole much more better?,0,0.867373,1,1,0.4,0,0,xlm-roberta-large
test,28,"Take your time, kalau akhirnya lo lulus 5 tahun terus kenapa? Tiap orang punya timelinenya beda2. Dunia kerja gak peduli lo mau lulus 3.5 th atau 6 th sekalipun asal lo punya skill.",0,0.003046,0,0,0.4,1,1,xlm-roberta-large
test,29,"gw lg bingung nih, gw lg mau ganti karir dari graphic designer jadi ui/ux, sejauh ini sih udah lancar prototyping, [material.io](<link> sama main html/css udah bisa dikit2, trus selanjutnya gimana ya sebelum nyoba ngelamar2 kerja lg??",0,0.006229,0,0,0.4,1,1,xlm-roberta-large
test,30,"Oh, gofundme bisa jga minta modalin buat bikin buku? Bukan cuma buat kirim bantuan donasi bencana.",0,0.027273,0,0,0.4,1,1,xlm-roberta-large
test,31,"Ya begitulah, setidaknya Litbang Kompas meskipun risetnya cuma dirilis ke media, mereka nyediakan infografis di kompas.id biar publik bisa ngeliat perkembangan secara bertahap.",0,0.061031,0,0,0.4,1,1,xlm-roberta-large
test,32,"Aku dulu pas mengunjungi rumah nenek ku di Banten (daerah Panedglang), kaget rasanyan kalau listrik cuman tersedia beberapa jam sehari.",0,0.013274,0,0,0.4,1,1,xlm-roberta-large
test,33,emang klo di tp tu nyari lgi pintu kita masuk is a whole adventure,0,0.063193,0,0,0.4,1,1,xlm-roberta-large
test,34,"Ini ngena banget karena belakangan ini gw lagi pesimis dengan kehidupan gw yg akan mendatang, cmn ada hp ga punya laptop pdahal mau masuk jurusan programer dan sekarang gw bakal lulus smk. Hell gw ga tau lagi harus ngapain, i guess i have to be somewhat optimistic so i can do a lot better for my future",0,0.028008,0,0,0.4,1,1,xlm-roberta-large
test,35,Barang-barang yang diperlihatkan sangat mencerminkan insan yang cinta damai ya bunda,1,0.894467,1,1,0.4,1,1,xlm-roberta-large
test,36,Kebanyakan konsumsi bahan 2D kah,1,0.575379,1,1,0.4,1,1,xlm-roberta-large
test,37,Jadi gak melulu dpr,0,0.900399,1,1,0.4,0,0,xlm-roberta-large
test,38,Obatnya: amer,0,0.14682,0,0,0.4,1,1,xlm-roberta-large
test,39,"Jokowi juga kehambat ama Paloh, harusnya piring udah kena reshuffle tapi kalau kena reshuffle yg untung Anies, makanya lagi dicari2 kasusnya Piring bahkan Jokowi ngebela-belain bikin wamen menkominfo.",0,0.013274,0,0,0.4,1,1,xlm-roberta-large
test,40,Kan emang kuliah tujuannya biar ga dicekokin ilmu dari dosen doang. Makanya sering ada ujian dadakan.,0,0.926868,1,1,0.4,0,0,xlm-roberta-large
test,41,Jaga alat penyepong mu anak muda. Pemilik kebenaran itu mereka. Satu tier diatas Rizieq mereka itu.,0,0.960805,1,1,0.4,0,0,xlm-roberta-large
test,42,Kalau besok buah cimpedak tiba2 punah gw cari lo sampe ujung dunia,1,0.064065,0,0,0.4,0,0,xlm-roberta-large
test,43,Bukan kink shaming,0,0.88258,1,1,0.4,0,0,xlm-roberta-large
test,44,"same here, jam stgh 6 pagi udah harus dipinggir jalan nungguin angkot sampe harus 3 kali ganti jurusan angkot saking jauhnya lol",0,0.006181,0,0,0.4,1,1,xlm-roberta-large
test,45,Karena para pengurus masjid itu orang yang beriman/believers sudah pasti mereka tidak rela kalau Nabi Muhammad SAW **dijadikan karikatur untuk alasan apapun**,1,0.640664,1,1,0.4,1,1,xlm-roberta-large
test,46,Well at least yang memang ngaku ke gw kalo indonesia asli. Kalopun ada campuran dari nenek moyang juga kemungkinan gak tau atau udah gak gitu keliatan,0,0.003915,0,0,0.4,1,1,xlm-roberta-large
test,47,"giias untuk lansia menurut faq ga kena biaya, beli tiket juga ga ada pilihan untuk umur yang udah 65+",0,0.017276,0,0,0.4,1,1,xlm-roberta-large
test,48,"Bener sehat, kalo sering kena luka kan lama lama kulit jd tebel. Ntar kulitnya bisa tahan kena tembakan .50 BMG",1,0.788135,1,1,0.4,1,1,xlm-roberta-large
test,49,Startupnya runtuh tapi kyknya “lifestyle” online shop dan online driver susah runtuh. Mungkin downsizing atau ngurangin promo?,0,0.037644,0,0,0.4,1,1,xlm-roberta-large
test,50,Y emang g bs kan? Inner beauty itu effort outer beauty itu mutasi kalo lo emang ud cantik y cantik kalo ga ya ga,0,0.156814,0,0,0.4,1,1,xlm-roberta-large
test,51,"Kalo gw fine aja , tpi klo temen tongkorngan gw pake umpama ""Lu mau sama cewe ga virgin? Rasanya tuh kek elu ngemut permen karet bekas""",0,0.028061,0,0,0.4,1,1,xlm-roberta-large
test,52,Batak kan lagi nguasain istana,0,0.964052,1,1,0.4,0,0,xlm-roberta-large
test,53,Dia uda bilang pls lho,1,0.435271,0,1,0.4,0,1,xlm-roberta-large
test,54,yah buat privilege disini,1,0.891292,1,1,0.4,1,1,xlm-roberta-large
test,55,3. It's just forbidden or haram? =  ini mksd pertanyaannya apa?  haram adalah forbidden,0,0.005566,0,0,0.4,1,1,xlm-roberta-large
test,56,paseo kemasan ijo yg buat bayi itu terbaik sih secara ketebalan dan kelembutan,0,0.011846,0,0,0.4,1,1,xlm-roberta-large
test,57,miiw tapi ini masuk syirik deh soalnya orangnya malah percaya dan bergantung ama ginian bukannya ikhtiar dan tawakal.,0,0.923868,1,1,0.4,0,0,xlm-roberta-large
test,58,Bilang aja kalau kena korona langsung auto kristen karena berarti imannya nggak kuat. Pasti langsung pakai masker biar nggak dituduh murtad,0,0.963984,1,1,0.4,0,0,xlm-roberta-large
test,59,Proses nggak pernah bohong :),0,0.105856,0,0,0.4,1,1,xlm-roberta-large
test,60,Dari sisi kapitalis konsep child-free sangat cocok karena who cares about masa depan kalau bisa dapat uangnya sekarang,1,0.915809,1,1,0.4,1,1,xlm-roberta-large
test,61,"salah tu pak, korban tewas karena sudah ajalnya",1,0.962603,1,1,0.4,1,1,xlm-roberta-large
test,62,"Tenang, udah gw ultimatum kalo dia gendut bakal gw usir dari rumah kog jadi rajin olahraga bareng 👍🏻",1,0.804329,1,1,0.4,1,1,xlm-roberta-large
test,63,Link? Pengen ngecek akun gw kena ga,0,0.11353,0,0,0.4,1,1,xlm-roberta-large
test,64,Yup. Film yang rada annoying even back then karena fokusnya ke turis kulit putih doang.,0,0.011288,0,0,0.4,1,1,xlm-roberta-large
test,65,Regulasi perlindungan konsumen di Indonesia yg msh lemah…,0,0.035645,0,0,0.4,1,1,xlm-roberta-large
test,66,pengalaman gw beberapa hari belakangan gabung ke grup enthusiast teknologi (HP &amp; 3d printer )indo di FB.,0,0.011029,0,0,0.4,1,1,xlm-roberta-large
test,67,Realme sih g tau ya,0,0.878262,1,1,0.4,0,0,xlm-roberta-large
test,68,ada di server komputer Pentium 3 di ruangan yang terbakar,1,0.057229,0,0,0.4,0,0,xlm-roberta-large
test,69,"Hahaha makasi, btw aku gak bisa liat redditor yang di tag :(",0,0.080719,0,0,0.4,1,1,xlm-roberta-large
test,70,Selama bukan flamming harusnya gapapa. Belajar sejarah kan,0,0.924824,1,1,0.4,0,0,xlm-roberta-large
test,71,"Buat sinefil2 w mo nanya, Locarno film festival itu emg bergengsi kah? Sbg awam w taunya Cannes atau Oscar doang soalnya",0,0.004332,0,0,0.4,1,1,xlm-roberta-large
test,72,Efek setelah minum extra joss. Beda lagi kalo abis makan nasi padang.,0,0.003938,0,0,0.4,1,1,xlm-roberta-large
test,73,"ngga kk, ngga limited pada jamannya. sekarang limited karena nyarinya yang masih bagus rada susah lol.",0,0.010072,0,0,0.4,1,1,xlm-roberta-large
test,74,"lah setidaknya ada temen ngobrol, lah gua sendirian nontonnya",0,0.058777,0,0,0.4,1,1,xlm-roberta-large
test,75,"Terima kasih OP. Berkat post kamu, saya kesendak batuk-batuk kuah Indomie Kari Ayam pada pukul 02:25 WIB.",0,0.034651,0,0,0.4,1,1,xlm-roberta-large
test,76,"“Yak kamu kan dapetnya sinovac, kan efek sampingnya ringan, jadi besok masuk spt biasa ya”",0,0.861596,1,1,0.4,0,0,xlm-roberta-large
test,77,"Kunti ada warna merah dan putih karena di Indonesia. Coba kalau di Belanda atau Amrik, pasti ada warna biru.",1,0.059102,0,0,0.4,0,0,xlm-roberta-large
test,78,"Mod gimana sih, thread AMAAnya di sebelah",1,0.216798,0,0,0.4,0,0,xlm-roberta-large
test,79,"Jambak aja rambutnya, masukin kantong, santet deh",1,0.963609,1,1,0.4,1,1,xlm-roberta-large
test,80,"Contoh yang sangat baik dari aparat, bahkan sampai ada dokumentasinya demi kemajuan generasi mendatang",1,0.878105,1,1,0.4,1,1,xlm-roberta-large
test,81,"Emang sih, percaya gak percaya biasanya kalau ada cerita orang ilangnya lama itu emg dibikin nyasar di dunianya mereka.",0,0.007831,0,0,0.4,1,1,xlm-roberta-large
test,82,Pasti itu antek Cina yang deep sleep,1,0.964288,1,1,0.4,1,1,xlm-roberta-large
test,83,"Gue udah lama ga ke mekdi, ada kali 6 bulan lebih. Ini paket beef burger sekarang toppingnya udah diganti sama lettuce kaya big mac atau lagi error ini yg prepare pesenan gue?",0,0.011332,0,0,0.4,1,1,xlm-roberta-large
test,84,"Kalau bukan cowok straight, kayaknya gk gitu perlu, kemungkinan cowok kecil banget buat kena kanker karena hpv.",0,0.094845,0,0,0.4,1,1,xlm-roberta-large
test,85,"'Original thinker' terdekat-nya Indonesia ya bapak bangsa, paling cuma Soekarno, Hatta, kalau kaum Islamis mungkin ada beberapa (3 orang di panitia 9? dan Hamka) sama beberapa kaum kiri (Tan Malaka?)",0,0.104295,0,0,0.4,1,1,xlm-roberta-large
test,86,Apa pendapatmu tentang situasi di papua?,0,0.139924,0,0,0.4,1,1,xlm-roberta-large
test,87,"TIL plat W udah bukan punyanya Sidoarjo sama Gresik doang wkwk, makasih resumenya!",0,0.014037,0,0,0.4,1,1,xlm-roberta-large
test,88,Mungkin maksudnya kurang cosplay,1,0.90723,1,1,0.4,1,1,xlm-roberta-large
test,89,Karena komunis itu ateis,1,0.963231,1,1,0.4,1,1,xlm-roberta-large
test,90,Biar sekolah di cordon bleu kayak chef renata,0,0.963369,1,1,0.4,0,0,xlm-roberta-large
test,91,"Apakah roti bundar (datar) diksh coklat, dimskin oven bisa dibilang pizza?",0,0.127816,0,0,0.4,1,1,xlm-roberta-large
test,92,Data kita bebas diakses khalayak umum,1,0.905782,1,1,0.4,1,1,xlm-roberta-large
test,93,"Karena manusia cenderung bias dan suka mengambil kesimpulan berdasarkan sample dan variabel yang terbatas. Oke dia sukses, dia juga kerja keras, asumsi dia, kerja keras dia yang menyebabkan kesuksesan dia. Padahal kalo diambil variable lain yaitu kekayaan orang tua, yang berpengaruh sebenernya variable tersebut, bukan kerja kerasnya. Tau dari mana? Karena kalo diambil data sample2 lain, yaitu orang2 miskin, bakal terbukti bahwa mereka juga kerja keras, bahkan lebih. Tapi toh mereka ga sukses, karena di bagian variable kekayaan orang tua, nilainya kecil ato bahkan negatif (masyarakat miskin cenderung biayain ortu bukan dibiayin ortu).",0,0.019494,0,0,0.4,1,1,xlm-roberta-large
test,94,&gt; jadi polisi kelas bawah,0,0.824638,1,1,0.4,0,0,xlm-roberta-large
test,95,Bisa. Settingnya ada di voice channel skrg,0,0.007621,0,0,0.4,1,1,xlm-roberta-large
test,96,Pilihannya hanya dibuang atau didaur ulang jadi lap/keset.,0,0.101947,0,0,0.4,1,1,xlm-roberta-large
test,97,"- kalo pake ‘nya’ situasi ini, harus ingat ada perbandingan, secara jelas atau tersirat",0,0.003566,0,0,0.4,1,1,xlm-roberta-large
test,98,Jadinya ya... meh. Bakal bacot di tempat anonim aja ah. hehehehe,0,0.175962,0,0,0.4,1,1,xlm-roberta-large
test,99,Fluozetine itu SSRI,0,0.584494,1,1,0.4,0,0,xlm-roberta-large
test,100,hei hei hei. anda koq tidak menghargai talenta lokal?,1,0.963022,1,1,0.4,1,1,xlm-roberta-large
test,101,"Bekam tu prinsipnya ngeluarkan darah kotor dari badan, caranya ya disedot gitu modelannya.",0,0.24608,0,0,0.4,1,1,xlm-roberta-large
test,102,"anak ga bisa makan ga bisa skolah bukan masalah, yg penting ngewe enak.",1,0.357357,0,0,0.4,0,0,xlm-roberta-large
test,103,HAHAHA liar bet imajinasinya,0,0.159675,0,0,0.4,1,1,xlm-roberta-large
test,104,Soalnya ga bawa agama atas nama mukjizat,1,0.963472,1,1,0.4,1,1,xlm-roberta-large
test,105,Iya cuma presiden dipilih oleh rakyat umum kok.,1,0.581808,1,1,0.4,1,1,xlm-roberta-large
test,106,Belom tau ni w. Yg kira2 bagus yg mana ya?,0,0.011201,0,0,0.4,1,1,xlm-roberta-large
test,107,Rakyat Tangsel juga ngarep2 dibebaskan dari penjajahan dinasti,0,0.429699,0,1,0.4,1,0,xlm-roberta-large
test,108,Pengen hemat kuota internet tapi g bisa hidup tanpa tiktok,0,0.859546,1,1,0.4,0,0,xlm-roberta-large
test,109,"Ya karena dia gak pernah kena rasanya. Either lo bawa ke dokter jiwa karena emang ini sebuah kelainan, atau lo lepasin aja biar ditampar sama kehidupan",0,0.078219,0,0,0.4,1,1,xlm-roberta-large
test,110,"Di Unpad (nangor) banyak. Di DU udah ada ceu Euis, di Telyu ada Mekdun, di Widya ada Yurin. Di Unpar masa rich rich semua sih?",0,0.048677,0,0,0.4,1,1,xlm-roberta-large
test,111,anis gubernur indonesia kan? dia harus tanggung jawab sih menurut ku,1,0.371108,0,0,0.4,0,0,xlm-roberta-large
test,112,Caranya jual tuh hp ganti... Wkwkwkw....,1,0.781789,1,1,0.4,1,1,xlm-roberta-large
test,113,"Tergantung budget, jadi ini hasil gw belajar ya 😂😂",0,0.019569,0,0,0.4,1,1,xlm-roberta-large
test,114,"Apalagi kalo lu sampe ngeselin pihak yg salah (istri/anak/sodara/simpenan pejabat ato org penting misalnya), lu bakal diabisin. Kalo seandainya lu sukses n ketahuan bikin ginian terus viral, gudlak UU pornografi.",0,0.145722,0,0,0.4,1,1,xlm-roberta-large
test,115,perfume mayat hanyalah gimmick,0,0.873808,1,1,0.4,0,0,xlm-roberta-large
test,116,TV-nya suka suicidal ya?,1,0.905698,1,1,0.4,1,1,xlm-roberta-large
test,117,Itu air putih bekasnya belle delphine?,0,0.283484,0,0,0.4,1,1,xlm-roberta-large
test,118,SIMI - Surat Izin Menggunakan Internet,0,0.116011,0,0,0.4,1,1,xlm-roberta-large
test,119,"uraaaaaaa!, semoga Allah melindungi paman putin",1,0.918224,1,1,0.4,1,1,xlm-roberta-large
test,120,"Ini yang jobdesc nya culun"", mending skalian isi linkedin nya sesuai kenyataan + kantor asli nya",0,0.03475,0,0,0.4,1,1,xlm-roberta-large
test,121,Pernah beli gelas2 unyu dr luar. Totalnya kl ga salah 200an sama ongkir. Sama pos disuruh bayar +- 50rb kalo mau barangnya keluar (barangnya ditahan di kantor pos),0,0.002715,0,0,0.4,1,1,xlm-roberta-large
test,122,Bukan memang tugas art salah satunya laundry?,0,0.323487,0,0,0.4,1,1,xlm-roberta-large
test,123,"MAKSUD MU APA HAH? KAN BANYAK TOL JADINYA BISA MENGURAI KEMACETAN, BAGUS DONG KALO DI ALIHIN",1,0.919208,1,1,0.4,1,1,xlm-roberta-large
test,124,Saya setuju. Saya dukung Anda. Kapan bikin ormas?,0,0.900179,1,1,0.4,0,0,xlm-roberta-large
test,125,macet dari depan griya kencana 1 sampe ciledug indah itu uda pasti setiap jam 5 sore wwkwk,0,0.010653,0,0,0.4,1,1,xlm-roberta-large
test,126,"sblumnya , udah janji mau ngobrol di desember. gegara gak sempet dateng pas liburan agustus. kan jadi ngerasa gak nepatin janji :(",0,0.023286,0,0,0.4,1,1,xlm-roberta-large
test,127,Saya akan merekomendasikan [kanal YouTube berikut](<link> untuk hal2 terkait ekonomi.,0,0.00506,0,0,0.4,1,1,xlm-roberta-large
test,128,Operasi Ganyang 2.0,1,0.117826,0,0,0.4,0,0,xlm-roberta-large
test,129,Orang polos bahasa inggris nya apa,0,0.8156,1,1,0.4,0,0,xlm-roberta-large
test,130,ya bilang lah repot amat. ini keadaan logikal dan basic in any kind of situation. Kenapa kawin kalo beginian doang takut diomongin.,0,0.174692,0,0,0.4,1,1,xlm-roberta-large
test,131,"Mungkin counter intuitive tapi imo ya kalo misalnya cerai itu “normal” (ini ngomong dari perspektif orang luar) karena banyak alasan cerai dan biasa ga sopan buat kepoin, kalo orang udah tunangan tapi cancel orang lebih bertanya2.",0,0.00519,0,0,0.4,1,1,xlm-roberta-large
test,132,"Wow hukumannya berat banget, lebih buruk daripada pemecatan, pasti bakalan membuat mereka jera",1,0.680321,1,1,0.4,1,1,xlm-roberta-large
test,133,Yang penting itu berkorban untuk negara dong,1,0.962214,1,1,0.4,1,1,xlm-roberta-large
test,134,"Ini ga kejauhan? Keknya equipment kek gini masih wajar kalau cuma dipake spec ops. Cuma harusnya udah standar spec ops sih. Untuk infanteri biasa, ya HT ajalah\~.",0,0.004174,0,0,0.4,1,1,xlm-roberta-large
test,135,2. Pemerintah kayak apa juga bakal harus bagi jabatan dsb. Bagi jabatan itu sebenernya ngurangi kegoblokan.,0,0.007726,0,0,0.4,1,1,xlm-roberta-large
test,136,"Yang terpenting adalah bloknya. Kalau udah di blok yang sistemnya mirip, demokrasi, masyarakat terbuka, dsb. banyak cacatnya, oke tapi lebih baik masih di sini. Rumput tetangga enggak selamanya lebih hijau. Ada harga mahal yang harus dibayar kalau semakin mengarah ke dalam otoritarianisme, yang pasti akan terjadi jika condong ke sana.",0,0.004408,0,0,0.4,1,1,xlm-roberta-large
test,137,"Gaji guru itu sebenernya udh setara UMR. Cuma sebagian besar baru bisa ditebus di akhirat, dalam bentuk pahala.",1,0.269374,0,0,0.4,0,0,xlm-roberta-large
test,138,Ketika dua orang gblk saling adu kepintaran,0,0.963916,1,1,0.4,0,0,xlm-roberta-large
test,139,sekilas baca pake jamet,0,0.121999,0,0,0.4,1,1,xlm-roberta-large
test,140,"Lebih gampang lagi ""Sarung Returns""",0,0.112551,0,0,0.4,1,1,xlm-roberta-large
test,141,Makanya mending pakai volunteer terutama anak2 kuliahan semesteran terakhir. Pasti excited bgt tuh kan hitungannya volunteer sama Dirjen Pajak,0,0.270432,0,0,0.4,1,1,xlm-roberta-large
test,142,Gila-gila orang protes biar Netflix di unblock gini amat ya,1,0.385512,0,0,0.4,0,0,xlm-roberta-large
test,143,"Kalau itungan duit, beli pemain dengan image superstar ginian walau mainnya jelek atau gak menang apa-apa tetep ketutup kok bahkan sampai untung.",0,0.121009,0,0,0.4,1,1,xlm-roberta-large
test,144,*pake logat Melayu*,0,0.102215,0,0,0.4,1,1,xlm-roberta-large
test,145,"Ya udah ,buka onlyfans aja",0,0.250683,0,0,0.4,1,1,xlm-roberta-large
test,146,Jual peninggi badan pemutih badan,1,0.630365,1,1,0.4,1,1,xlm-roberta-large
test,147,"Mungkin si cowo menjaga biar ga ada omongan spt itu, jd tunggu mandiri baru serius bina hubungan..",0,0.421574,0,1,0.4,1,0,xlm-roberta-large
test,148,"orang kayak gini berarti punya mental bebek, orang ngelakuin A malah ikut A.",0,0.849722,1,1,0.4,0,0,xlm-roberta-large
test,149,"oh gitu, emang asu sekali ini provider tri",0,0.437763,0,1,0.4,1,0,xlm-roberta-large
test,150,"aye punya boneka banyak, bang. beli buat aye sendiri.",0,0.053601,0,0,0.4,1,1,xlm-roberta-large
test,151,"Emg 2024 masih musim ya maen kadrun-kodok? Kyknya polarisasi bakal ada (thx to 20% presidential treshold), tp kubunya bukan kadrun-kodok lagi kyk 10 tahun terakhir",0,0.00934,0,0,0.4,1,1,xlm-roberta-large
test,152,Anggep saja ini prestasi dari PBSI karena cabang yang lain gak keliatan prestasinya,1,0.913907,1,1,0.4,1,1,xlm-roberta-large
test,153,That's good to hear mbaaa. Aku sendiri pagi ini rasanya good mood stlah kemarin minggu seru hangout sama temen2. Balas dendam untuk sabtunya mengkurep seharian di kamar 🥲,0,0.006837,0,0,0.4,1,1,xlm-roberta-large
test,154,"Buat yg harga dibawah 100k, gak ada preferensi. Kalo nyinggung elektronik lebih kearah brand2 Jepun (meski ujung2nya made in china). Selain itu sering riset dulu bisa bongkar sendiri gak. Well.. Beberapa brand Korea juga sih (baca: LG)",0,0.002091,0,0,0.4,1,1,xlm-roberta-large
test,155,"Revisi jadi 4, barusan kegigit lagi",0,0.038939,0,0,0.4,1,1,xlm-roberta-large
test,156,"bener ni, kemaren ada tu penayangan ulang sitcom suami suami talut istri, pas nonton kok banyak kata kata yang disensor seperti janda ikan asin. film warkop DKI aja kadang banyak tesensor.",0,0.016029,0,0,0.4,1,1,xlm-roberta-large
test,157,Hanya orang goblok dan tolol yang ```git add .```. Nyusahin aja goblok.,0,0.923143,1,1,0.4,0,0,xlm-roberta-large
test,158,"great idea! what's next, Indonesia punya satu suku aja biar makin ga gampang dipecahbelah?",1,0.927659,1,1,0.4,1,1,xlm-roberta-large
test,159,"Muhammadiyah gapunya afiliasi ke PPP, dulunya punya afiliasi ke PAN gara2 Amin Rais disono.",0,0.036084,0,0,0.4,1,1,xlm-roberta-large
test,160,"Kosan gw model eksklusif walaupun cm 2jt, ini aja campur kok",0,0.120439,0,0,0.4,1,1,xlm-roberta-large
test,161,"Yah persoalan ping ini memang sudah melekat di Indihome. Selama ga mati seharian masi ok lah, bisa switch mobile carrier.",0,0.003286,0,0,0.4,1,1,xlm-roberta-large
test,162,"Banyak ayam yang tidak pernah sempat mendapat pendidikan dan yang berhasil mendapatkanya, berakhir tragis. Betapa tidak adilnya dunia terhadap ayam.",0,0.825449,1,1,0.4,0,0,xlm-roberta-large
test,163,wuidih udah fix ke jakarta nih kayaknya,0,0.064007,0,0,0.4,1,1,xlm-roberta-large
test,164,Indos+Nesos jg muncul di soal Wawasan Nusantara / Wawasan Kebangsaan,0,0.05445,0,0,0.4,1,1,xlm-roberta-large
test,165,Joki tugaslah,1,0.828002,1,1,0.4,1,1,xlm-roberta-large
test,166,"Nek jarene koncoku, gak jumatan gak oleh sandal ngab",1,0.060032,0,0,0.4,0,0,xlm-roberta-large
test,167,Keuntungan golkar:,0,0.208945,0,0,0.4,1,1,xlm-roberta-large
test,168,Ini sebuah penistaan kaum ayam bawang.,0,0.961642,1,1,0.4,0,0,xlm-roberta-large
test,169,Kaminomi dan Iyowa tuh siapa bang?,0,0.552359,1,1,0.4,0,0,xlm-roberta-large
test,170,Itu kiri bawah isinya poster wibu ya?,0,0.33497,0,0,0.4,1,1,xlm-roberta-large
test,171,"For about 5 yrs dia lbih gde gajiny dr pada gw, skg dia gajiny 60an",0,0.040087,0,0,0.4,1,1,xlm-roberta-large
test,172,palingan gara2 gakeflair/ kalah cepet sama ini,0,0.026964,0,0,0.4,1,1,xlm-roberta-large
test,173,Cuma Tuhan yang bisa memberi pengampunan,1,0.894698,1,1,0.4,1,1,xlm-roberta-large
test,174,dia ngarepnya terjadi penembakan massa biar bisa teriak acab dan turunkan jokowi,1,0.761361,1,1,0.4,1,1,xlm-roberta-large
test,175,"Yang cintanya nyata dalam tindakan, perilaku, komunikasi dan segala aspek pikiran dan kehidupan...",0,0.092934,0,0,0.4,1,1,xlm-roberta-large
test,176,Gojekin kartu debit/kredit terus kamu whatsapp nomor pin mu ke dia?,1,0.084947,0,0,0.4,0,0,xlm-roberta-large
test,177,"Old machine from 2015. Acer Aspire something. RAM 2GB (gue nyoba tambah RAM sendiri, eh partnya ada yg patah akhirnya gabisa nyala laptopnya F), i3 2GHz, 500 HDD. Rencananya laptop ini mau diservis buat sementara. Ntar kalo beasiswa cair, plus ada duit (either from part time or begging from parent) bakal beli. Cuman uang beasiswa cairnya masih 6 bulan lagi hahaha... :(",0,0.005566,0,0,0.4,1,1,xlm-roberta-large
test,178,Ente ke cafe mau beli kopi juga terjadi perjanjian jual beli.,0,0.043896,0,0,0.4,1,1,xlm-roberta-large
test,179,"Awalnya pure MRT + sepeda lipat dari stasiun ke kos/kantor, lalu pure ojol waktu diskon boom, gw sekali jalan radio dalam sency cuma 1rb, akhirnya gw beli motor matic sendiri",0,0.011687,0,0,0.4,1,1,xlm-roberta-large
test,180,"SJW indo itu beda species... Biasanya yg dibela cuma mayoritas, biar dpt followers. Aktivis HAM aja lbh fokus bela tersangka teroris drpd minoritas yg kena bunuh/cacat.",0,0.04123,0,0,0.4,1,1,xlm-roberta-large
test,181,Lah kan banyak buktinya! Tuh borobudur peninggalan nabi! Gaj ahmada! Ahmad Matulessy!!!,1,0.963712,1,1,0.4,1,1,xlm-roberta-large
test,182,Hah? Ini satir kan?,0,0.891055,1,1,0.4,0,0,xlm-roberta-large
test,183,Dmn? Gw jg mau ganti dokter gigi baru,0,0.112065,0,0,0.4,1,1,xlm-roberta-large
test,184,&gt; org yg terpaksa jual diri sama om2,0,0.075244,0,0,0.4,1,1,xlm-roberta-large
test,185,">Dilansir dari laman Kementerian Koordinator Bidang Pembangunan Manusia dan Kebudayaan (Kemenko PMK), Selasa (21/2/2023), kemiskinan Ekstrem merupakan kondisi ketidakmampuan masyarakat dalam memenuhi kebutuhan dasar, yaitu makanan, air bersih, sanitasi layak, kesehatan, tempat tinggal, pendidikan dan akses informasi terhadap pendapatan dan layanan sosial.",0,0.058025,0,0,0.4,1,1,xlm-roberta-large
test,186,well Jatim sudah agak sesek penduduk juga sih,1,0.414343,0,1,0.4,0,1,xlm-roberta-large
test,187,la la la galileo ini lagu?,0,0.289372,0,0,0.4,1,1,xlm-roberta-large
test,188,"masuk kamar, posisiin yg nyaman, setel podcast ceramah, ntar ngantuk dan ketiduran..",0,0.01778,0,0,0.4,1,1,xlm-roberta-large
test,189,"If there's anything people despise more than extreme religion, it's extreme corruption. Makin parah korupsi makin orang terinsentif untuk mikir ""eh kelompok garis keras ini oke juga kayaknya..."".",0,0.054149,0,0,0.4,1,1,xlm-roberta-large
test,190,Edit: baru ngecek harga mereka di tokped dan hasilnya,0,0.01302,0,0,0.4,1,1,xlm-roberta-large
test,191,masih sehat. level paling tinggi sama juki,0,0.268654,0,0,0.4,1,1,xlm-roberta-large
test,192,"skill buruh harian disini yang meh.. saya ngecat lantai 1, dia ngecat lantai 2 (ada balkon jadi nggak pakai manjat). luas permukaan yang dicat sama, dia selesai 5 hari, saya 2 hari. hasil sama aja nggak mulus2 amat. langsung tak pecat.",0,0.010308,0,0,0.4,1,1,xlm-roberta-large
test,193,a. di bawah pengawasan langsung dari orang tua atau wali;,0,0.02342,0,0,0.4,1,1,xlm-roberta-large
test,194,"""Delusional wibu"" itu pemborosan kata. Cukup ""delusional"" atau ""wibu"" aja",1,0.502472,1,1,0.4,1,1,xlm-roberta-large
test,195,"Far right AS setengah benar bahwa Obama itu ""presiden asing"", cuman yg dia bawa bukan Kenya tapi Jawa.",0,0.065485,0,0,0.4,1,1,xlm-roberta-large
test,196,"Simpelnya lu tinggal milih mau ngejer goalnya apa, science? culture? apa domination?",0,0.141341,0,0,0.4,1,1,xlm-roberta-large
test,197,justru kesempatan developer lokal bikin game engine sendiri,1,0.887497,1,1,0.4,1,1,xlm-roberta-large
test,198,Konyol jg ini. Osis (dan ketua) yg kerjanya gabecus banyak padahal,0,0.078219,0,0,0.4,1,1,xlm-roberta-large
test,199,"Pengalaman sama op shop di australia, kalo di thrift store kekinian indonesia belum pernah nemu yg jual barang2 bekas selain pakaian",0,0.00838,0,0,0.4,1,1,xlm-roberta-large
test,200,"Rencananya pengen ke RPP. Indomie salted egg nya enak banget, plus udah lama ga makan roti bakar 🤤",0,0.005271,0,0,0.4,1,1,xlm-roberta-large
test,201,Sabar lihat trafficnya itu lho hahaha udah kebiasa main game kebut-kebutan jadinya geregetan + takut nubruk hahaha btw the best kalau nyetel Country Roads pas sepi.,0,0.042364,0,0,0.4,1,1,xlm-roberta-large
test,202,"Mental bootlicking ini yg bikin Indonesia bobrok. Karyawan isinya tolol, gak becus, tapi masuk karena bootlicking.",0,0.437245,0,1,0.4,1,0,xlm-roberta-large
test,203,"Tapi iya, emang penggunaan internet dan data secara umum naik sejak COVID.",0,0.052134,0,0,0.4,1,1,xlm-roberta-large
test,204,"Udah sampe Jogja, rasanya pengen turun di sini aja :(",0,0.015845,0,0,0.4,1,1,xlm-roberta-large
test,205,"Ampun dah beli motor mahak bisa, bayar sejuta buat bikin sim gabisa",1,0.922761,1,1,0.4,1,1,xlm-roberta-large
test,206,"Kalau ada successor yg klaimnya berbeda, akan menjadi pertanyaaan, lo yakin true successor apa bukan? Dan kok malah “melemahkan” diri sendiri dengan nge-klaim lebih sedikit. Lo mampu gk jd “true successor”? Klo gk mampu, mungkin lo bukan true successornya.",0,0.017013,0,0,0.4,1,1,xlm-roberta-large
test,207,malunya sampai ke aurat,0,0.960657,1,1,0.4,0,0,xlm-roberta-large
test,208,Okee udah lumayan banyak sekarang gw mau pindah ke singapore di indo mulu nanti gak maju2 haha,1,0.011915,0,0,0.4,0,0,xlm-roberta-large
test,209,Pecel sayur + 3 risoles + 1 tahu + 1 lontong + 1 pisang goreng. Kamu?,0,0.010694,0,0,0.4,1,1,xlm-roberta-large
test,210,Coba cari cewek Palembang. Mostly muslim dan banyak yang cukup sipit untuk dikira cina.,0,0.050284,0,0,0.4,1,1,xlm-roberta-large
test,211,"Kalau bisa, jangan copot sendal/ sepatu kalau lagi nyetir mobil, biar tau feel sebenernya buat kopling. Entar kebiasaan ngga pake alas kaki, kalau pas pake alas kaki, ngga bisa dapet feel dari kopling, bingung.",0,0.028061,0,0,0.4,1,1,xlm-roberta-large
test,212,Swap kudu selalu ada,0,0.372748,0,0,0.4,1,1,xlm-roberta-large
test,213,"Kayanya pernah liat dokumentasi telur di jepang gitu. Peternaknya ngasih pakan yg warnanya merah2. Katanya cuman ngaruh ke warna aja, buat marketing.",0,0.02494,0,0,0.4,1,1,xlm-roberta-large
test,214,"Yahh sayangnya mereka org kaya, mesti dapet pengobatan yg intensif bikin sampah2 kek mereka ga mati2",0,0.963746,1,1,0.4,0,0,xlm-roberta-large
test,215,berarti 3 jenis bahan ini dimasukin aja gt ke dalam berasnya?,0,0.215846,0,0,0.4,1,1,xlm-roberta-large
test,216,Loh satpam kok gak tau wilayah,0,0.956594,1,1,0.4,0,0,xlm-roberta-large
test,217,"\- side gig di /r/beermoney  pantengin, gw kerjain itu 4 bulan dapet $1200++ lebih dikit gausa bayar tax lagi, [doctorofcredit.com](<link> juga bagus buat side gig, lu buka tutup bank acc 1 taun bisa kekumpul $1.5k tp bayar tax",0,0.004391,0,0,0.4,1,1,xlm-roberta-large
test,218,Rendi : oke tapi kamu jadi slave pet aku yah *wink,1,0.099034,0,0,0.4,0,0,xlm-roberta-large
test,219,"kalo dokter misal nya anak ips ga ada dasar biologi, walaupun masuk jurusan dokter ga mungkin lulus kuliah dong. Orang tersebut nanti dropout, ga bakal ada masalah lulusan dokter abal abal. Menurut gw gitu sih diperketat aja pas kuliah nya",0,0.198685,0,0,0.4,1,1,xlm-roberta-large
test,220,"Ketar ketir kenapa, mereka kan saudara kita",1,0.938632,1,1,0.4,1,1,xlm-roberta-large
test,221,maksudnya dari Paddle > Wise > BCA gitu?,0,0.019033,0,0,0.4,1,1,xlm-roberta-large
test,222,"Kode segitiga plastik yang mengandung BPA adalah <<hashtag>> (namun tidak semua plastik dengan kode ini mengandung BPA, hanya plastik polikarbonat/polycarbonate plastic)",0,0.013956,0,0,0.4,1,1,xlm-roberta-large
test,223,Kayaknya OP baru lahir,0,0.825836,1,1,0.4,0,0,xlm-roberta-large
test,224,"Ya begitulah, disini yg desinfeksi itu adalah 'program' dari kelurahan. Tapi RT gw dan ada RT lain yg gabung untuk semprot desinfeksi mandiri juga.",0,0.008332,0,0,0.4,1,1,xlm-roberta-large
test,225,Um kenapa ya Cobazim dan Mecobalamin harus pakai resep dokter sedangkan Cyanocobalamin bebas? Padahal termasuk kelompok B12 juga kan.,0,0.167695,0,0,0.4,1,1,xlm-roberta-large
test,226,But but agama kan baik mana ada yang namanya mabok agama. Lu aja yang tapir gak mau dengerin perintah agama,1,0.96395,1,1,0.4,1,1,xlm-roberta-large
test,227,"Pak Bondan juga karena ada di tipi, makanya tau.",0,0.177454,0,0,0.4,1,1,xlm-roberta-large
test,228,"Rekam dulu pak, enggak ada bukti rekaman malah dituduh fitnah nanti",0,0.875361,1,1,0.4,0,0,xlm-roberta-large
test,229,"Setau gw F-35 cuma buat sekutu US, Indo kalo bisa dapet berarti pada saat yang sama harus deal besar juga dengan Cina atau Rusia agar mempertahankan status ""bebas aktif""-nya.",0,0.013929,0,0,0.4,1,1,xlm-roberta-large
test,230,"wah makasih gan, saya sebagai fakboi yang biasa naik vespa sambil redditan akhiranya tersadarkan",1,0.435121,0,1,0.4,0,1,xlm-roberta-large
test,231,"""Looh kan waktunya jauuuh dibawah atlet lokal. Ya wajar duitnya segitu doang""",1,0.964052,1,1,0.4,1,1,xlm-roberta-large
test,232,"Kalo suka dan minat dengan biologi yg terapan setauku di UB ini banyak fakultas dan pilihan jurusan. Jd ga sebatas di MIPA aja. Biotek gitu2 setauku ada di pertanian, teknologi pertanian, perikanan dan ilmu kelautan, peternakan, dan Mipa.",0,0.004468,0,0,0.4,1,1,xlm-roberta-large
test,233,"item is olright, kalau ada motif or ornamen merahnya lebih oke lagi.",0,0.0147,0,0,0.4,1,1,xlm-roberta-large
test,234,Influence nya ya ada,0,0.101589,0,0,0.4,1,1,xlm-roberta-large
test,235,Bayar mail provider buat client kan biaya lagi (//.\\) mending duitnya buat pelicin,1,0.842992,1,1,0.4,1,1,xlm-roberta-large
test,236,Kan tinggal nebeng ortu,1,0.962883,1,1,0.4,1,1,xlm-roberta-large
test,237,Lah Indonesia kan cuma Jabodetabek,1,0.963403,1,1,0.4,1,1,xlm-roberta-large
test,238,Kemungkinan kecil. Puan itu hampir pasti jadi penerus Bu Mega/Ketum PDIP baru.,0,0.395169,0,0,0.4,1,1,xlm-roberta-large
test,239,Total Buah Segar,0,0.025371,0,0,0.4,1,1,xlm-roberta-large
test,240,\&gt;ada 2 'pelawak' asuhan bapak tani5,1,0.054955,0,0,0.4,0,0,xlm-roberta-large
test,241,susi susanti? wah jadi tersanjung 😌,0,0.198297,0,0,0.4,1,1,xlm-roberta-large
test,242,ga fair semua agama jelek karena beberapa doang dong sob yang munafik 🤣,1,0.961678,1,1,0.4,1,1,xlm-roberta-large
test,243,Plot twistnya bener-bener salah satu yang paling unexpected dalam industri film indonesia bagi gw.,0,0.014588,0,0,0.4,1,1,xlm-roberta-large
test,244,">Ngomong proses hukum Jhonny deep sama amber itu ""hate to woman"" padahal bukti lebih kuat kayak rekaman dan video kdrt mayoritas justru dari amber....",0,0.036288,0,0,0.4,1,1,xlm-roberta-large
test,245,"ikuti jejak mod kampret dulu, ke toilet terus lu main reddit disana",0,0.162979,0,0,0.4,1,1,xlm-roberta-large
test,246,"Tapi, pemilik web A bisa tau aktivitaslu di web B bisa lewat tracking, facebook tau aktivitaslu di online shop, karena online shop tsb kirim data aktivitas lu di online shop tsb ke facebook, pas lu buka facebook dengan email yg sama, lu jadi sasaran retargeting dan ads campaignnya online shop tsb.",0,0.032436,0,0,0.4,1,1,xlm-roberta-large
test,247,Butuh kopi mungkin,0,0.300438,0,0,0.4,1,1,xlm-roberta-large
test,248,"Walopun sipat lelaki sama semua, tp harta gono gini tiep insan beda2.",1,0.194291,0,0,0.4,0,0,xlm-roberta-large
test,249,"Kalau udh cantik,tulus,gak matre mungkin br nyesel",1,0.170923,0,0,0.4,0,0,xlm-roberta-large
test,250,mid range 3-4 tahunan (tergantung support systemnya),0,0.002487,0,0,0.4,1,1,xlm-roberta-large
test,251,"Karena gw biasanya cuma jalan sama temen yang deket banget, ngobrolnya nyambung dan kapasitas perutnya mirip, jadi kita bedua biasanya dikit-dikit makan/ngemil/ngopi/jajan. Literally kalo gw ke mall dari siang sampe malem, guaranteed at least 3x makan.",0,0.004468,0,0,0.4,1,1,xlm-roberta-large
test,252,"alhamdulillah, Indonesia menuju monopoli/duopoli.",0,0.902395,1,1,0.4,0,0,xlm-roberta-large
test,253,lupa nambah,1,0.417509,0,1,0.4,0,1,xlm-roberta-large
test,254,"Gw perna jalan di jemursari sekitar 2km di daerah hotel situ, trotoarnya bagus secara lihat mata.",0,0.002699,0,0,0.4,1,1,xlm-roberta-large
test,255,Sekalian pohon2 diganti plastik aja biar bersih dan air hujan turun ketanah sesuai kehendak yg atas,1,0.964422,1,1,0.4,1,1,xlm-roberta-large
test,256,Maksudnya guru dan orang tua tempo doloe?,1,0.514888,1,1,0.4,1,1,xlm-roberta-large
test,257,Tenang gaes Corona baru masuknya baru tanggal 1,0,0.897156,1,1,0.4,0,0,xlm-roberta-large
test,258,oom punggungnya pasti dah sering pegel pegel,0,0.136378,0,0,0.4,1,1,xlm-roberta-large
test,259,"lain ceritanya kalau barusan brojol udah minta motor dan iphone, nah kalau begini ""bisa"" protes tidak minta di lahirin",1,0.259873,0,0,0.4,0,0,xlm-roberta-large
test,260,banyak yg gabung golkar berarti,1,0.521837,1,1,0.4,1,1,xlm-roberta-large
test,261,pasti tau siapa jadinya,1,0.894651,1,1,0.4,1,1,xlm-roberta-large
test,262,"Tapi kalau lebaran, misalnya cuti bersama ada 3, nggak dipotong sih cuti tahunan.",0,0.043083,0,0,0.4,1,1,xlm-roberta-large
test,263,"Emang dulu sebelum ngetrend hijrah, ngucapin selamat hari raya apapun ngga pernah ada masalah. Gw sama temen2 gw yg beda agama juga sama koq. Cuma setelah indo jadi lebih konservatif, gw jadi rada males mau ngucapin apa2, takut salah ngomong.",0,0.011158,0,0,0.4,1,1,xlm-roberta-large
test,264,- bude: bultang depok,0,0.037468,0,0,0.4,1,1,xlm-roberta-large
test,265,"Iya ini makes sense juga sih, cewenya tinggal sebarin cerita ke lingkungan dia klo ada cowok yg udah crossing the line. Klo komunitas nya bener harusnya ada yg ngingetin si cowok.",0,0.006388,0,0,0.4,1,1,xlm-roberta-large
test,266,Bukannya 5 tahun ya?,0,0.050471,0,0,0.4,1,1,xlm-roberta-large
test,267,cuman bisa jawab yg ini aja,0,0.08772,0,0,0.4,1,1,xlm-roberta-large
test,268,"Di deket rumah ada Dr. gadget, udah kesana beberapa kali bilang sparepart nya gaada mulu...",0,0.033844,0,0,0.4,1,1,xlm-roberta-large
test,269,"setuju, kedengarannya jahat, cmn bagi diatas, kita itu bisa banget diganti. Toh populasi kita bertambah terus, peduli amad meninggal beberp. Ekonomi kalau hancur bisa chaos, negara bisa goyah, makannya dibiarkan saja",0,0.679099,1,1,0.4,0,0,xlm-roberta-large
test,270,"Inb4 ""tiga periode"". Lom lagi kalo ortunya anti bukan spesifik Jokowi doang, would wapres Puan count? Even Prabowo juga bukan ""oposisi"". Misal Presiden Anies Keffiyeh Baswedan pun, menteri segala urusan bisa jadi tetep Luhut.",0,0.00814,0,0,0.4,1,1,xlm-roberta-large
test,271,Coba [<link> Kalau masih baru mungkin belum ada tp mungkin bbrp bulan lg bisa nonton disana.,0,0.004691,0,0,0.4,1,1,xlm-roberta-large
test,272,Kalau vape gapapa dok?,0,0.534218,1,1,0.4,0,0,xlm-roberta-large
test,273,Kalo masalah di colokan kok dapet notif plug/unplug earphone sih,0,0.147494,0,0,0.4,1,1,xlm-roberta-large
test,274,aq kira buat bantal tidur.,0,0.143487,0,0,0.4,1,1,xlm-roberta-large
test,275,"Thanks, kadang giliran gw serius malah pada fokus ke username gw",0,0.028355,0,0,0.4,1,1,xlm-roberta-large
test,276,"Sayang di game terakhir Vengeful Spirit kayak ngerusak strategi T1, mana Whitemon sering kena ganking waktu di jungle., padahal kalo lihat di game 1 kayak menjanjikan banget.,",0,0.01989,0,0,0.4,1,1,xlm-roberta-large
test,277,tl;dr EV Tunggu harga lebih kompetitif. Cost yang berhubungan dengan EV lebih predictable. Charging bisa di rumah. Banyak subsidi.,0,0.004728,0,0,0.4,1,1,xlm-roberta-large
test,278,"Jabodetabek sih, Bogor tepatnya. Ok noted, gue coba dulu.",0,0.010388,0,0,0.4,1,1,xlm-roberta-large
test,279,"maaf ga makan babi, tapi hayu kalo mabok",1,0.912124,1,1,0.4,1,1,xlm-roberta-large
test,280,klo ga ada harga diri nanti ga bisa jual diri,0,0.944995,1,1,0.4,0,0,xlm-roberta-large
test,281,pakai kelelawar ngga?,1,0.619399,1,1,0.4,1,1,xlm-roberta-large
test,282,"Kalo misalnya ini bikin publisher/developer lebih mau nurutin regional pricing dibandingin yang kayak sekarang, dimana banyak banget yang langsung matok US$60 jadi Rp. 780k, gw sih gak masalah.",0,0.007786,0,0,0.4,1,1,xlm-roberta-large
test,283,Gw belum donlot. Update berapa GB nih?,0,0.047118,0,0,0.4,1,1,xlm-roberta-large
test,284,salah satu referensi yang digunain itu emg canberra. [Jokowi kunjungi canberra](<link>,0,0.069289,0,0,0.4,1,1,xlm-roberta-large
test,285,"Nah disinilah kita perlu perubahan pola pikir yang baik, Kita itu sebenarnya gak ada yang superior atau inferior secara objektif, kita semua sama-sama banyak tidak tahu, sama-sama Homo Sapiens bahkan orang jenius saja pasti tidak tahu tentang banyak hal, misalnya Albert Einstein mungkin tahu tentang Fisika, tapi apakah dia tau cara membatik?",0,0.73077,1,1,0.4,0,0,xlm-roberta-large
test,286,kalibre exploder.. bisa jadi selempang atau backpack dan lebarnya bisa diextend kalo butuh,0,0.137185,0,0,0.4,1,1,xlm-roberta-large
test,287,Jenius kenapa? kok gak bisa dibuka dari jam 3an,0,0.819171,1,1,0.4,0,0,xlm-roberta-large
test,288,Tapi sampe tujuan entah ya.,0,0.04154,0,0,0.4,1,1,xlm-roberta-large
test,289,Oh iya mgkin dia kurang faith.. shg lbh fokus ke pikiranny drpd yakin sm pertolongan yg d atas,1,0.410413,0,1,0.4,0,1,xlm-roberta-large
test,290,"Indonesia itu obral bebas visa. Salah satu loophole yang dipakai itu visa jumping. Jadi sebelum masa stay dengan bebas visa habis, seseorang bisa reset masa stay dengan ""lompat"" ke negara lain yang juga bebas visa, stay beberapa hari saja, habis itu balik lagi. Repeat as many times as needed",0,0.03147,0,0,0.4,1,1,xlm-roberta-large
test,291,Yk ngb,0,0.014814,0,0,0.4,1,1,xlm-roberta-large
test,292,"kami hanya menghibau tapi kalau pemerintah melarang berarti mereka zalim, ngerti!!!?",1,0.963984,1,1,0.4,1,1,xlm-roberta-large
test,293,"penyanyi dan artis2 skrg malah nyari duitnya dr youtube, banyak jg yg kontennya malah bukan soal musik.",0,0.059102,0,0,0.4,1,1,xlm-roberta-large
test,294,Silakan bangun tempat ibadah setelah kalian mati!!,1,0.963127,1,1,0.4,1,1,xlm-roberta-large
test,295,Sebenernya dari segi merusak lingkungan vegetarian bisa membantu banget kalau semua org kompak. Biang keroknya lingkungan rusak itu gara2 kentut sapi/domba CH4 dan org2 bakar hutan demi bikin sawah palm oil dan kedelai.,0,0.085175,0,0,0.4,1,1,xlm-roberta-large
test,296,for a brief moment laptop gw bisa tembus 38Mbps setelah gw coba matiin dns. dan setelah gw otak atik lagi dengan on off in dns sekarang laptop gw lemot with or without it 🙃🙃🙃🙃🙃,0,0.006169,0,0,0.4,1,1,xlm-roberta-large
test,297,P. Mo Kecil,0,0.107625,0,0,0.4,1,1,xlm-roberta-large
test,298,"Edit: AC Unity ternyata udah punya dulu klaim gratisan dari ubi soft launcher /Uplay. So far udah punya AC II, AC III, AC IV Black Flag, AC Unity, AC Chronicles China, AC Syndicate, dan AC origins, itu semuanya klaim gratisan",0,0.035211,0,0,0.4,1,1,xlm-roberta-large
test,299,"Saat ini harus pakai TOR browser. Ini aku kasih [pinned thread](<link> Coba kamu browsing2 di sub-nya, beberapa udah bilang bisa download.",0,0.010714,0,0,0.4,1,1,xlm-roberta-large
test,300,Jalan2 ke Pontianak Singggah sebentar ke kota Medan\~,0,0.0186,0,0,0.4,1,1,xlm-roberta-large
test,301,Anjir cok TI taun ini di Singapur let's fucking goooo,0,0.772488,1,1,0.4,0,0,xlm-roberta-large
test,302,Astaga terbukti sudah ternyata rezim ini sangat mendzolimi rakyat kecil!!1! Turunkan jokouui!!,1,0.963092,1,1,0.4,1,1,xlm-roberta-large
test,303,"Oh iya sama pas SMP tt gw pernah (dengan sengaja banget) disenggol kakak kelas cowok di kantin terus temen2nya kayak udah nontonin cekikikan, cuman karena dia udah SMA 3 terus gw masih SMP 1 yaudah gw diem aja. Kalo kata anak jaman skrg: “BIASALAH”",0,0.037503,0,0,0.4,1,1,xlm-roberta-large
test,304,pengamanan server pln.,0,0.152852,0,0,0.4,1,1,xlm-roberta-large
test,305,"Gw alumni pertama, rapot 80an, sekolah baru brdiri 3 taun.. dah jelas ga dpt snmptn wkwkw.. Untung tembus di sbmptn.",0,0.087252,0,0,0.4,1,1,xlm-roberta-large
test,306,"Islam is all about intention, makanya semua ritual dlm Islam harus mengucap niat.",0,0.871803,1,1,0.4,0,0,xlm-roberta-large
test,307,yang nonton bukan metalheads tapi 212,1,0.061031,0,0,0.4,0,0,xlm-roberta-large
test,308,"innalilahi aja gaboleh, situ komunis?",1,0.963541,1,1,0.4,1,1,xlm-roberta-large
test,309,"Cek ombak dulu di dct, pada antusias atau ngga",0,0.030909,0,0,0.4,1,1,xlm-roberta-large
test,310,Also pengalaman gw setiap in ear yg gw pake selalu suka copot di telinga sebelah gtau knp.,0,0.011778,0,0,0.4,1,1,xlm-roberta-large
test,311,Saya hanya pendapat pribadi bahwa memparodikan karya orang lain itu gak etis lho.,0,0.050847,0,0,0.4,1,1,xlm-roberta-large
test,312,"Nah ini. Lebay dah. Udah sekalian gak usah belajar / pake bahasa Inggris, si Atta halilintar boykot nohh.... samlekom tauk harusnya, gaes gaes gaes... apaan seh ga sessuai syarhiat eslam.",1,0.963882,1,1,0.4,1,1,xlm-roberta-large
test,313,Harusya disurveinya kota kota besar aja biar rata rata kita naik,1,0.915053,1,1,0.4,1,1,xlm-roberta-large
test,314,Yg gw ga ngerti apa emang perlu pukul tiang listrik ya?,0,0.136206,0,0,0.4,1,1,xlm-roberta-large
test,315,"Yes, gue udh sumpek di jkt kyknya thn dpn mau cari kerjaan remote trus relokasi ke bali atau vietnam",0,0.096365,0,0,0.4,1,1,xlm-roberta-large
test,316,"Bbrp puskesmas rutin kok ngadain swab gratis, gw sempet dpt info udh 2x dlm sebulan",0,0.010308,0,0,0.4,1,1,xlm-roberta-large
test,317,"Soalnya mereka udah nonton ciri-ciri sexual predator dari TV, jadi setiap ketemu yang ciri2nya mirip, mereka bakal galak",1,0.165796,0,0,0.4,0,0,xlm-roberta-large
test,318,Kalo disuruh jawab aja pake bahasa thailand,0,0.833053,1,1,0.4,0,0,xlm-roberta-large
test,319,Refleksi untuk party,0,0.028355,0,0,0.4,1,1,xlm-roberta-large
test,320,"Btw, disini masih ada cafe yg relatif sepi sih.",0,0.003148,0,0,0.4,1,1,xlm-roberta-large
test,321,apa ada jam tertentu jaringan jd gk stabil??,0,0.039788,0,0,0.4,1,1,xlm-roberta-large
test,322,semoga berkah semuanya. nanti kita mampir ke boothnya,0,0.09739,0,0,0.4,1,1,xlm-roberta-large
test,323,Panggilan :pepeng,0,0.088505,0,0,0.4,1,1,xlm-roberta-large
test,324,kalo tidur lu berantakan dan lu mau perbaikin coba olahraga aja biar badan lu capek trus malemnya bisa tidur. meski keliatannya cliche tapi olahraga tu emang sumber endorphine yang bakal bikin badan lu refresh lagi,0,0.070113,0,0,0.4,1,1,xlm-roberta-large
test,325,terima kasih sama mod juga yang ngejagain ini DCT tetep kondusif.,0,0.040999,0,0,0.4,1,1,xlm-roberta-large
test,326,Kalo besar. Iya gabakal balik juga sih tapi gue tau lu gabakal ikhlas. Jadi mending keluar duit bayar preman suruh gebukin demi kepuasan batin drpd bayar polisi kagak balik juga wkwk.,0,0.14016,0,0,0.4,1,1,xlm-roberta-large
test,327,dibawa pd aja kaya orang orang di r/ActLikeYouBelong,1,0.121061,0,0,0.4,0,0,xlm-roberta-large
test,328,Yailah gini aja sampai mau ngatur BPS segala biar hasilnya sesuai keinginan.,0,0.139162,0,0,0.4,1,1,xlm-roberta-large
test,329,"Tahan lama ya, thanks jawabannya.",0,0.052279,0,0,0.4,1,1,xlm-roberta-large
test,330,Ditampung dulu usulnya ya,0,0.357231,0,0,0.4,1,1,xlm-roberta-large
test,331,salah satunya data biar kekumpul. lumayan kan kalau dijual,1,0.76769,1,1,0.4,1,1,xlm-roberta-large
test,332,justru kebanyakan developer jago/hebat yg gw tau itu otodidak,0,0.028734,0,0,0.4,1,1,xlm-roberta-large
test,333,Disuru pindah server itu... haha,1,0.192236,0,0,0.4,0,0,xlm-roberta-large
test,334,"Saya rasa terlalu naif kalau saya menuntut privacy di Internet.. Antara tidak tahu bagaimana itu Internet, atau tidak tahu bagaimana itu cara kerja pemerintah..",0,0.198142,0,0,0.4,1,1,xlm-roberta-large
test,335,"Loh emang anda gak tau? semua orang yang habis nonton konser Coldplay, pulangnya jadi atheist sama LGBT",1,0.964153,1,1,0.4,1,1,xlm-roberta-large
test,336,"Orang Turki dan Azeri mencari orang Armenia di Lyon, Perancis.",0,0.529476,1,1,0.4,0,0,xlm-roberta-large
test,337,si najwa shihab kena apaan emang?,0,0.130285,0,0,0.4,1,1,xlm-roberta-large
test,338,Tagline nya dulu apa ya? Saya lupa,0,0.028898,0,0,0.4,1,1,xlm-roberta-large
test,339,Berarti sila pertama Pancasila termasuk upaya Kristenisasi.,1,0.906901,1,1,0.4,1,1,xlm-roberta-large
test,340,"Nama yang baik itu nama yang familiar, sebaiknya mirip dengan nama ibukota saat ini, Jakarta, dan juga mudah diingat seperti presiden kita Jokowi. Berdasarkan itu, saya mengusulkan nama ibukota yang baru ""Jakakarta"".",0,0.304403,0,0,0.4,1,1,xlm-roberta-large
test,341,Tapi tapi kemarin Pontianak hujan.....,0,0.061424,0,0,0.4,1,1,xlm-roberta-large
test,342,Maksudnya ultimate itu design final gak terima kritik lagi.,1,0.059647,0,0,0.4,0,0,xlm-roberta-large
test,343,Gara2 reddit jadi ketagihan pb&amp;j. Emang enak banget peanut butter dicampur strawberry jam ternyata,0,0.017678,0,0,0.4,1,1,xlm-roberta-large
test,344,gw jenuh sama semua masalah gw so I ended my life,1,0.076961,0,0,0.4,0,0,xlm-roberta-large
test,345,source pls. aku cari di google & instagram nya gak ketemu. kocak bener.,0,0.008511,0,0,0.4,1,1,xlm-roberta-large
test,346,Minum antimo sebelum nge-dota /jk.,0,0.184033,0,0,0.4,1,1,xlm-roberta-large
test,347,Nonton si mbak di Pride and Prejudice pas jaman smp langsung naksir benerean terus satu lagi sama Gone girl langsung makin ngefans coba deh,0,0.052522,0,0,0.4,1,1,xlm-roberta-large
test,348,Loh ngeblok menyensor konten2 pornografi itu jauh lebih penting dan menjadi prioritas Kominfo dalam membentuk generasi bangsa yang berbudi pekerti luhur!,1,0.963334,1,1,0.4,1,1,xlm-roberta-large
test,349,Kali ini gak bener2 berharap sama Madrid. Lagi jelek banget di liga.,0,0.02176,0,0,0.4,1,1,xlm-roberta-large
test,350,Wah red flag itu perusahaannya,1,0.897561,1,1,0.4,1,1,xlm-roberta-large
test,351,Mod rasa menteri pencerahan kerjaannya ngeblok org sm sensor konten mulu!,1,0.964119,1,1,0.4,1,1,xlm-roberta-large
test,352,"jadi, mah...",0,0.804483,1,1,0.4,0,0,xlm-roberta-large
test,353,&gt; lama - lama dilepas pelarangannya tapi harga bayaran untuk beli kendaraan umum dan pajaknya tinggi di IKN saja,0,0.023803,0,0,0.4,1,1,xlm-roberta-large
test,354,Lihat Spr-2 jadi inget hellsing...,0,0.219798,0,0,0.4,1,1,xlm-roberta-large
test,355,"yuk bisa yuk, kan udah gajian..",0,0.903166,1,1,0.4,0,0,xlm-roberta-large
test,356,"Kalo di tempat saya, temen ayah saya sudah nyoba, dan ternyata worth it, pake trick life hack yg pake drum + tanaman gitu ga pake kolam, dan ga terlalu susah jadinya.",0,0.005642,0,0,0.4,1,1,xlm-roberta-large
test,357,Sry saya gagal paham bagaimana perkara kecil tentang influk sedikit bule ditakutkan merampas gak warga lokal...,0,0.221014,0,0,0.4,1,1,xlm-roberta-large
test,358,Buat apa? Atlet kita lagi loyo2nya. Sepakbola gak pernah menang juga. Gak mungkin bendera merah putih akan berkibar di podium saat pandemi ini,1,0.963575,1,1,0.4,1,1,xlm-roberta-large
test,359,"Sekarang udh jauh lebih santuy, yang penting nyampe rumah",0,0.833087,1,1,0.4,0,0,xlm-roberta-large
test,360,kita kuat,0,0.863276,1,1,0.4,0,0,xlm-roberta-large
test,361,Makanya perlu transformasi agar jakarta menjadi Venice! Selain memperindah pandanganmata  juga membusukkan aroma kota! Hanya kota Venice lah dimana seleb terpaksa berjalan kaki atau naik gondola bertenaga 100% manusia. Ayo dukung program tenggelamkan Jakarta!,1,0.962813,1,1,0.4,1,1,xlm-roberta-large
test,362,&gt;Pengetahuan nama pulau dan nama kota itu pondasi ilmu geografi. Lagu-lagu tradisional itu mengenalkan musik dan sejarah juga.,0,0.025638,0,0,0.4,1,1,xlm-roberta-large
test,363,Gameplay si kalau buat gw.,0,0.007877,0,0,0.4,1,1,xlm-roberta-large
test,364,iya kan dia adiknya,0,0.898277,1,1,0.4,0,0,xlm-roberta-large
test,365,"Si paling ""sahabat"" kita sedang sibuk di ukren, harap maklum",1,0.248306,0,0,0.4,0,0,xlm-roberta-large
test,366,Tangan bagus dihancurin jaringan gak stabil T-T,0,0.1191,0,0,0.4,1,1,xlm-roberta-large
test,367,Dan entau mengapa pemotor di kota gw lebih suka ngisi jalur lawan arah,0,0.303345,0,0,0.4,1,1,xlm-roberta-large
test,368,"saos sambelnya dicampur sama boncabe, udah lumayan pedesnya.",0,0.004538,0,0,0.4,1,1,xlm-roberta-large
test,369,baru masuk dah jd ketum.. maunya apa ni partai,1,0.911219,1,1,0.4,1,1,xlm-roberta-large
test,370,Moral of the story: mantan emang pantasnya tetap jadi mantan.,0,0.061087,0,0,0.4,1,1,xlm-roberta-large
test,371,Yes. Sinetron karakter bermoral tinggi untuk menutupi kurangnya moral di kehidupan nyata,0,0.914023,1,1,0.4,0,0,xlm-roberta-large
test,372,"Dulu ada yg kerja di sana, gue usul feature, ga berapa lama nongol. Bisa jadi kebetulan juga",0,0.030272,0,0,0.4,1,1,xlm-roberta-large
test,373,490 maksud gambarnya apa dah? gedung2 kota > dibakar > rata sama tanah jadi tanemin pohon? wkwk,0,0.096962,0,0,0.4,1,1,xlm-roberta-large
test,374,"Jasa apa yg lu jual? Kalo case ini jatuhnya pekerjaan bebas, umumnya dengan norma, kaya pengacara, dokter, dsb",0,0.005865,0,0,0.4,1,1,xlm-roberta-large
test,375,"data simpen dalam flash disk, buang ke tempat sampah",0,0.027221,0,0,0.4,1,1,xlm-roberta-large
test,376,"Bikin online, nanti npwp dikirim ke rumah",0,0.195057,0,0,0.4,1,1,xlm-roberta-large
test,377,"&gt; bukan cuma laptop, tapi perangkat pendukung nya seperti router, connector, printer, scanner",0,0.015514,0,0,0.4,1,1,xlm-roberta-large
test,378,Wajar harus sungkem sama orangnya yg membuatnya menang kemaren,0,0.884639,1,1,0.4,0,0,xlm-roberta-large
test,379,kalau dibungkus aja? Buat penelitian,1,0.431172,0,1,0.4,0,1,xlm-roberta-large
test,380,"&gt; Kami bermain can be past, present, or future with the addition of time modifiers like kemarin, tahun lalu, sekarang, baru saja, besok, tahun depan, etc.",0,0.030734,0,0,0.4,1,1,xlm-roberta-large
test,381,Kalau kamu sudah memikirkan dasar pembelaan akan pandangan yang berbeda dengan kamu dan bisa melihat alasan psikologis/ideologis/ekonomis dibalik pandangan yang berbeda dengan kamu.,0,0.013121,0,0,0.4,1,1,xlm-roberta-large
test,382,"politik dua kaki, dia bilank tim bubur diaduk, ntar kakaknya bilank dia tim bubur dipisah.",0,0.189972,0,0,0.4,1,1,xlm-roberta-large
test,383,"Kalo kita bandingkan biaya bulanan BPJS dan apa aja yg dicover BPJS, dah termasuk effective sih",0,0.010348,0,0,0.4,1,1,xlm-roberta-large
test,384,"Iyaa, gua baca yang pertama di faq atau apanya salah satu caranya cuma makan antara 12 dan 8, guess that is all I need for now",0,0.052619,0,0,0.4,1,1,xlm-roberta-large
test,385,Film2nya baginda kkd..,0,0.079496,0,0,0.4,1,1,xlm-roberta-large
test,386,Jangan lupa makan malem dan siapin cerita tentang perselingkuhan ya komodos 🥰🥰🥰,0,0.152726,0,0,0.4,1,1,xlm-roberta-large
test,387,"&gt;setau gw kan oneplus itu brand bwt enthusiast yng gila spek, yang cemana di indo banyak",0,0.077378,0,0,0.4,1,1,xlm-roberta-large
test,388,3. Waktu sekolah dikurangin. Kasian gw liat murid indo belajar dr jam 7 sampe jam 5. Balik2 masi ada ekskul sama les. Malemnya masih harus ngerjain tugas sekolah.,0,0.022716,0,0,0.4,1,1,xlm-roberta-large
test,389,"untuk dapetin data dari pihak app bakal susah ya, karena binomo beroperasi ga di Indonesia.",0,0.029873,0,0,0.4,1,1,xlm-roberta-large
test,390,sabtu gini banknya buka apa enggak ya?,0,0.010014,0,0,0.4,1,1,xlm-roberta-large
test,391,"paling kesel klo ada org tanya rekomendasi barang gk nyertakan budget secara spesifik, pakenya ""yg penting harga bersahabat"", ""cocok di kantong pelajar"", etc.",0,0.003235,0,0,0.4,1,1,xlm-roberta-large
test,392,1. gefrost7 : Mumpung libur,0,0.049773,0,0,0.4,1,1,xlm-roberta-large
test,393,"Twitter sekarang jadi tempat crusade orang"" gk jelas, tiap hari mau cancel orang mulu..",0,0.00986,0,0,0.4,1,1,xlm-roberta-large
test,394,"hrsnya pas gw udh dapet dlu baru usut, skrg kan gw belom dapet udh keburu diusut taek. ez 600k rp gone.",1,0.01153,0,0,0.4,0,0,xlm-roberta-large
test,395,"Anyway, I'm planning to give free nutrition counseling (gak se detail startup di atas yak) tp kayanya terbatas buat beberapa komodos aja. Ada yg minat ga ya kira-kira? Also, mods, apakah ini melanggar rules?",0,0.00934,0,0,0.4,1,1,xlm-roberta-large
test,396,Jual di marketplace facebook biar bisa adu bacot dengan orang nego harga kontol,0,0.921534,1,1,0.4,0,0,xlm-roberta-large
test,397,Tentu saja ketoprak,0,0.876158,1,1,0.4,0,0,xlm-roberta-large
test,398,"Kok kaget? Kan berita kayak gini dengan poros tertentu itu favorit nya sebagian orang2 sini, jangan kaget kaget kayak gitu dong",1,0.314393,0,0,0.4,0,0,xlm-roberta-large
test,399,Coba Kayla fotonya candid kayak yang cowok,0,0.080574,0,0,0.4,1,1,xlm-roberta-large
test,400,akhirnya kelar juga ges perjuangan selama ini,0,0.634515,1,1,0.4,0,0,xlm-roberta-large
test,401,"kalo literal bastard, sesungguh2nya bastard dan kepengen liat konoha kacau, mungkin yang manis2",1,0.126785,0,0,0.4,0,0,xlm-roberta-large
test,402,"Suami sepupu gue ada udah kerja 3 taun lebih, pas mau promote disuruh S1 krn syarat jabatan itu minimal S1.",0,0.056548,0,0,0.4,1,1,xlm-roberta-large
test,403,"Harus hukumnya cobain dulu. Kecuali kaya gw dulu, yg penting murah ada motor matic, tentunya beli Beat.",0,0.026658,0,0,0.4,1,1,xlm-roberta-large
test,404,kalau aku biasa curhat masalah cewe sm mama,0,0.075448,0,0,0.4,1,1,xlm-roberta-large
test,405,:)) ketauan bgt gabut,0,0.089137,0,0,0.4,1,1,xlm-roberta-large
test,406,"aliran darah cowo cuman bisa ke satu arah dalam waktu bersamaan, entah itu ke burung atau ke otak. kalo lagi ke burung berarti otaknya lago bego, vice versa",1,0.205376,0,0,0.4,0,0,xlm-roberta-large
test,407,"naik trans jakarta, temen saya pernah tiba2 di pegang pahanya sm mas2 sambil di pijet pijet, sambil ditanyain main yuk",0,0.042483,0,0,0.4,1,1,xlm-roberta-large
test,408,Yang minta bubarin RIS orang lokal sendiri,0,0.650315,1,1,0.4,0,0,xlm-roberta-large
test,409,"wadu itu bunganya kok daunnya kayak bikin huruf T ya, jadi kyk salib astagfirullah",1,0.964589,1,1,0.4,1,1,xlm-roberta-large
test,410,kayak kalau mereka bercanda energinya nyampe walau ga paham bahasanya,0,0.519826,1,1,0.4,0,0,xlm-roberta-large
test,411,"kok curiga sbenernya per tahun ya, cuma polisinya aja salah denger",0,0.103115,0,0,0.4,1,1,xlm-roberta-large
test,412,Jadi berapa persen biaya ongkir yg diambil perusahaan?,1,0.010777,0,0,0.4,0,0,xlm-roberta-large
test,413,Hanya di rezim ini Istora Senayan yang dulu menjadi kebanggan Indonesia jadi dipersempit kapasitasnya,1,0.906031,1,1,0.4,1,1,xlm-roberta-large
test,414,lg nunggu dipijit ka,0,0.040276,0,0,0.4,1,1,xlm-roberta-large
test,415,oh tentu saja tidak. kalau kafir uangnya habis di bir dan babi,1,0.964018,1,1,0.4,1,1,xlm-roberta-large
test,416,"Kl ada aplikasi provider hrsnya OK g dimasukin SIM ke hp, bs buat cek pulsa sm masa berlaku, kdg ada yg bisa buat transfer pulsa, cuma kadang2 kl kena logout aja br masukin SIM.",0,0.003671,0,0,0.4,1,1,xlm-roberta-large
test,417,Nah lhoo yg ngantuk lu ternyata haha,0,0.157655,0,0,0.4,1,1,xlm-roberta-large
test,418,Lho? Makanya dihapuskan (dari sejarah),1,0.197058,0,0,0.4,0,0,xlm-roberta-large
test,419,"Jika persuasif melalui omongan tidak bisa. Cara lain yaitu persuasif melalui fisik. Ajak keponakan, temen, atau paman/bibi lu atau bahkan mbah lu gitu buat ngehajar bapak lu. Tampar dia. Terkadang kekerasan itu bisa jadi sebuah jawaban. Bukan bermaksud edgy. Ini bersangkut ke ekonomi lu masalahnya.",0,0.007711,0,0,0.4,1,1,xlm-roberta-large
test,420,"Sekali lagi , yang dibahas itu casino dan perjudian. Adiksi judi itu ya jelas beda dengan adiksi socmed. Adiksi judi itu adiksi kalah. Ngejar kalah. Ga ada yang namanya orang adiksi judi itu adiksi menang. Kalau socmed kalahhnya apa?",0,0.213131,0,0,0.4,1,1,xlm-roberta-large
test,421,"Kalau ada yang pungli, coba tanya dulu alasan pungli nya kenapa. Siapa tahu memang sesuatu yang dibutuhkan dan diluar plafon klaim pemerintah (doubtful tapi).",0,0.003075,0,0,0.4,1,1,xlm-roberta-large
test,422,"Di mesjid deket rumah gw juga gini. Annoying banget, kayak jaman batu aja dikira orang nggak pada punya jam apa?",0,0.039676,0,0,0.4,1,1,xlm-roberta-large
test,423,Ada yg punya temen yg nge-hina negaranya sendiri &amp; memuja Jepang (negara yg pernah menjajah)?,0,0.018282,0,0,0.4,1,1,xlm-roberta-large
test,424,Bikin pengen dijajah Belanda lagi,1,0.94256,1,1,0.4,1,1,xlm-roberta-large
test,425,"Mungkin itu alasan op, karena kalau dia include isi comment ini semua financial dan keluarga (which is not helping) terlebih ketika dia sudah gk stay dari keluarga(assumption karena dia bilang dia rantau ke jkt) dan financial bukan masalah dia.",0,0.005374,0,0,0.4,1,1,xlm-roberta-large
test,426,Fuck ternyata bukan gpu gw yng tewas,0,0.82379,1,1,0.4,0,0,xlm-roberta-large
test,427,Ini mengacu ke Khan Academy ato Brilliant.org nya?,0,0.119049,0,0,0.4,1,1,xlm-roberta-large
test,428,"Kalo masih pengen udah versi stabil banget, tunggu pas udah mau setahun rilis. Stay di W10",0,0.009822,0,0,0.4,1,1,xlm-roberta-large
test,429,"Kalo ada partai baru dengan kepercayaan ‘outside’, meski mungkin gua gasetuju, akan gua terima. Karena partai harus mewakili suara masyarakat yang beragam. Contoh: Partai Pro-LGBT, Partai Pro-Legalisasi Ganja / Senjata Api, dll.",0,0.004886,0,0,0.4,1,1,xlm-roberta-large
test,430,"Ayo braayy sekali nuke lagi jd negara penghasil hentai terbaik kita. With tentacles, weeds and more!",1,0.956836,1,1,0.4,1,1,xlm-roberta-large
test,431,~~skill~~ money issue. Tinggal beli 1 hp lagi buat main ml,1,0.719482,1,1,0.4,1,1,xlm-roberta-large
test,432,Mau intervensi gimana kalo kamu gak tau ttg dia?,0,0.10393,0,0,0.4,1,1,xlm-roberta-large
test,433,Nah.. jadi pertanda bila penyedia layanan internet lain bakal mengikutin jejak.,0,0.643741,1,1,0.4,0,0,xlm-roberta-large
test,434,"No, she apply straight to their SG office for advisory. Dia sebenernya sebelom cabut dari E\*, udah beberapa kali minta pindah ke advisory, tapi ribet birokrasinya dan cenderung kaya dibiarin. Jadi dia cape fighting terus dan memutuskan cabut. Abis cabut, pindah ke tempat baru, paling 1-2 tahun, dan apply ke SG masuk advisory. Well she does have a friend working there already, tapi temennya juga bukan higher ranks dan jadi ya gak bisa influence apa-apa dalam proses rekrutmen dia saat itu. But I think it helps to have connections at least biar bisa latihan interview dan prepare juga.",0,0.003707,0,0,0.4,1,1,xlm-roberta-large
test,435,"Gue juga gitu kak sebagai cowok 23 tahun, gak pernah ditembak cewek cuma pernah ditembak cowok xD",0,0.036186,0,0,0.4,1,1,xlm-roberta-large
test,436,Wauw akhirnya ku paham rupanya covid ini adalah autobahn menuju surga. Pantesan banyak yg gak mau covid hilang dari Indo dan rela jadi pasukan dengan pura2 gak percaya covid.,1,0.964954,1,1,0.4,1,1,xlm-roberta-large
test,437,Anaknya abu muslim?,1,0.895751,1,1,0.4,1,1,xlm-roberta-large
test,438,"Makanya pilih Pemerintah yg bolehin PNS karir jadi Menteri, bukan orang politik :”)",0,0.948632,1,1,0.4,0,0,xlm-roberta-large
test,439,Terus ngebuktiin empat saksi nya gimana? Lah empat saksinya kalo nyari-nyari zina ya dosa juga kan?,0,0.124372,0,0,0.4,1,1,xlm-roberta-large
test,440,"adopsi yg sudah mapan aja, kayak u/kalanada misalnya",0,0.069038,0,0,0.4,1,1,xlm-roberta-large
test,441,"bukannya malah makin parah ya? Karena Jepang minta-nya G2G, nanti bebannya malah dibawa pemerintah. Belum kalau kerjanya lelet, kyk MRT.",0,0.111676,0,0,0.4,1,1,xlm-roberta-large
test,442,"Pajak nya cuma buat konsumen, perusahaan nya mana?",0,0.025371,0,0,0.4,1,1,xlm-roberta-large
test,443,Itu situ terawan ngapain pake masker? Bukannya cuma untuk orang sakit??,1,0.862641,1,1,0.4,1,1,xlm-roberta-large
test,444,"Setidaknya penandaan megabit dan megabyte-nya benar, mantap.",0,0.05445,0,0,0.4,1,1,xlm-roberta-large
test,445,"Makanya, ngekritik abis lulus aja",0,0.962072,1,1,0.4,0,0,xlm-roberta-large
test,446,Justru lahirnya demokrasi modern itu gara-gara HAM lol :)),0,0.463839,0,1,0.4,1,0,xlm-roberta-large
test,447,"Lagian beberapa negara tsb memang sama sekali ga menerima filmnya dari Disney, karena Disney memang ga mengirim Lightyear ke negara2 tsb. Contoh Arab Saudi dan Kuwait.",0,0.011869,0,0,0.4,1,1,xlm-roberta-large
test,448,"nyuwun sewu, saya ndak bisa bahasa 'euy, tolong di translate",0,0.609401,1,1,0.4,0,0,xlm-roberta-large
test,449,gapapa kak. enak kok dibaca2. pewarna DCT.,0,0.488375,0,1,0.4,1,0,xlm-roberta-large
test,450,Nakar api pakai apa?,0,0.535068,1,1,0.4,0,0,xlm-roberta-large
test,451,"Menurut gua ini case by case. Personally sejak gua hair dryer in rambut, malah gak gatel dan gk ketombean. Beda kykny selsun gold sama selsun blue. Semuanya masalag trial and error aja, ntr jg ketemu yg cocok. Tapi kalo gk dicoba gk akan tau kan?",0,0.006217,0,0,0.4,1,1,xlm-roberta-large
test,452,Ga kaget. Ke orang sendiri aja gendut doang udh heboh. Apa lagi ke kita butek begini,0,0.094427,0,0,0.4,1,1,xlm-roberta-large
test,453,"Dari 3 tips itu, skrg jawab pertanyaan OP:",0,0.02235,0,0,0.4,1,1,xlm-roberta-large
test,454,"Waktu itu sempat heboh postingan fenomena kawula muda males minum air putih dan korelasi kawula muda cenderung gagal ginjal, kupikir udah obvious, apa beda lagi?",0,0.210604,0,0,0.4,1,1,xlm-roberta-large
test,455,jual ratusan ribu romusha ke Jeoang,0,0.65959,1,1,0.4,0,0,xlm-roberta-large
test,456,bule itu paling jago deh buat yang rasis2. kita banyak belajar dari mereka.,0,0.874453,1,1,0.4,0,0,xlm-roberta-large
test,457,"Tinggal nya di sini, kerjanya di Jakarta",0,0.816845,1,1,0.4,0,0,xlm-roberta-large
test,458,Original scorenya juga bagus banget btw. Too bad ga ada di Spotify.,0,0.007247,0,0,0.4,1,1,xlm-roberta-large
test,459,"Iya, soalnya kan sesak gitu kan ketimbun tanah.",0,0.283633,0,0,0.4,1,1,xlm-roberta-large
test,460,Coba di cek mas/mbaknya kupingnya runcing apa ngga kalau pas makan disana.,0,0.07363,0,0,0.4,1,1,xlm-roberta-large
test,461,Konsepsi kita,0,0.319387,0,0,0.4,1,1,xlm-roberta-large
test,462,jadi yang lolicon segala itu berimitasi dengan kehidupan?,1,0.651171,1,1,0.4,1,1,xlm-roberta-large
test,463,"Nih yg kerja IT, nanti wajib pake tool/teknologi buatan lokal. Github/Stackoverflow ikutan di-throttle.",0,0.656507,1,1,0.4,0,0,xlm-roberta-large
test,464,lagi performance appraisal. dengan kondisi gue baru 7 bulan kerja disini. semoga naik 50%,0,0.061706,0,0,0.4,1,1,xlm-roberta-large
test,465,- Isi oli juga irit ga sebanyak motor 2 silinder 1 koma an liter kalo ga salah,0,0.027559,0,0,0.4,1,1,xlm-roberta-large
test,466,"Masuk UI, bisa masuk ui.cantik",0,0.462018,0,1,0.4,1,0,xlm-roberta-large
test,467,"Nah, bagi si pengendara motor, gaya begitu keren, ga bergaya gitu jadi ga ganteng. Sama seperti masker.",0,0.066751,0,0,0.4,1,1,xlm-roberta-large
test,468,masalahnya yah kecemburuan sosial uda terjadi....,0,0.278306,0,0,0.4,1,1,xlm-roberta-large
test,469,"Well kalo analysis sudah dilakukan oleh orang yang berkepentingan dan hasilnya lebih baik ga boleh pulang, I personally dont mind. Gw liat dua sisi punya argumen yang valid, tinggal pengambil keputusan memutuskan dengan proper.",0,0.034619,0,0,0.4,1,1,xlm-roberta-large
test,470,"mungkin kalau dari namanya sih beneran minyak dari tawon (mungkin dipenyet, ala ayam penyet)",0,0.149656,0,0,0.4,1,1,xlm-roberta-large
test,471,jadi subkon biyuemen,1,0.905071,1,1,0.4,1,1,xlm-roberta-large
test,472,"Btw denger2 tempat yg skrg jd McD Lippo Karawaci (dkt Hotel Aryaduta) itu dulunya dgr2 [rumah bersejarah](<link> bkn sih, soalnya pernah dgr rumor McD Karawaci (atw gedung dkt itu) yg stand alone building yg skrg berdiri d bekas cagar budaya itu",0,0.00506,0,0,0.4,1,1,xlm-roberta-large
test,473,Percaya sama surat bermaterai atau sama skrishut dari twitter?,0,0.120646,0,0,0.4,1,1,xlm-roberta-large
test,474,Java supremacy bakal menggantikan aryan,1,0.963472,1,1,0.4,1,1,xlm-roberta-large
test,475,"Skripsiku sangat simpel, dengan judul sangat generik dan sumber data yang sangat generik.",0,0.006278,0,0,0.4,1,1,xlm-roberta-large
test,476,"Di masa mendatang temenlu itu tipe2 bos/manager, hobinya take credit orang :D",0,0.082254,0,0,0.4,1,1,xlm-roberta-large
test,477,coba modemnya dicabut terus dicolok lagi. Tadi fm gw mati terus idup lagi digituin.,0,0.022759,0,0,0.4,1,1,xlm-roberta-large
test,478,"data pribadi nyebar gabikin global warming, tapi reduksi carbon footprint dapat menyelamatkan umat manusia",1,0.919136,1,1,0.4,1,1,xlm-roberta-large
test,479,Berarti boleh shalat Id di gereja ya?,1,0.914482,1,1,0.4,1,1,xlm-roberta-large
test,480,"Wacana identitas gay jaman itu selalu difilter melalui lensa nasionalisme. Semacam: ""kita orang Gay Indonesia harus punya prestasi yang bisa membanggakan Indonesia!"" Identitas gay hampir selalu lebih kuat dari identitas suku, dan merupakan salah sebuah identitas pertama yang dilahirkan melalui nasionalisme, tetapi tidak diakui oleh bangsa dan negara sendiri. Inilah sebabnya mengapa Dede Oetomo, pendiri majalah GAYa Nusantara, menganggap komunitas gay Indonesia sebagai ""Anak Haram Ibu Pertiwi"".",0,0.049268,0,0,0.4,1,1,xlm-roberta-large
test,481,Di harddisk sentinel tulisannya gimana?,0,0.036943,0,0,0.4,1,1,xlm-roberta-large
test,482,"gw selama ini pakai 1password, no reason, cuma karena lastpass begitu jelek.",0,0.0197,0,0,0.4,1,1,xlm-roberta-large
test,483,"Kenapa kartu keluarga berbentuk kertas, sedangkan surat izin mengemudi berbentuk kartu",0,0.190573,0,0,0.4,1,1,xlm-roberta-large
test,484,"Mending di penjara aja tuh mobil daripada diceburin, kalau cuma begitu gak bakal kapok, apa orang2 itu takut pas di pengadilan mobil itu bakal dianggap gak salah lalu dibebaskan oleh pak hakim?",1,0.345547,0,0,0.4,0,0,xlm-roberta-large
test,485,Dibakar sampai hangus dan rontok,0,0.791982,1,1,0.4,0,0,xlm-roberta-large
test,486,wait bukannya itu ulah jin dan dewa?,1,0.964422,1,1,0.4,1,1,xlm-roberta-large
test,487,"Buka instagram jefrinichol atau phrince trus baca komen nya,gw lgsg suicidal.",0,0.115361,0,0,0.4,1,1,xlm-roberta-large
test,488,itu bukan judi tapi surprise mechanic,1,0.531088,1,1,0.4,1,1,xlm-roberta-large
test,489,"Untuk menghindari white knights, usahakan jangan di tempat umum.",1,0.198841,0,0,0.4,0,0,xlm-roberta-large
test,490,Wah ketemu akun twitter mak erot,1,0.841337,1,1,0.4,1,1,xlm-roberta-large
test,491,"Mungkin dihitung semua guru honorer, guru les, dan guru privat?",1,0.788868,1,1,0.4,1,1,xlm-roberta-large
test,492,Ampun bang saya lupa pake,1,0.79649,1,1,0.4,1,1,xlm-roberta-large
test,493,Penyebah Erdogan semua kah yamg tonggal disana?,0,0.912397,1,1,0.4,0,0,xlm-roberta-large
test,494,Sekarang polisi sering bikin postingan untuk jaga citra baik ya,0,0.141934,0,0,0.4,1,1,xlm-roberta-large
test,495,Gak kayak nama kota. Calon nama lain lebih cocok buat nama kota,0,0.078997,0,0,0.4,1,1,xlm-roberta-large
test,496,"Di thread itu, banyak yng bilang orang miskin ga usah punya anak segala dan orang miskin kerjanya bikin anak. Which is solusi Malthus untuk mengatasi “kiamat malthus”.",0,0.96395,1,1,0.4,0,0,xlm-roberta-large
test,497,"Heyyyyy heyyy, anda tidak paham artinya ***TOLERANSI*** ya ?",1,0.964556,1,1,0.4,1,1,xlm-roberta-large
test,498,Gengsi dong lebaran gini nggak beli baju baru. Entar malu diomongin sama tetangga &amp; sodara2 lain,1,0.95253,1,1,0.4,1,1,xlm-roberta-large
test,499,Pray for India. Mudah-mudahan kita ngga sampai kaya di sana.,0,0.908456,1,1,0.4,0,0,xlm-roberta-large
test,500,"Peluang bisnis nih, sikat ngab!",0,0.393079,0,0,0.4,1,1,xlm-roberta-large
test,501,Tanah atau property sih. Terutama di daerah IKN nih 🙂,0,0.006074,0,0,0.4,1,1,xlm-roberta-large
test,502,Apa itu docker?,0,0.711832,1,1,0.4,0,0,xlm-roberta-large
test,503,"Edit: per 1 Jan 2023 SAT udah terima QRIS di selected Alfa/Lawl outlets, mostly kota besar, scan nya oleh kasir, dan masih manual masukin nominal belanjanya.",0,0.003643,0,0,0.4,1,1,xlm-roberta-large
test,504,"Terus sekarang naik lagi ke poin 33.900, jadi kesimpulan gw minggu kemarin itu yang kurva turun drastis adalah ""calm before the strom"" dan suatu saat pasti akan rebound lagi",0,0.039527,0,0,0.4,1,1,xlm-roberta-large
test,505,Yang belum dibahas disini adalah konsekuensinya kalau melakukan itu.,0,0.007651,0,0,0.4,1,1,xlm-roberta-large
test,506,"Single mah pasti ada, cocok apa ga nya yg susah :')",0,0.020139,0,0,0.4,1,1,xlm-roberta-large
test,507,Di R18 atau DMM banyak kok yg kyk gitu,0,0.125333,0,0,0.4,1,1,xlm-roberta-large
test,508,gua kesono tuh hari sabtu yang hari minggunya ada balap liar legal lol. 3 minggu lalu kayaknya.,0,0.015425,0,0,0.4,1,1,xlm-roberta-large
test,509,Karena belom jadi udah dimaenin dulu kek kaya bola apalagi waktu koass (Kissing Other's Ass more likely). Udah dilatih sebelum jadi dokter kalau begituan normal.,0,0.097219,0,0,0.4,1,1,xlm-roberta-large
test,510,"Data bocor itu ga ada, soalnya Kominfo bilang ga ada data bocor",1,0.133585,0,0,0.4,0,0,xlm-roberta-large
test,511,"Yang penting kan mudik sudah dilarang, penyekatan juga sudah dilakukan. Jadi kalo ada spike itu bukan karena budaya mudik atau karena pemerintah tidak melarang mudik",1,0.445439,0,1,0.4,0,1,xlm-roberta-large
test,512,Dimana - mana kayak gini kok,0,0.114072,0,0,0.4,1,1,xlm-roberta-large
test,513,"Wait, ada yang lupa,",1,0.83346,1,1,0.4,1,1,xlm-roberta-large
test,514,"btw gw saranin Pochi-sensei, salah satu Vtuber Jepang yang bisa bahasa Inggris.",0,0.056081,0,0,0.4,1,1,xlm-roberta-large
test,515,"model iklannya lalu minum minyak goreng entah berapa banyak buat promo on-air dan off-air, terus sayangnya meninggal dunia karena serangan jantung.",0,0.102574,0,0,0.4,1,1,xlm-roberta-large
test,516,Btw TIL dinosaurus itu kaum lgbt makanya diserang meteor,1,0.963609,1,1,0.4,1,1,xlm-roberta-large
test,517,udah cek kok,0,0.771671,1,1,0.4,0,0,xlm-roberta-large
test,518,"Kalau saya jadi presiden, anggaran untuk Kemenhan akan saya hapus karena tidak akan ada perang di Indonesia. Sebaiknya uangnya dibagikan ke LSM saya-eh.. maksundya dibagikan ke rakyat saja",1,0.789558,1,1,0.4,1,1,xlm-roberta-large
test,519,"Also, kalau kerja yang banyak debunya pakai masker. Silikosis dan teman2nya itu juga ga fun...",0,0.033305,0,0,0.4,1,1,xlm-roberta-large
test,520,waduh bos gausah bawa2 ODP corona dong kita lagi bahas internet,1,0.96378,1,1,0.4,1,1,xlm-roberta-large
test,521,Wih keren jg itu gakuen kino TIL,0,0.030072,0,0,0.4,1,1,xlm-roberta-large
test,522,ayo promo sopifud 70% dipake. pesen apa ya kira2 yg enak?,0,0.068226,0,0,0.4,1,1,xlm-roberta-large
test,523,Ini kenapa dihpus ya? Masih civil kok diskusinya,0,0.962988,1,1,0.4,0,0,xlm-roberta-large
test,524,dan baru ngomong setelah ditanya pemilik-nya,1,0.043487,0,0,0.4,0,0,xlm-roberta-large
test,525,"Lagian Sambo sama Cendana yang bandingin duluan siapa? Emang udah gak sepadan dari awal, awokwokwowkow.",0,0.018352,0,0,0.4,1,1,xlm-roberta-large
test,526,gundam lagi buka pojok 'career day',0,0.012601,0,0,0.4,1,1,xlm-roberta-large
test,527,"Asik ngikutin Afrika Selatan ya, patut dicoba di kota2 besar lain di Indonesia juga",1,0.100923,0,0,0.4,0,0,xlm-roberta-large
test,528,"Ya gimana kagak sinyal jelek, orang routernya di 'salome'",0,0.421939,0,1,0.4,1,0,xlm-roberta-large
test,529,"Tau rokok kan? Itu pernah di ban oleh umat muslim di abad 15-17 karena ya jelas-jelas kitab menyarankan untuk menjaga kesehatan, serius sampe di ban dan terlepas pro kontra agama, w seneng mereka tuh penganut sejati.",0,0.175962,0,0,0.4,1,1,xlm-roberta-large
test,530,"data kurang akurat, fast food paling diminati itu Indomie dan warteg deket rumah",0,0.005406,0,0,0.4,1,1,xlm-roberta-large
test,531,"Sepertinya, tapi entah akan dilaksanakan atau tidak.",0,0.004039,0,0,0.4,1,1,xlm-roberta-large
test,532,Mengapa dibuat nominal Rp75ribu?,0,0.169475,0,0,0.4,1,1,xlm-roberta-large
test,533,"&gt; ""Kita amati juga selama pandemi 1 tahun terakhir ini itu secara umum penyelenggara negara 70 persen hartanya bertambah. Kita pikir pertambahannya masih wajar,"" kata Deputi Pencegahan dan Monitoring KPK Pahala Nainggolan saat webinar, melalui akun YouTube KPK RI, Selasa (7/9).",0,0.027928,0,0,0.4,1,1,xlm-roberta-large
test,534,Aduh malu dong sama ortu temennya yang antar jemput pake Alphard. Nanti anaknya dirundung lagi.,1,0.962532,1,1,0.4,1,1,xlm-roberta-large
test,535,"Masih packing barang pdhl udh dini hari, hujan deres diluar smbl dengerin lagunya si logic 01 lala yg suicide prevention. Vibes bgt segala kondisinya.",0,0.032806,0,0,0.4,1,1,xlm-roberta-large
test,536,Di zoofilia bisa,1,0.842669,1,1,0.4,1,1,xlm-roberta-large
test,537,"Wuih, puckboys mah enak.",0,0.055005,0,0,0.4,1,1,xlm-roberta-large
test,538,bangke emang ini idenya. malah nyusahin lagi corona begini.,0,0.044848,0,0,0.4,1,1,xlm-roberta-large
test,539,lu kira surabaya kampung hah?!?,1,0.906736,1,1,0.4,1,1,xlm-roberta-large
test,540,Maksudnya lapor beda2 daerah gmna?,0,0.353735,0,0,0.4,1,1,xlm-roberta-large
test,541,"juga banyak orang yg ngira bandara juanda itu di surabaya, padahal di sidoarjo",0,0.057865,0,0,0.4,1,1,xlm-roberta-large
test,542,lucunya kok aku ga tau. apa emang aku gak nggagas? padahal juga sering pake gofood. aneh,0,0.119511,0,0,0.4,1,1,xlm-roberta-large
test,543,"LoL... Lapar ngga lapar juga emang udah kaga sehat akalnya, cari justifikasi aja di masa2 runyam kaya gini. Baguslah polisi cepet bungkusin yg kaya gini2an.",0,0.418686,0,1,0.4,1,0,xlm-roberta-large
test,544,"Gw bisa dibilang masuk ke dalam golongan orang yang lu bilang di post ini. Setelah lulus kuliah, tempat tinggal, listrik, dan air dibayarin ortu (tempat tinggal beda karena dapet kerjaan beda kota). Elektronik penting kyk laptop dan hape masih dibayarin ortu wkt itu. Dengan alasan ortu maunya gw bisa fokus ke kerjaan, niti karir, dan ikutan pelatihan-pelatihan.",0,0.118845,0,0,0.4,1,1,xlm-roberta-large
test,545,Weilim juga sering ngeposting soal China. mungkin gara-gara itu juga?,0,0.029619,0,0,0.4,1,1,xlm-roberta-large
test,546,Tujuan utamanya itu propaganda. Afghanistan yang dulu itu digambarkan sebagai hasil karya Amerika yang gagal karena Taliban kembali. Ini sudah dipakai untuk menekan Taiwan.,0,0.194674,0,0,0.4,1,1,xlm-roberta-large
test,547,Pak disemprot dulu masuk bilik biar steril.,0,0.161452,0,0,0.4,1,1,xlm-roberta-large
test,548,Buat filtering yang nglamar itu wibu atau normie,1,0.033117,0,0,0.4,0,0,xlm-roberta-large
test,549,"Ah, ku kira 1st world country punya sistem yang lebih bagus dari kita yang 3rd world",1,0.963746,1,1,0.4,1,1,xlm-roberta-large
test,550,Kalopun punya emangnya pasti lebih penting dari karir dan harta lo? Jangan coba ngambil moral high ground karena bandingannya tuh bukan cuma antara duit dan anak tapi antara jerih payah lo seumur hidup plus mungkin juga dari orang tua lo dan anak brengsek yang bikin susah orang tua dan sekitarnya,0,0.042682,0,0,0.4,1,1,xlm-roberta-large
test,551,Mending anak indigo dikumpulin terus ngorbanin diri supaya arwahnya melebur jadi 1 dan hidup kembali jadi the New Emperor of Mankind.,0,0.963882,1,1,0.4,0,0,xlm-roberta-large
test,552,"Nggak pake kulkas bersama karena pertimbangan social distancing atau sebab lain? Kalo cuma karena covid sih, beli container aja biar makananmu ketutup dan terpisah dari punya orang.",0,0.006133,0,0,0.4,1,1,xlm-roberta-large
test,553,"Kalau deadlinenya masih minggu depan, mungkin bisa lempar lempar saran yak. Kalau sore ini, tinggal ngemis ngemis ke semua orang di kampus.",0,0.005406,0,0,0.4,1,1,xlm-roberta-large
test,554,"Mama dan keluarga mama gak terlalu suka Islam sih, pengalaman buruk dengan itu.",0,0.012625,0,0,0.4,1,1,xlm-roberta-large
test,555,"wah tapi gabisa digeneralisir dong, gak semua cogil itu sotoy dan suka nasehatin.. lbh baik kita ga perlu jdi judgemental, always keep an open mind..",1,0.495423,0,1,0.4,0,1,xlm-roberta-large
test,556,Di atas BKB bapak,0,0.060585,0,0,0.4,1,1,xlm-roberta-large
test,557,"Bradley awalnya buat personel carrier, ada kesalahan fatal saat disain karena fitur2 ditambahin terus-menerus. Israel yg waktu itu dapat bantuan dari US buat beli persenjataan Amerika, beli Bradley tapi mereka modif lagi.",0,0.058453,0,0,0.4,1,1,xlm-roberta-large
test,558,aku juga pengen tau kalau ke singapore mending tukar rupiah ke dollar singapore di indonesia atau di negara tujuan?,0,0.015044,0,0,0.4,1,1,xlm-roberta-large
test,559,"Nyokap suka asal nyemplungin ikan. Pernah di akuarium, anak patin dicampur sama 7 anak nila. Gue udah bilang, itu bakal mati patinnya. Ga percaya. Nyokap cuma senyum senyum seneng aja.",0,0.082697,0,0,0.4,1,1,xlm-roberta-large
test,560,"betul, S2 lebih ke ""the future never was""",0,0.034521,0,0,0.4,1,1,xlm-roberta-large
test,561,"Perkumpulan keluarga ini sebutlah **FamGrup.** Generasi 1 adalah angkatan ortu, generasi 2 itu gw, dan generasi 3 itu anak gw dst. Kita suka sebut singkatan sbg FG 1, FG 2, dst. Skrg sudah sampe ke generasi ke-4. Ya, keponakan gw uda pny anak pas gw blum nikah. Gw uda dpanggil eyang istilahnya.",0,0.018212,0,0,0.4,1,1,xlm-roberta-large
test,562,"tahun lalu hampir beli viewsonic xg2431 tapi di tokped n mangdu habis. jadinya beli msi mag251rx. so far so good. btw ini buat gaming, content creation, atau apa?",0,0.00434,0,0,0.4,1,1,xlm-roberta-large
test,563,"Oh jadinya kembaran Nokia 3310 toh, akan saya amanin dari jangkauan ponakan, untuk keselamatan dia hahah",0,0.420793,0,1,0.4,1,0,xlm-roberta-large
test,564,Youtube Vanced? Apa youtube biasa?,0,0.210807,0,0,0.4,1,1,xlm-roberta-large
test,565,"Sebenernya ada bagusnya sih, kalau drumah pada bisa nantinya, atleast 1 tukang aja yg ngebantu klo kerjaannya berat, nge reduce cost bgt pas lg bangun2 sesuatu, gw drumah peralatan lengkap, lemari buat sendiri, cat sendiri, skrg lg renov dapur sendiri.",0,0.023353,0,0,0.4,1,1,xlm-roberta-large
test,566,Poin nya adalah stay at home. Bukan memfasilitasi yang kaya gini.,0,0.004664,0,0,0.4,1,1,xlm-roberta-large
test,567,"- Tokyo 24-ku: nggak tau juga, nope",0,0.019253,0,0,0.4,1,1,xlm-roberta-large
test,568,"Iya kemarin sempat lihat review di youtube, katanya klo mau ambil PCX atau ADV mending dibeliin plat pelindung bawahnya.",0,0.014227,0,0,0.4,1,1,xlm-roberta-large
test,569,"Sebenernya sih rulenya dah oke. Penegakannya oke, cuma sedikit terlalu restriktif sih",0,0.006641,0,0,0.4,1,1,xlm-roberta-large
test,570,"Disekolahkan iya, anak-anaknya pada di luar negeri semua",0,0.926968,1,1,0.4,0,0,xlm-roberta-large
test,571,Bberapa bulan ini sudah mulai oke tapi sebelum itu ancur kali sistem flair subreddit ini. Betul-betul nggak tahu cari thread kualitas yang mana. Orang cuman bacotin meme yang sudah basi lima tahun lalu.,0,0.004094,0,0,0.4,1,1,xlm-roberta-large
test,572,"Mending gw seduh teh sendiri pake daun teh beneran trus masukin kulkas. Tapi gw lupa yg punya bisnis ini tujuannya profit. Dan rata2 orang Indo masih kurang melek soal hidup sehat. Jd ya dimanfaatkan aja lah. Minum es teh yg bergula, seger and nikmat, pasti pada suka tuh. Mau sehat bodo amat deh yg penting cuan.",0,0.910982,1,1,0.4,0,0,xlm-roberta-large
test,573,"tau sebatas end user sih, biasa beli di Justus Kimia Raya yang deket LTC. pernah makenya yang unsaturated polyester resin, Vynil ester ama epoxy saja",0,0.005631,0,0,0.4,1,1,xlm-roberta-large
test,574,"Gua lbh miris ama yg netnot ama nenek2, bisa2nya sange ama cewe TT luntur dah keriput sekujur badan. Atleast klo sange ya cari booking cewe kenceng gitu",1,0.005598,0,0,0.4,0,0,xlm-roberta-large
test,575,"Yang udah dapet kartunya simpen ya, nanti klo programnya stop kartunya jadi lang dan pasti mahal",0,0.239127,0,0,0.4,1,1,xlm-roberta-large
test,576,"kuliah itu bertahun2 kak, ga kuliah hari ini, bisa kuliah esok hari. klo konser paling cuman sehari kak",1,0.094845,0,0,0.4,0,0,xlm-roberta-large
test,577,4. yang terpenting: **hindari gula**,0,0.013822,0,0,0.4,1,1,xlm-roberta-large
test,578,"Makanya ntar IPO ikut beli, biar duitnya muter.",1,0.909867,1,1,0.4,1,1,xlm-roberta-large
test,579,Dulu gua sekolah di Al-Irsyad juga gitu. Katanya biar gak gabut daripada cuma nungguin,0,0.103024,0,0,0.4,1,1,xlm-roberta-large
test,580,Masih Dok,0,0.043773,0,0,0.4,1,1,xlm-roberta-large
test,581,"Kalau Western udah hampir pasti kayak dumpster fire. Bentar-bentar masalah ras dll dsb, anime dengan atau tanpa inklusivisme atau agenda tertentu yang sesuai agenda mereka... Ah sampe karakter fiksi aja bisa dimasalahin rasnya 😔",0,0.005992,0,0,0.4,1,1,xlm-roberta-large
test,582,"Kombinasi yg ngeri IMO, Ambon dan NU",0,0.171061,0,0,0.4,1,1,xlm-roberta-large
test,583,Semua lagu klasik kan bunyinya sama.,1,0.178669,0,0,0.4,0,0,xlm-roberta-large
test,584,"Gak boleh menjelek-jelekkan rakyat, anda hanya diperkenankan untuk menjelek-jelekkan pemerintah",1,0.914367,1,1,0.4,1,1,xlm-roberta-large
test,585,"Babi haram ya ges, bunga itu riba, dan toa boleh keras supaya umat dan sekitarnya tau kalau mereka itu suci",1,0.963848,1,1,0.4,1,1,xlm-roberta-large
test,586,lebih halal lagi disedekahkan ke lembaga amal.,0,0.803405,1,1,0.4,0,0,xlm-roberta-large
test,587,Lagian overhype banget cuma demi nugget dan bungkus makanan,1,0.043164,0,0,0.4,0,0,xlm-roberta-large
test,588,"&gt;Sbnrnya ini salah media kita sendiri. Wong media kita nge-reportnya kyk gini. Media barat itu kan cmn bisa refer dari media kita, kecuali independent investigation.",0,0.054149,0,0,0.4,1,1,xlm-roberta-large
test,589,Padahal emg kerjaan dia harusnya gt wkwk,0,0.151278,0,0,0.4,1,1,xlm-roberta-large
test,590,Interest rate - % harga rumah naik VS bunga investasi kam besar yang mana?,0,0.032899,0,0,0.4,1,1,xlm-roberta-large
test,591,"Heck, even koruptor pas OTT juga ga ditendang kayak gitu lol.",0,0.129403,0,0,0.4,1,1,xlm-roberta-large
test,592,Its such a honor dinominasikan oleh cece cincau,0,0.629284,1,1,0.4,0,0,xlm-roberta-large
test,593,Dikasi alternative al-zaytun malah dipermasalahin,1,0.134321,0,0,0.4,0,0,xlm-roberta-large
test,594,"Entah, mungkin ada. Dosen ku dulu suka riset yg berhubungan dgn ketahanan keluarga, jadi seharusnya ada tapi entah apa judulnya.",0,0.007519,0,0,0.4,1,1,xlm-roberta-large
test,595,"No one expect that. Pengalaman mengerikan dan menarik sih, bener2 ilmu survival diterapkan karena rombongan besar dan makanan stoknya hampir habis walaupun udah bawa ekstra. Air danau sebotol gede pun dicampur nutri sari pada akhirnya biar nggak eneg",0,0.010209,0,0,0.4,1,1,xlm-roberta-large
test,596,"Idk, jualan martabak di ruko kayaknya",0,0.091707,0,0,0.4,1,1,xlm-roberta-large
test,597,"Yep, kasus tahun 2009 ini yang saya maksud",0,0.095097,0,0,0.4,1,1,xlm-roberta-large
test,598,Itu kayanya kucing lo sedih tiap 10 menit si owner buka incognito terus,1,0.069038,0,0,0.4,0,0,xlm-roberta-large
test,599,"gw agak susah buat cari relasi.. Bingung buat bkin topik obrolan, dlu waktu kecil jrg diajak ngbrol sm bokap ama nyokap, ddilarang main jga.. Jd agak susah sosialisasi",0,0.016309,0,0,0.4,1,1,xlm-roberta-large
test,600,Yang cuan luar biasa yang bikin robot wkwkwk. Kan Hasilnya di split ama yang punya robot,0,0.127925,0,0,0.4,1,1,xlm-roberta-large
test,601,Sepak bola itu buatan orang Yahudi,1,0.963231,1,1,0.4,1,1,xlm-roberta-large
test,602,"iceflare sih menurut gw, komen2 dia selalu GIMANA gitu...",0,0.00925,0,0,0.4,1,1,xlm-roberta-large
test,603,"anak HI di angkatan gw yg gw kenal ada yg kerja di bank, NGO, HRD / headhunter",0,0.08548,0,0,0.4,1,1,xlm-roberta-large
test,604,mungkin kamu perlu rejoin grup telegram lagi mbak KOK OUT SIH KNAPA,0,0.297011,0,0,0.4,1,1,xlm-roberta-large
test,605,"Jadi, protestant itu baru?",0,0.963506,1,1,0.4,0,0,xlm-roberta-large
test,606,"clickbait bro! ads revenue! kan yang bikin ""penelitian"" anak intern, janganlah dimarahi",1,0.963506,1,1,0.4,1,1,xlm-roberta-large
test,607,"Kalo kucing ini rencananya gue taro rumah aja sih ga gue bebasin keluar rumah, paling sesekali. Rencananyq gitu. Kandang belom gue siapin sih, mayan juga hampir sejuta. Ini kucing juga gue taro taman belakang sih. 4x3 lah ukurannya.",0,0.003862,0,0,0.4,1,1,xlm-roberta-large
test,608,FPI salah satu yang bisa ngasih makna buat mereka.,0,0.041618,0,0,0.4,1,1,xlm-roberta-large
test,609,"Dia bukan dari agama kami, karena agama kami tidaklah seperti itu",1,0.964689,1,1,0.4,1,1,xlm-roberta-large
test,610,"Sayangnya waktu itu gw belum pasang CCTV di teras rumah, soalnya gw minta foto ama tim mereka katanya ga usah wkwk",0,0.031589,0,0,0.4,1,1,xlm-roberta-large
test,611,"Either way, produsen dan peneliti sudah dpt duit yg jelas.",0,0.260672,0,0,0.4,1,1,xlm-roberta-large
test,612,kok tag nsfw nya g keliatan ya? padahal udh bapak pemcet apply pas posting td,0,0.123789,0,0,0.4,1,1,xlm-roberta-large
test,613,"* Kalau sudah fokus pegang hape, omongan orang sering ga kedengeran",0,0.028626,0,0,0.4,1,1,xlm-roberta-large
test,614,Kalo monyet dapet internet jadinya gitu emang..,1,0.750416,1,1,0.4,1,1,xlm-roberta-large
test,615,+ Menurutmu pribadi ram 16GB kurang apa engga? Ini jadi concern utama karena ram solderan ke mobo.,0,0.003191,0,0,0.4,1,1,xlm-roberta-large
test,616,"Katanya sih memang belum bisa, ane baru nanya ke RS Borromeus doang sih.",0,0.004281,0,0,0.4,1,1,xlm-roberta-large
test,617,"Mau nanya perspektif, gimana caranya TV sekarang berusaha untuk paling tidak objektif ditengah-tengah wacara ketidakpercayaan terhadap media?",0,0.009286,0,0,0.4,1,1,xlm-roberta-large
test,618,tambah dukun/mage biar lengkap ya,0,0.467332,0,1,0.4,1,0,xlm-roberta-large
test,619,"Asem, giliran harus keluar kantor malah hujan",0,0.099077,0,0,0.4,1,1,xlm-roberta-large
test,620,"Mungkin menurut mereka, harusnya perusahaan dilarang memphk dan dirumahkan pekerja meskipun pandemi dan gajinya harus sesuai umr",1,0.099908,0,0,0.4,0,0,xlm-roberta-large
test,621,Kalo f1 kan shifternya dibelakang setir,0,0.800497,1,1,0.4,0,0,xlm-roberta-large
test,622,"Billgates-corona, anti-vaksin, bumi-datar. Semuanya sama. Yang paling lucu itu pas masuk indo, langsung dikasih bumbu lokal: ""anti-islam"" lol. Anti-vaksin tuh contoh bagusnya, ""vaksin haram"". Duh mau ngakak gw.",0,0.007923,0,0,0.4,1,1,xlm-roberta-large
test,623,Beli liquid sebotol uda free ongkir.,0,0.118947,0,0,0.4,1,1,xlm-roberta-large
test,624,"CMIIW... pas mau maju pertama kali dulu, yang salahsatu semboyan yang dielu2kan PDIP and the gank adalah lawan politik dinasti.",0,0.017111,0,0,0.4,1,1,xlm-roberta-large
test,625,"Cina spt itu karena mereka 98 udah benci ama pribumi, pribumi jarah/perkosa/bunuh minoritas",0,0.419395,0,1,0.4,1,0,xlm-roberta-large
test,626,Nanti aku telpon bangunin kamu hihi,0,0.054904,0,0,0.4,1,1,xlm-roberta-large
test,627,"nah ini ambigu, mungkin bener jadi satu kalimat atau angka yang dieja cuma angka dengan satu kata. contoh dua puluh tiga, karena tiga kata jadinya ditulis 23. gimana?",0,0.04439,0,0,0.4,1,1,xlm-roberta-large
test,628,Heran juga amd. Ga mau perang harga padahal performance mah kalah.,0,0.121634,0,0,0.4,1,1,xlm-roberta-large
test,629,Lebih tepatnya dayang sumbi lahir dari babi titisan dewi yang minum air kencing seorang bangsawan.,0,0.866302,1,1,0.4,0,0,xlm-roberta-large
test,630,Wok hey selama panasnya cukup kasik you segalon pasti dapet lah.,0,0.154504,0,0,0.4,1,1,xlm-roberta-large
test,631,JADI UDAH NGECET RAMBUT DAN...........tidak ada perubahan wkwk. Aku pilih Garnier yang darkest brown tapi sama aja warnanya. 😂😂😂,0,0.008745,0,0,0.4,1,1,xlm-roberta-large
test,632,"Mana nih garis keras paham agama setengah setengah, yang solat Jumat di larang bilangnya jangan takut sama corona, giliran meninggal nyalahin pemerintah.. Dengerin podcast nya mba Nana sama ust Quraish ni bapak bapak yang terhormat..",0,0.298645,0,0,0.4,1,1,xlm-roberta-large
test,633,"mungkin mereka ngira orang awam bakal seneng dengan blokir, padahal orang awam ga mikirin kayak gitu gitu. pinjol minta permission contact dari hp aja mereka allow allow aja.",0,0.249127,0,0,0.4,1,1,xlm-roberta-large
test,634,"masukin kedalam beras, mgkn bisa keserap kandungan air nya, kayak hp kemasukan air",1,0.256832,0,0,0.4,0,0,xlm-roberta-large
test,635,"""Mba boleh ngga aku balik *&lt;kota tempat kuliah&gt;*?""",0,0.060919,0,0,0.4,1,1,xlm-roberta-large
test,636,2. Kalo ngomong nggak pernah pakai konteks,0,0.162115,0,0,0.4,1,1,xlm-roberta-large
test,637,Gua suka bgt analoginya,1,0.026081,0,0,0.4,0,0,xlm-roberta-large
test,638,"Jadi alasan seperti ini adalah karena tukang2 borongan itu udah diplotting di hari senin-sabtu (kadang jumat), dan cuma ad waktu free buat kerjaan bebas di hari minggu (kadang plus sabtu)",0,0.033368,0,0,0.4,1,1,xlm-roberta-large
test,639,"ini buat bayar alfa/idm ya, sebab rata-rata mereka gk ada QRIS",0,0.013046,0,0,0.4,1,1,xlm-roberta-large
test,640,kayanya gara gara gigi bungsu tumbuh sih,0,0.117927,0,0,0.4,1,1,xlm-roberta-large
test,641,"Tapi lucu aja klo mau nonton porn, tapi gak mau nonton ads nya... yg berupa porn juga.",0,0.013506,0,0,0.4,1,1,xlm-roberta-large
test,642,"- tidak hanya mahasiswa saja berpotensi ikut terbawa malas malasan, dosen pun bisa",1,0.124001,0,0,0.4,0,0,xlm-roberta-large
test,643,"buat apa harta di dunia ini , yg penting bisa dapet 72 bidadari",1,0.944331,1,1,0.4,1,1,xlm-roberta-large
test,644,"Di sana yang bagus apa? Myrep belum pernah pake, biznet kalau lancar ya lancar, down bisa sehari semalam. Ongkos harusnya standar selama areanya masuk",0,0.002047,0,0,0.4,1,1,xlm-roberta-large
test,645,">Luas tutupan es salju berketinggian 4.884 meter di atas permukaan laut ini menciut sampai 98%, dari 19,3 km2 pada 1850 menjadi hanya 0,34 km2 pada 2020.",0,0.013506,0,0,0.4,1,1,xlm-roberta-large
test,646,??? Debit dan credit itu beda.,0,0.100967,0,0,0.4,1,1,xlm-roberta-large
test,647,Aku bingun memangnya ngga boleh yah kuliah di Tarakan kalau ngga gabung ke Kaltara?,0,0.129733,0,0,0.4,1,1,xlm-roberta-large
test,648,2. Beberapa UMKM itu dapet grant dari government dan kalo memang sektor strategis bisa lumayan jadi mereka bisa lebih bisa afford.,0,0.002715,0,0,0.4,1,1,xlm-roberta-large
test,649,PPSDK Laboratorium Kebinekaan Bahasa dan Sastra,0,0.472562,0,1,0.4,1,0,xlm-roberta-large
test,650,"Cuma berapa kali gw komenin dan like tweet homoero soal BL, sekarang gw twitter udah muncul tweet BL di twitter gw🤣",0,0.058132,0,0,0.4,1,1,xlm-roberta-large
test,651,Teh dari laut,0,0.020023,0,0,0.4,1,1,xlm-roberta-large
test,652,"5. di pengadilan, ini sih harus nyari lawyer yang bisa nge-bujuk hakim buat GTFO itu biang kerok, parasit di keluarga mu itu. lumayan pricey kalau hire lawyer, but it's still worth it.",0,0.018334,0,0,0.4,1,1,xlm-roberta-large
test,653,"Agak setuju sih soal ini, transpub di KL lebih mateng ketimbang Jakarta",0,0.283186,0,0,0.4,1,1,xlm-roberta-large
test,654,Ini buat yang piskolog/psikiaternya di luar kota maksudnya,1,0.141459,0,0,0.4,0,0,xlm-roberta-large
test,655,"Di tukang jam gitu bisa, lmyan mehong kalo di mall. Waktu itu gw ditipu 75 rb bgct. Sekarang gw ganti sendiri tinggal beli alat bukanya + batere biasa merk renata paling 8 rebu gt tergantung model, itu uda batre bagus  tahan lama.",0,0.003884,0,0,0.4,1,1,xlm-roberta-large
test,656,Ribet amat bawa mobil. Kan bisa pake helikopter,1,0.961061,1,1,0.4,1,1,xlm-roberta-large
test,657,"kalo ada cewe bales dm lama gt, tapi pertama terus nontonin IGs lu. artinya apa bang messi?",1,0.065725,0,0,0.4,0,0,xlm-roberta-large
test,658,"Sedih liat bokap temen gw meninggal muda gw gak berani nanya kenapa nya karena terlalu privacy,padahal menantu sm anak dia lg hamil :(",0,0.05113,0,0,0.4,1,1,xlm-roberta-large
test,659,"daripada saingan sama ratusan orang, lebih gampang saingan ama 1 orang",1,0.80112,1,1,0.4,1,1,xlm-roberta-large
test,660,Uang pengadaan printernya dikorup,1,0.909425,1,1,0.4,1,1,xlm-roberta-large
test,661,"* ""halo gan, skill saya setara roman cohort, tapi saya mau coba belajar jadi penjaga gerbang""",0,0.207696,0,0,0.4,1,1,xlm-roberta-large
test,662,"jeans h&amp;m :400k, kaos uniqlo:150k, applewatch:6jt, sepatu vans:1.5jt keknya, sweatshirt(gw koleksi merek2 rada mahal):2jt la.",0,0.003423,0,0,0.4,1,1,xlm-roberta-large
test,663,*B2 denganmu* 🎶,0,0.040012,0,0,0.4,1,1,xlm-roberta-large
test,664,"Harvest moon adalah jaman dimana Karen itu cewe cantik di desa yg gemar Wine, bukan emak2 jabrik yg suka cari masalah di tempat umum.",0,0.042523,0,0,0.4,1,1,xlm-roberta-large
test,665,"Ada yang udah baca RUU Haluan Ideologi Pancasila? Minta penjelasan dong, gua ga terlalu pinter tata negara soalnya",0,0.13569,0,0,0.4,1,1,xlm-roberta-large
test,666,"Kenapa harus singapura? Kan negara maju yg lain jg bisa, misal cina, amrik, atau belanda",1,0.88573,1,1,0.4,1,1,xlm-roberta-large
test,667,Jokowi kan suspend kepemilikan usahanya pas jd Presiden.,0,0.758466,1,1,0.4,0,0,xlm-roberta-large
test,668,Jadinya lambat. Keburu terpapar dan kena efek parah si pemesan vaksin.,0,0.104477,0,0,0.4,1,1,xlm-roberta-large
test,669,ini pasti ulah alien,1,0.962356,1,1,0.4,1,1,xlm-roberta-large
test,670,"Gak generalisir lah, i know that ppl have different lives. Tp gw cm ga nyangka aja sih bisa sebegitu bedanya ya saya si non chindo baca2 cerita begini. Soale dulu satu2nya ekspos gw secara live ke chindo cuma pemilik warung kelontong dan ya gw gatau ya hartanya sebanyak apa, tp ga keliatan kayak org yg 'keliatan kaya' gt. Selebihnya ya dr tv, stereotype2, dan temen2 gw bbrp yg rada deket tapi mungkin yg levelnya masih level middle ya ekonominya, trus rata2 orgnya ambisius, pekerja keras, no marriage gt. Tapi emg temen2 gw ini ga ada yg suka masak sih atau hal2 yg berbau domestic work kek beres2 rumah, dll.",0,0.003022,0,0,0.4,1,1,xlm-roberta-large
test,671,Itu tandanya khilafah sudah menguasai Indonesia,1,0.963814,1,1,0.4,1,1,xlm-roberta-large
test,672,"Kalo gue sih percaya prinsip kalo embracing mediocrity itu wajar kalo lo bandinginnya sama eksternal, sedangkan pursuing achievement itu jatohnya ngejar versi terbaik dari diri lo (internal).",0,0.010611,0,0,0.4,1,1,xlm-roberta-large
test,673,Dari yang ngehire talent dan buka engineering branch di LN?,1,0.349006,0,0,0.4,0,0,xlm-roberta-large
test,674,Hari babi guling. Dirayakan pada jum'at kedua setelah hujan pertama di musim hujan.,0,0.022074,0,0,0.4,1,1,xlm-roberta-large
test,675,Mau percaya diri atau dilatih percaya dirinya? Beruang.,0,0.826782,1,1,0.4,0,0,xlm-roberta-large
test,676,"Dia salah posting link, kurang 1 huruf dibelakangnya.",0,0.401101,0,1,0.4,1,0,xlm-roberta-large
test,677,"""kan dakwah itu emang harus serius, gak boleh main main atau dibercandain astaghfirullah""",0,0.962179,1,1,0.4,0,0,xlm-roberta-large
test,678,"Sosis doang mah, sisanya hambar.",0,0.020984,0,0,0.4,1,1,xlm-roberta-large
test,679,"seminggu lalu 25 di indomarr, tadi w liat di jadi 30. dapet info mau naik lagi katanya jadi 39",0,0.014064,0,0,0.4,1,1,xlm-roberta-large
test,680,"Discord saya okay2 aja sih... Baik Indihome rumah, Indihome klinik, dan Indihome Puskesmas.",0,0.008,0,0,0.4,1,1,xlm-roberta-large
test,681,"Misal: kalau squat yang kerasa paha depan, deadlift paha belakang sama pantat.",0,0.014504,0,0,0.4,1,1,xlm-roberta-large
test,682,Telkom punya siapa?,0,0.831349,1,1,0.4,0,0,xlm-roberta-large
test,683,"akhirnya dia coba lepas dari bayang"" iron-man,mulai hidup baru, tinggal di apartmen baru, kostum baru, sambil melanjutkan kuliah, comic accurate.",0,0.078572,0,0,0.4,1,1,xlm-roberta-large
test,684,baik baik kasar dan tololnya maksudnya?,1,0.127544,0,0,0.4,0,0,xlm-roberta-large
test,685,"Nah konsep pacaran, seringkali yg dihighlight para penggiat Indonesia Tanpa Pacaran itu pacaran rentan dengan perbuatan maksiat (takut *setan* lewat dan nanti pasangan sejoli ini saling bercumbu). Padahal batasan pacaran ya sebenernya tergantung pribadi masing-masing. Kalo gak nyaman base 1, 2, 3, apalagi homerun ya bilang dari awal. Kalo emang pacaran tujuannya mau tau compatibility dari kepribadian sampe seksual ya di-define dari awal.",0,0.03775,0,0,0.4,1,1,xlm-roberta-large
test,686,"Tapi jujur, gw bertanya-tanya kenapa ada gap di perhitungan digit dalam bhs indo &amp; inggris",0,0.041852,0,0,0.4,1,1,xlm-roberta-large
test,687,Masalahnya tentu untuk mencapai level yang kita udah terbiasa itu dari 0 tentu lebih sulit daripada kalo kita terbiasa level yang lebih rendah. Dan hidup menjadi lebih stressful.,0,0.006193,0,0,0.4,1,1,xlm-roberta-large
test,688,"gk ush nanya” gn kl mw tdr km nyenyak, mod gk main” kl udh ksl",0,0.079997,0,0,0.4,1,1,xlm-roberta-large
test,689,"Masuk Kristen dulu, nanti dimaafkan",1,0.93273,1,1,0.4,1,1,xlm-roberta-large
test,690,"hahaha, takut nih gara2 kejadian pecel sama kucing deef nih sis.. sama PT.Gilanng Agunng Persadaaa itu nama distributor resminya? gue keinget punya casio beli deket mall rumah gw tahan ampe 10 tahun sebelum matot.",0,0.009936,0,0,0.4,1,1,xlm-roberta-large
test,691,dipukul trus ntar malah masuk penjara wkwkwkw.. sekarang benernya mesti ada surat perjanjian dan gimana cara membayar/nyicil nya,0,0.009038,0,0,0.4,1,1,xlm-roberta-large
test,692,biasanya imam sholat akan nanyain dulu apakah mayat ini masih punya hutang?,0,0.931991,1,1,0.4,0,0,xlm-roberta-large
test,693,"mahasiswa yg aktif demonstrasi2(aktivis kampus) , kira2 kalo kedepannya dia pgn kerja di corporate, bukan di partai/politik, Ada hambatan ga ya? Apakah corporate cenderung menghindari mahasiswa aksi yg punya rekam jejak seperti itu",0,0.047074,0,0,0.4,1,1,xlm-roberta-large
test,694,Selamat berkurang umurnya 🎂(👁 ͜ʖ👁),0,0.21465,0,0,0.4,1,1,xlm-roberta-large
test,695,... ah jadi orang di cina kena virus korona karena nggak mandi?,1,0.964589,1,1,0.4,1,1,xlm-roberta-large
test,696,Yakin twitter? Orang mereka kerjaannya ribut tiap hari...,0,0.863334,1,1,0.4,0,0,xlm-roberta-large
test,697,"udh pergi jauh2 ujung2nya reject bad cust, mana perut sakit lagi minta bongkar muatan",0,0.109087,0,0,0.4,1,1,xlm-roberta-large
test,698,"Ngeghosting orang yg salah. Tp dia juga suka rese sih, udah tidur sama anak orang, si cwenya makin nempel trus dia panik, langsung kabur.",0,0.029424,0,0,0.4,1,1,xlm-roberta-large
test,699,duit buku ga ke-track tapi sebagian besar minjem n jg masuk ke  bulanan,0,0.006745,0,0,0.4,1,1,xlm-roberta-large
test,700,"Ya makanya, gw selalu mikir kalo emang mau bandingin karir sama orang ya sesuai dengan dia mau tinggal dimana. Teman gw rencananya pgn stay di singapore, ya brarti kita pake standar singapore dong. Dan hasilnya holy shit parah jg ya kalo dipikir2 di singapore hahaha.",0,0.004992,0,0,0.4,1,1,xlm-roberta-large
test,701,"tetangga ane, namanya mbah darmi, suaminya masuk daftar, beliau kabur ke daerah kopeng dikaki merbabu saat pamit sama istrinya, tapi sampe mbah darmi meniggal agustus kemaren, suaminya gak pernah ada kabar",0,0.050331,0,0,0.4,1,1,xlm-roberta-large
test,702,itulah makanya kuli2 kita pinter. daripada repot2 bikin pondasi dan konstruksi. mending pake alam sebagai  basisnya,1,0.963678,1,1,0.4,1,1,xlm-roberta-large
test,703,"saya mau pilih yg seiman, 58%, yang mau membangun manusia padahal gak bisa keliatan di foto kinerja nya.",1,0.943815,1,1,0.4,1,1,xlm-roberta-large
test,704,"Karena jalur darat sudah matang jadinya lebih robust and reliable, dan dampaknya banyak yang lari ke jalur darat dan jalur laut makin terbengkalai, ini amat disayangkan karena jalur laut kita itu sangat berpotensi buat mengatasi masalah yang muncul akibat overreliance ke jalur darat : barang di luar jawa mahal, jalan selalu rusak, truk banyak ODOL demi memenuhi demand, jalanan macet, BBM solar habis, polusi udara, dll. Wasted potential tbh",0,0.155784,0,0,0.4,1,1,xlm-roberta-large
test,705,"Ya iya atuh refill, masa tiap abis dibuang",0,0.51879,1,1,0.4,0,0,xlm-roberta-large
test,706,"ini yang wawancara, nanti HRD-nya manusia atau malaikat?",1,0.875787,1,1,0.4,1,1,xlm-roberta-large
test,707,"Sate Madura = bumbu kacang, kulit plus kerupuk",0,0.011137,0,0,0.4,1,1,xlm-roberta-large
test,708,Itu kurva perekonomian bukan kurva infeksi,1,0.468274,0,1,0.4,0,1,xlm-roberta-large
test,709,"8. kalau diliat timeline twitter-nya, udah bertahun tahun kayak gitu.",0,0.003657,0,0,0.4,1,1,xlm-roberta-large
test,710,extrovert pemuja medsos  diam di rumah jadi cacing kepanasan,1,0.882276,1,1,0.4,1,1,xlm-roberta-large
test,711,bersihin aspal sirkuit mandalika sesusah apa sih?,0,0.391893,0,0,0.4,1,1,xlm-roberta-large
test,712,"Asumsi peraturan ini berlaku mulai 2019, Tokped harus punya data tahun 2019 (karena mulai berlaku november 2019) atau 2020 (asumsi ada grace period untuk persiapan penambahan server atau apa)",0,0.003337,0,0,0.4,1,1,xlm-roberta-large
test,713,pencet hidung nya dan pusar nya di saat bersamaan,0,0.029118,0,0,0.4,1,1,xlm-roberta-large
test,714,"Usia 40, udah nikah. Msh tinggal sama ortu, bukan krn ga bisa beli rumah tapi krn ortu yg minta (how so very eastern). Istri ga keberatan (no really she doesn't. Bbrp kali gw tawarin utk ngekost aja spy dpt privacy tapi dia ga mau) jadi ya begitu smp skrg. Gw yg malah kadang² gerah pengen punya rumah sendiri (kebiasa sendiri waktu ngerantau dulu) tapi di-dissuade sama nyokap, ga jadi.",0,0.006376,0,0,0.4,1,1,xlm-roberta-large
test,715,"dilema yg sama waktu dulu, dan cobain keduanya. rasanya mirip2, akhirnya milih huion karena tau xp pen tmnku rusak di umur 1 tahunan.",0,0.017729,0,0,0.4,1,1,xlm-roberta-large
test,716,"Well lockdownnya untuk orang lain aja, bukan saya",1,0.110375,0,0,0.4,0,0,xlm-roberta-large
test,717,Saya juga mau duit loss saya yang di saham selama ini dikembalikan 🙏🙏🙏,1,0.148417,0,0,0.4,0,0,xlm-roberta-large
test,718,Kesimpulan: freshgrad IT ≠ melek teknologi,1,0.732305,1,1,0.4,1,1,xlm-roberta-large
test,719,aku udh 6-7 tahunan jg awet,0,0.01685,0,0,0.4,1,1,xlm-roberta-large
test,720,Kalo yang tionghoa gmn ? Bisa narik garis silsilahnya ke qin shi huang apa ke genghis khan ?,1,0.152032,0,0,0.4,0,0,xlm-roberta-large
test,721,"""Emas memang bagus sebagai pengantar; coba dipake buat kabel, pasti setiap hari mati lampu karena dipretelin. Orang Indonesia mah apaan aja diambil kalau bisa.""",0,0.183301,0,0,0.4,1,1,xlm-roberta-large
test,722,Bentar lagi dapet yang namanya Emoney bro. Swipe terus.,0,0.081886,0,0,0.4,1,1,xlm-roberta-large
test,723,"Okay, skrg lu udh identifikasi problem, lanjutnya tinggal kompromi ama laki lu cari jalan tengah sambil lu bedua liburan or doing something romantic, kasih tau kalo sebenenrnya pernikahan itu gabungin 2 otak yg berbeda dimana semua pihak harus nurunin ego ke batas toleransi paling maksimal baru masing2 ajuin term masing2 sampe kedua pihak indifference",0,0.071461,0,0,0.4,1,1,xlm-roberta-large
test,724,"I mean, semakin dikit populasi = semakin dikit penularan di kedepannya. Solid logic sih",1,0.136493,0,0,0.4,0,0,xlm-roberta-large
test,725,"Kalau bakpau coklat dan kacang ijo aja bisa dikasih saus, kenapa es krim tidak?",1,0.404989,0,1,0.4,0,1,xlm-roberta-large
test,726,"Nah, enak kan? 😆😆",0,0.181263,0,0,0.4,1,1,xlm-roberta-large
test,727,Skip. PM IT di tempat lain dengan workload yang sama bisa dapat 2 digit makmur. Malah banyak yang gak ikutan oncall.,0,0.074703,0,0,0.4,1,1,xlm-roberta-large
test,728,"\+1, gw lebih suka city car/hatchback. Kalo ada uang buat naek kelas ke level mas"" owner tambang pun gw pasti bakal ambil hypercar kayak pagani/koenisegg/mclaren/bugatti, bukan truk"" gituan.",0,0.025035,0,0,0.4,1,1,xlm-roberta-large
test,729,"Macan putih harusnya gak ada di Jonggol sih, bukan habitatnya",0,0.0545,0,0,0.4,1,1,xlm-roberta-large
test,730,"Cara pilih stabilizer yg tepat buat PC gimana ya? PSU pake Corsair RM750, belum monitor &amp; perangkat lain.",0,0.006302,0,0,0.4,1,1,xlm-roberta-large
test,731,"Convenient sekali ya, arti frasenya disesuaikan.. Tapi ya udahlah, asal jangan ngemis2 lagi ;)",0,0.132178,0,0,0.4,1,1,xlm-roberta-large
test,732,"Aku gapernah dapat yang tipe aku sih, sejauh ini client dari local maupun interlocal semua tidak ada yang menarik buat aku, kaya iya, so so semua sih",0,0.007861,0,0,0.4,1,1,xlm-roberta-large
test,733,"Nikah aja dulu, punya anak. Nanti rejeki juga ada",1,0.880848,1,1,0.4,1,1,xlm-roberta-large
test,734,"dapet dari postingan seliweran di FB. Terus cek, eh [beneran ada](<link>",0,0.020216,0,0,0.4,1,1,xlm-roberta-large
test,735,"Gw sempat join nih (cuma daftar aja sih) pas gw baca lebih lanjut kalau yang ngeklik referal kita harus bayar untuk nonton ""conference"" tuh dan untuk dapat sertifikat yang diakui oleh UN, yang magang harus dapatkan 7-10 klien kalau gak salah. Kalau cuma 1 ya cuma dapat sertifikat biasa, kurang tau juga sertifikatnya sendiri berguna atau gak diperusahaan.",0,0.00347,0,0,0.4,1,1,xlm-roberta-large
test,736,Ngomong aja anggarannya kurang. Susah amat.,1,0.830869,1,1,0.4,1,1,xlm-roberta-large
test,737,extravaganza 2011 kebawah,0,0.881717,1,1,0.4,0,0,xlm-roberta-large
test,738,Manusiawi banget kok karena dia itu bangsa penjajah jawa yang menggenosida pelan2 masyarakat OAP,1,0.963369,1,1,0.4,1,1,xlm-roberta-large
test,739,"&gt;Gua g percaya BTPN segitu butuhnya 28 milyar tiap bulan, tapi lebih ke ngurangi pengguna BTPN yang sekedar make doang dan buat tipu-tipu, jadi CS g repot ngurusin komplain dari ulah nasabah yang g hasilin duit, dan server misterius yang sampe sekarang g pernah cepet itu rada berkurang loadnya.",0,0.004718,0,0,0.4,1,1,xlm-roberta-large
test,740,gw pake kipas biasa adem aden aja skrng rada keringetan,0,0.028382,0,0,0.4,1,1,xlm-roberta-large
test,741,OF atau Patreon,1,0.05132,0,0,0.4,0,0,xlm-roberta-large
test,742,Delegasi dari indo mungkin bisa koordinir sama allied sub yg lain buat bikin petisi ke penyelenggara r/place supaya akun 1 harian itu gabisa ikut partisipasi. Poin utamanya soalnya penyelenggara emang udah janji dari awal tapi ternyata ga ditepatin.,0,0.006438,0,0,0.4,1,1,xlm-roberta-large
test,743,"Sedikit cerita , sekitar 2015 an gue ama temen temen gue kan ke karimun jawa ya , nah di perjalanan brangkat naik kapal feri gitu yang mana perjalanan makan waktu 4 jam dan itu kita 7 orang hampir semuanya mabok ga tidur pun susah padahal udah pada minum antimo, bikin kapok parah deh wktu itu nah pas balik nanya sama tour gudie nya disana gimana cara nya mengatasi mabok laut kaya gitu dan di kasih deh  cobain minum bodrex + antimo yauda la akhirnya di coba minum ga lama abis minum 3 menit an langsung pules wkwk bangun bangun langsung nyampe bener bener ampuh . cuma balik lg harus tanya dokter dulu ya takutnya kenapa napa ini pengalaman pribadi aja",0,0.014091,0,0,0.4,1,1,xlm-roberta-large
test,744,Kalo boleh nonton ya nonton.,0,0.249082,0,0,0.4,1,1,xlm-roberta-large
test,745,"HMMM dari minggu lalu tbtb mulai bersin2, tenggorokan kadang gatel. eh hari ini dpt notif dr corona warn app, minggu lalu in contact with infected person. ah takut tp kan aku udh divaksin :(",0,0.078219,0,0,0.4,1,1,xlm-roberta-large
test,746,kalau saja ada tertulis cerita prasejarah Indonesia....,1,0.202917,0,0,0.4,0,0,xlm-roberta-large
test,747,"S2 bisa linier bisa tidak. Tapi jangan mikir kalau S2 itu sekedar nambah ilmu S1. Misal di S1 belajar Agile, di S2 kita belajar Agile lagi, tapi harus bisa dikritik, di evaluasi trus kalau bisa tambahkan metode baru berbasis Agile. Ilkom bisa kemana aja sih, manajemen bisa dia bahas Sistem Informasi.",0,0.010111,0,0,0.4,1,1,xlm-roberta-large
test,748,"Aku dengar dari temen katanya kalo SMK mulai kurikulum merdeka ini boleh begini. Kalo gak salah di kurikulum cuma mencantumkan siswa harus bisa skill A B C, DST. Untuk mau dijadikan berapa mapel, terserah sekolahnya. Siapa tahu A dan B bisa dijadikan satu mapel gitu",0,0.014091,0,0,0.4,1,1,xlm-roberta-large
test,749,orang sini masih mikir HIV nyebar kaya KOPED,1,0.959875,1,1,0.4,1,1,xlm-roberta-large
test,750,"untung walau di pedomannya emang strict, konstruksi kata masih bisa fleksibel.",0,0.012504,0,0,0.4,1,1,xlm-roberta-large
test,751,"red flag, putusin cewenya",1,0.714217,1,1,0.4,1,1,xlm-roberta-large
test,752,Honestly this is a very absurd stuff like ini bisa jadi kesempatan yang bagus buat naikin pengguna kendaraan pribadi soalnya yang bikin kebijakan maunya gitu kan?,1,0.097219,0,0,0.4,0,0,xlm-roberta-large
test,753,"bukan di ibox bang, salahny gw itu sih.",0,0.03359,0,0,0.4,1,1,xlm-roberta-large
test,754,"Not bullshit, gaji relatif lebih tinggi, menang currency juga RM mereka yg lebih kuat daripada Rupiah, tapi biaya hidup mirip sama Indonesia bahkan bisa lebih rendah dari Jkt.",0,0.010388,0,0,0.4,1,1,xlm-roberta-large
test,755,"hati-hati, Pak Sany. takutnya video ini ntar dipotong sama Buni Yani",0,0.863622,1,1,0.4,0,0,xlm-roberta-large
test,756,"lagian situs bersih kayak gini aja dithrottle, keliatan banget telkom ga punya jaringan yg memadai buat nampung bandwidth di seluruh Indonesia.",0,0.028844,0,0,0.4,1,1,xlm-roberta-large
test,757,Jadi china-NK-SK-jepang gitu? Kan recently relasi itu 2 korea mulai membaik,1,0.772445,1,1,0.4,1,1,xlm-roberta-large
test,758,Doi menggigil di ruangan ber AC mungkin itu sebabnya matiin akun.,0,0.057865,0,0,0.4,1,1,xlm-roberta-large
test,759,"Makanya bisa diliat dari Telkomsel misalnya walopun banyak yg protes, tapi sedihnya itu satu”nya perusahaan yg bisa menjangkau ke pelosok. Telkomsel sendiri juga udh mulai dikelola seperti perusahaan profesional.",0,0.012552,0,0,0.4,1,1,xlm-roberta-large
test,760,"Mungkin pengaruh gaji juga sih, apalagi sekarang ga tentu juga.",0,0.00814,0,0,0.4,1,1,xlm-roberta-large
test,761,*Pernah ngeliat Exorcism secara langsung?,0,0.082771,0,0,0.4,1,1,xlm-roberta-large
test,762,"Balik Indo, stuck di luar sejak pandemi.",0,0.070752,0,0,0.4,1,1,xlm-roberta-large
test,763,Tetap tampan dan rupawan 😎,0,0.109468,0,0,0.4,1,1,xlm-roberta-large
test,764,Kalian aja designer yang sukanya pasang tarif tinggi,1,0.913175,1,1,0.4,1,1,xlm-roberta-large
test,765,Mengaku sempurna dan berasal dari sumber non-manusia adalah mekanisme pertahanan meme agar tidak dibuang atau diubah manusia.,0,0.360686,0,0,0.4,1,1,xlm-roberta-large
test,766,"Wah mantab si pandangan anda, bisa mikir dari sisi mereka walaupun ada antipati",0,0.553792,1,1,0.4,0,0,xlm-roberta-large
test,767,kalo gendut mcem Ugly bastard mana mungkin dipuja-puji,1,0.912241,1,1,0.4,1,1,xlm-roberta-large
test,768,"Terus sorenya HRD nya ngechat lagi, nanya, kalau peralatannya dari kita, mau dateng ga mas? OFC dong gw jawab iya.",0,0.056809,0,0,0.4,1,1,xlm-roberta-large
test,769,Untuk menutupi bau busuk the lippo way,0,0.226655,0,0,0.4,1,1,xlm-roberta-large
test,770,Woah okeh makasih jawabannya. Semoga bisa tetep clean ya.,0,0.021969,0,0,0.4,1,1,xlm-roberta-large
test,771,covid tidak dapat berkembang di iklim tropis,1,0.529811,1,1,0.4,1,1,xlm-roberta-large
test,772,Lidah kebakar urusan belakangan,0,0.963022,1,1,0.4,0,0,xlm-roberta-large
test,773,"beli dari luar, pajak besar + ribet white list",0,0.029036,0,0,0.4,1,1,xlm-roberta-large
test,774,Itu audio jack dari bahan apaa bisa nggores,0,0.068537,0,0,0.4,1,1,xlm-roberta-large
test,775,Dari pengen nguasain Indonesia sampe pengen dah lah jaga Ibu aja di rumah..,0,0.129018,0,0,0.4,1,1,xlm-roberta-large
test,776,Jd pake kompor gas dlam ruangan agak gmana ya,0,0.047514,0,0,0.4,1,1,xlm-roberta-large
test,777,"wkwkwk, kerusuhan abis pertandingan mah sudah normal. harap dimaklumin.. ini jelas salah panpel dan polisi.",1,0.602852,1,1,0.4,1,1,xlm-roberta-large
test,778,"PengemisPilihPilih minta kejelasan dari anda kenapa anda tidak bisa meminjamkan uang kepada beliau? Situ sudah punya pekerjaan tetap? Memangnya penghasilan situ di pakai untuk apa sampai sampai anda tidak bisa menyisihkan secuil dari gaji utk di pinjamkan? Tolong siapkan rincian pengeluaran anda beserta lampiran slip gaji asli 3 bulan terakhir jangan yang fotokopi. Yang di butuhkan PengemisPilihPilih cuman kejelasan dari anda, enggak minta duit qamu kok!",1,0.145661,0,0,0.4,0,0,xlm-roberta-large
test,779,"Iya, yg polos keren sih",0,0.060363,0,0,0.4,1,1,xlm-roberta-large
test,780,"Branding aja ituh. Intinya pendidikan buat calon manajer. Mungkin maksut lo odp sama sdp. Staff development program. Yang biasanya buat frontline, clerk etc",0,0.005343,0,0,0.4,1,1,xlm-roberta-large
test,781,"kgk maen twitter, jadi kagak tau",0,0.14731,0,0,0.4,1,1,xlm-roberta-large
test,782,Gua blackhead bingung banget gimana caranya. Gua udah pake bha pha salicylic acid ini itu exfoliation lah tetep aja ada blackhead. Terus sama ketombe gua dah pake ketomed terus ganti tar shampoo tetep aja ketombe ada malah rambut kering rusak.,0,0.010966,0,0,0.4,1,1,xlm-roberta-large
test,783,"biasanya lembaga beginian paling 20-50% doang yg beneran dipakai terjun ke lapangan, sisanya buat operating expenses dan stonks",0,0.010987,0,0,0.4,1,1,xlm-roberta-large
test,784,Menkes baru,0,0.843283,1,1,0.4,0,0,xlm-roberta-large
test,785,Dude humaniora banyak demand kali. Banyakin piknik makanya. Org kenalan gue yg kuliah filosofi aja jadi pentolan consulting kok,0,0.487643,0,1,0.4,1,0,xlm-roberta-large
test,786,Cara cara kaya gini ahok lebih jago. Anies mainny kurang cantik. Berkali2 kirim surat kayak karang taruna ~~malak~~ minta sumbangan.,0,0.876476,1,1,0.4,0,0,xlm-roberta-large
test,787,"Karena mayoritas di jabar itu muslim, jadi wajar dong kalau masjid banyak di jabar",1,0.963506,1,1,0.4,1,1,xlm-roberta-large
test,788,"ya terserah mereka toh mw kapan ngabarinya, setratap gitu loh, fleksibellll",1,0.919895,1,1,0.4,1,1,xlm-roberta-large
test,789,"lagian sante bro. gw ga bahayain org. gw tunggu pas bener"" sepi baru ngegas. dan kebetulan tadi trafic nya sepi, ga seperti biasa.",0,0.013663,0,0,0.4,1,1,xlm-roberta-large
test,790,Nasib hidup di negara dengan kelembapan tinggi sepanjang tahun.,0,0.309389,0,0,0.4,1,1,xlm-roberta-large
test,791,Gw pribadi blum spend waktu utk bandingin apel ke apel dgn merek kompetitor. Karna it takes time banget dan belajar dr review nasabah2.,0,0.003802,0,0,0.4,1,1,xlm-roberta-large
test,792,Betul. Secara long term memang gabagus. Pemerintah mesti cari solusi konkrit.,0,0.050284,0,0,0.4,1,1,xlm-roberta-large
test,793,"*Dia dekat, aku senang tapi salah tingkah* 😳",0,0.046638,0,0,0.4,1,1,xlm-roberta-large
test,794,"No, dia tinggal di garut dan dimakamkan di gunung gelap  nanti ada warung lambang swastika berarti anda sudah dekat",1,0.964355,1,1,0.4,1,1,xlm-roberta-large
test,795,&gt; “Merusak nama baik institusi”,0,0.132458,0,0,0.4,1,1,xlm-roberta-large
test,796,"Depresi itu tidak ada, terus tersenyumlah dan lari pagi di tempat yang indah.",1,0.026456,0,0,0.4,0,0,xlm-roberta-large
test,797,"Sebanyak 54% dari total kasus ranap memiliki komorbid. Sekitar 4% dari total kasus ranap membutuhkan perawatan ICU, namun hanya 0,8% dari anak tanpa komorbid yang masuk ICU. Risiko perawatan ICU meningkat sesuai dengan kondisi komorbid yang dimiliki, dengan variasi persentase antara 2,5 - 10%.",0,0.011823,0,0,0.4,1,1,xlm-roberta-large
test,798,"Agus dari kata Bagus, Septian dari kata septa/sapta yang artinya 7.",0,0.310381,0,0,0.4,1,1,xlm-roberta-large
test,799,"Apakah anda tahu kalau xinjiang itu pernah menjadi sarang teroris di tahun 2010?  anda tau ETIM? Organisasi ini dinobabatkan sebagai organisasi teroris oleh china,kazakhstan, pakistan, turki, dan AS (sebelum oktober 2020). Dan aksi terrornya ini tidak main2 loh,  sebanyak ratusan orang yang meninggal akibat aksi terroris ini. Bahkan aksi terror ini sampai di tiananmen square di tahun 2013.",0,0.149469,0,0,0.4,1,1,xlm-roberta-large
test,800,Masih mau cari sih. Paloma mayan? Nanti cari itu. Thanks.,0,0.009671,0,0,0.4,1,1,xlm-roberta-large
test,801,Wow perkataan dari Sg original sekali,1,0.897246,1,1,0.4,1,1,xlm-roberta-large
test,802,Hanya meneruskan sikap bung Karno,1,0.901964,1,1,0.4,1,1,xlm-roberta-large
test,803,2. Bersin gua paling kenceng sekeluarga,0,0.061989,0,0,0.4,1,1,xlm-roberta-large
test,804,Bahaya laten komunis PKI restrict access ke dunia luar,1,0.963334,1,1,0.4,1,1,xlm-roberta-large
test,805,Tapi orang2 banyak yang ngecredit benda di atas ke Anies. Kocaknya pendukungnya juga ngecredit proyek pempus yang udah lama jalan juga ke dia kayak renovasi Stasiun Manggarai (2014) sama LRT Jabodebek (2015). Itu 2 proyek padahal udah konstruksi lama dari sebelum dia mau ikut pilkada.,0,0.009467,0,0,0.4,1,1,xlm-roberta-large
test,806,"setidaknya sisi positifnya, semoga ini membantu ekonomi argentina yang lagi hyperinflasi, orang argentina harus bersyukur dan berterima kasih atas kebodohan pejabat indonesia.",1,0.771112,1,1,0.4,1,1,xlm-roberta-large
test,807,"Yg gini bisa dihilangin aja ga sih? Capek aku tuh, padahal cuma friendly doank, kan aku ga suka cwk.",0,0.032344,0,0,0.4,1,1,xlm-roberta-large
test,808,Sayangnya u/kalanada uda mau pensiun 😔,1,0.04365,0,0,0.4,0,0,xlm-roberta-large
test,809,Yaa cukupan lah kalo bosen sama kopi instant yang di kulkas domar,0,0.23612,0,0,0.4,1,1,xlm-roberta-large
test,810,"punya gw ini TP-Link, lupa harga nya, sudah lama sekali, ngecek di tokped barusan gak ada yang sampai 120rb.",0,0.003961,0,0,0.4,1,1,xlm-roberta-large
test,811,"Karena hari ini WFH, tadi bisa ketemu penghuni rumah utama pas gw lagi turun buat lunch.",0,0.005041,0,0,0.4,1,1,xlm-roberta-large
test,812,Kamu sebenernya mau bikin trit diskusi genshin di front page r/indo kan? hayo ngaku,1,0.870707,1,1,0.4,1,1,xlm-roberta-large
test,813,"Luar negeri bagus-bagus semua, gk ada click bait",1,0.856512,1,1,0.4,1,1,xlm-roberta-large
test,814,Waw sungguh indah toleransi,1,0.903337,1,1,0.4,1,1,xlm-roberta-large
test,815,"6600 masih ketinggian waktu itu, inget 1 sekolah yg punya 6600 cuman 1 org aja, kalo g salah hp idaman dulu 3650/3600",0,0.01055,0,0,0.4,1,1,xlm-roberta-large
test,816,"Gua lulus SMA juga ngalamin ini. Anak anak pada ribut bikin buku tahunan. Menurut gua ga terlalu guna. Kita kan udah ada Facebook, Instagram, WA group, Telegram group. Kita cukup well connected. Gua rasa fungsinya ga terlalu nendang.",0,0.010368,0,0,0.4,1,1,xlm-roberta-large
test,817,"selesai pindahan, bang. pegel. aye ame bini sih seneng seneng aje.",0,0.014504,0,0,0.4,1,1,xlm-roberta-large
test,818,"telapak kaki gue sakit mulu nih abis bangun tidur, udah kayak gini terus dari awal puasa. Sakit bener anjir kayak abis ditendang tsubasa, buat health experts out there ada yang bisa diagnosa kah? Dibuat jalan aja udah pincang nih rasanya.",0,0.010945,0,0,0.4,1,1,xlm-roberta-large
test,819,"so they have lesser sin? kl gw mikirnya kek gini, ""gw bayar biar gw nggak dikata pelit"" BUT sejak kapan negeri ini menghargai karya?",1,0.34253,0,0,0.4,0,0,xlm-roberta-large
test,820,Katanya hitam. Mana? Coklat sama ijo tuh.,1,0.101679,0,0,0.4,0,0,xlm-roberta-large
test,821,Menu Dua itu yg rekomen ya? Pengen nyoba lah sekali2,0,0.027769,0,0,0.4,1,1,xlm-roberta-large
test,822,Bantal mu gak terhitung waifu mz,0,0.84626,1,1,0.4,0,0,xlm-roberta-large
test,823,"Utamakan misal, test buta warna/Ishihara, murah nih, bermanfaat pula, jd kalau lulus ntar tahu dunia mana yg tidak bisa d jadikan karir.",0,0.565374,1,1,0.4,0,0,xlm-roberta-large
test,824,Tinder masih nol,0,0.823577,1,1,0.4,0,0,xlm-roberta-large
test,825,"&gt; Gua cuman pengen tau, apa bisa pake barang elektronik(hape,laptop etc) bebas ?",0,0.025203,0,0,0.4,1,1,xlm-roberta-large
test,826,"Separuh bebas, separuh totaliter",0,0.754305,1,1,0.4,0,0,xlm-roberta-large
test,827,pembina upacara nyari2 di barisan gw ga ada... soalnya gw lg disetrap di barisan khusus gara2 ga bawa topi hahaha,0,0.066206,0,0,0.4,1,1,xlm-roberta-large
test,828,Biar belajar hidup mandiri sejak dini,1,0.962036,1,1,0.4,1,1,xlm-roberta-large
test,829,"""luwih kuat pager mangkok tinimbang pager tembok""",0,0.815673,1,1,0.4,0,0,xlm-roberta-large
test,830,Naiknya harus nunggu ada festivalnya ya,0,0.097907,0,0,0.4,1,1,xlm-roberta-large
test,831,"harga permeternya berapaan kak? saya juga ada kak tanah di daerah tambun bekasi, permeternya murah kok. harga inbox ya",0,0.014957,0,0,0.4,1,1,xlm-roberta-large
test,832,"aku seriously sangat curious, apakah dari ribuan yg positif dan ratusan yang meninggal ini, adakah etnis lain selain chinese.",0,0.68907,1,1,0.4,0,0,xlm-roberta-large
test,833,Pasti pamer sebagai mod r/indo,1,0.962321,1,1,0.4,1,1,xlm-roberta-large
test,834,Komen youtube mah kebanyakan orang tolol. I mean. Apakah mereka tau era soekarno ada inflasi 600% dan soeharto harus mewarisi masalah ekonomi tersebut.,0,0.794265,1,1,0.4,0,0,xlm-roberta-large
test,835,"Orang indo goblok masih mendewakan “ambil aja pekerjaan, gapapa digaji rendah, yang penting serap ilmunya”",0,0.958809,1,1,0.4,0,0,xlm-roberta-large
test,836,"Yah gw bisa paham sih kenapa gitu, rumah dia dibakar pas 98 😬",0,0.052231,0,0,0.4,1,1,xlm-roberta-large
test,837,"Tapi kualitas ama anjir, yg klo di liat dri luar warnanya coklat, gitu di gigit langsung cair jadi rasa air biasa",0,0.007861,0,0,0.4,1,1,xlm-roberta-large
test,838,"Nope, 737 NG, generasi sebelumnya",0,0.048092,0,0,0.4,1,1,xlm-roberta-large
test,839,"Tapi hei setidaknya pulau jawa dan pulau sumatera bakal dibikin lebih bayak kereta api, ibu kota mah tunggu entah kapan tau lagi aja",1,0.927757,1,1,0.4,1,1,xlm-roberta-large
test,840,"kalo kejebak gitu gimana yak? misal gua di 42, tapi lantai 30-35 udah kebakar misalnya. RIP?",0,0.017969,0,0,0.4,1,1,xlm-roberta-large
test,841,"Masih ingat wanita aerobik ""bang jago"" di Myanmar? Begini kondisinya sekarang...",0,0.086632,0,0,0.4,1,1,xlm-roberta-large
test,842,"Yes biasanya ospek kasus pembunuhan biasanya digebukin setau gua, kalau misalnya jago ada kemungkinan bisa jadi premannya penjara.",0,0.028221,0,0,0.4,1,1,xlm-roberta-large
test,843,Covid 2020-2021 &amp; inflasi-resesi 2022. Kerjaan masih aman dan gaji naik,0,0.032467,0,0,0.4,1,1,xlm-roberta-large
test,844,"tap tap tap tap i  kan mereka memberi inspirasi, membantu orang dengan katah-katah mutiara..... kamu koq jahappp negatif tinking.... emang kamu udah ngapain aja dsar heter..........",1,0.963814,1,1,0.4,1,1,xlm-roberta-large
test,845,"Sembari Barongan menjawab demikian, dari rumah-rumah di sekitar altar Rumah Barong muncul sekelompok warga. Sebagian mendirikan tiang penyangga, sebagian memasang kain, sebagian membawa semacam tungku api yang kemudian menyalakan.",0,0.033653,0,0,0.4,1,1,xlm-roberta-large
test,846,"Orang tuanya fanatik, ingin anaknya dibesarkan secara arema.",1,0.518759,1,1,0.4,1,1,xlm-roberta-large
test,847,Waktu masih baru lulus Akpol dia ditempatin di klinik / RS Polri tempat nyokap gw praktek. Gw diajarin main pingpong pas jam kerja dia. Sekarang di Jerman gw jadi berani ngadu pingpong bahkan sama yang ikut klub semi pro.,0,0.034004,0,0,0.4,1,1,xlm-roberta-large
test,848,"Boleh aja, no tabung oksigen ya biar mewakili rakyat yang kehabisan tabung oksigen",1,0.964954,1,1,0.4,1,1,xlm-roberta-large
test,849,ahahaha akhir2 ini epic panasnya kalo siang.,0,0.008968,0,0,0.4,1,1,xlm-roberta-large
test,850,"buat wibu: &gt;! Aku ingin anak kucingmu, meong. !&lt;",0,0.134094,0,0,0.4,1,1,xlm-roberta-large
test,851,"Dan gw, yg duduk paling belakang, pendiem, ga terkenal, paling takut ditunjuk guru utk maju, masih sibuk main sama game masa kecilnya.",0,0.146026,0,0,0.4,1,1,xlm-roberta-large
test,852,Indonesia punya 240+ jt masyarakat. 131 ga sampe 1% coy,1,0.955817,1,1,0.4,1,1,xlm-roberta-large
test,853,Karena banyak mobil lewat?,0,0.859899,1,1,0.4,0,0,xlm-roberta-large
test,854,Cara apa aja yang bisa beli product via MasterCard tanpa harus bikin kartu kredit atau debit? Biasanya aku pake VCN (Virtual Card) BNI tapi sekarang mau stop make BNI,0,0.003463,0,0,0.4,1,1,xlm-roberta-large
test,855,"udah enak ga nyetir, gw bisa nyetir jadi capek terus",1,0.136321,0,0,0.4,0,0,xlm-roberta-large
test,856,"Inget emak2 yang rame2 pada ngerokok biar pada kebal sama Covid? Yes, kita perokok kebal Covid.",1,0.804943,1,1,0.4,1,1,xlm-roberta-large
test,857,bokap gw ori darah madura uchiha aja engga suka sifat *pengko* alias keras kepala yang sungguh luar biasa,0,0.313105,0,0,0.4,1,1,xlm-roberta-large
test,858,"Kykny selama gk ada yg laporin dia, harusnya aman aja. But they want to do the right thing this time and plus katanya saingan di kafe sebelah agak kotor soalnya dia prnah kena teguran gara2 streaming Vidio world cup buat acara nobar dan curiga dia dicepuin sama kafe sebelah yg baru buka.",0,0.010229,0,0,0.4,1,1,xlm-roberta-large
test,859,di kanazawa - nara - hakone ada yang harus naik bus,0,0.046725,0,0,0.4,1,1,xlm-roberta-large
test,860,"Antivax masih menjamur dan meresahkan. Dimana2 buat masalah aja ini antivax dan flat earther, sama aja karakteristik nya",0,0.025468,0,0,0.4,1,1,xlm-roberta-large
test,861,saia suka yang flirty tant 😎,0,0.051702,0,0,0.4,1,1,xlm-roberta-large
test,862,"Jadi yang pengen nikah kuda pikir-pikir dulu, kalo ente dah bisa berbenah diri, tinggal gimana calonnya.",0,0.104386,0,0,0.4,1,1,xlm-roberta-large
test,863,"okay, serius discuss.. yang pernah gw dengar, kenapa di bioskop mata tidak rusak walau gelap, karena pada dasarnya yang tampil di bioskop merupakan pantulan cahaya melalui layar. Sedangkan ketika nonton tv atau laptop di gelap, merupakan sumber cahaya langsung yang ""dengar2"" lebih intense.",0,0.00519,0,0,0.4,1,1,xlm-roberta-large
test,864,"jbjb nder, menggunakan kelainan tubuh sebagai jokes tidak etis",1,0.790571,1,1,0.4,1,1,xlm-roberta-large
test,865,Emg berdoa bisa nyelesain semua masalah kok,1,0.903932,1,1,0.4,1,1,xlm-roberta-large
test,866,Wow ring 1 kayaknya kudu dites bersama2 nih kayak pemerintah dan wangsa kerajaan nya Spanyol nih,0,0.860896,1,1,0.4,0,0,xlm-roberta-large
test,867,&gt; sunat itu biar umat menghindari dosa masturbasi,0,0.483222,0,1,0.4,1,0,xlm-roberta-large
test,868,Balonku ada lima itu lagu mengenai kontrasepsi kondom yang bocor,1,0.411687,0,1,0.4,0,1,xlm-roberta-large
test,869,Malah ada kemungkinan tetangga di atas itu tidak pernah ada karena bersatu sebagai Greater Indonesia / Greater Malaya,0,0.562357,1,1,0.4,0,0,xlm-roberta-large
test,870,"""Hmm menarik nih, bakal ku-bookmark buat bacaan lagi"".",0,0.038829,0,0,0.4,1,1,xlm-roberta-large
test,871,Ini artikel antek Yahudi,1,0.960657,1,1,0.4,1,1,xlm-roberta-large
test,872,Yah para atheist sendiri bilang ateisme itu bukan agama,1,0.862699,1,1,0.4,1,1,xlm-roberta-large
test,873,* apa sih tugas analis kebijakan di tempat ente? lalu di tahun pertama sbg cpns ente masih bantu2 senior sebelum diklat analis kebijakan. apa bener gitu?,0,0.006278,0,0,0.4,1,1,xlm-roberta-large
test,874,Ada site/tool yang bisa munculin histori harga suatu barang di e-commerce Indonesia ga?,0,0.031859,0,0,0.4,1,1,xlm-roberta-large
test,875,Malem2 gini komentar sedikit nsfw bolehlah.....,0,0.0584,0,0,0.4,1,1,xlm-roberta-large
test,876,"Indonesia politics: bertumbuk lah kita, lu jual gw beli...",0,0.497253,0,1,0.4,1,0,xlm-roberta-large
test,877,"Susah, ndablegnya udh smp level kementrian.",0,0.691041,1,1,0.4,0,0,xlm-roberta-large
test,878,Woy Islam tuh paling toleran ya! Kemaren udah pakai nuduh TVRI anak pakai hijab yang nggak2! Gw giniin gpp dong! CEBONG DUNGU!,1,0.963231,1,1,0.4,1,1,xlm-roberta-large
test,879,"Siap bang. Maju, maju",0,0.69168,1,1,0.4,0,0,xlm-roberta-large
test,880,Android -&gt; iOS dan sebalik nya,0,0.034424,0,0,0.4,1,1,xlm-roberta-large
test,881,"Serious question, ini ngebantu seluruh Indonesia atau Jakarta aja?",0,0.256134,0,0,0.4,1,1,xlm-roberta-large
test,882,"Kenapa didaerah gw kalau Sate Kambing buka Pagi- Siang, sedangkan Sate Ayam buka Sore-Malam, apakah ada persengkokolan duniawi hmmm",0,0.964254,1,1,0.4,0,0,xlm-roberta-large
test,883,Beli kacamata renang minus aja di market place.,0,0.120077,0,0,0.4,1,1,xlm-roberta-large
test,884,"Jangan cuma demo doang, sekalian sambil belanja ""gratis"" di Transmart Carrefour &amp; bakar2 Peugeot..",1,0.174833,0,0,0.4,0,0,xlm-roberta-large
test,885,Mulai mengurangi makan pedas sejak gw liat poop gw merah kalau makan pedas (most likely blood?).,0,0.024261,0,0,0.4,1,1,xlm-roberta-large
test,886,Stranded di Gili Trawangan waktu gempa 2018.,0,0.048586,0,0,0.4,1,1,xlm-roberta-large
test,887,"Sama how to pay taxes/reporring taxes pleasee kenapa belom ada ya yang bikin versi simplified guide cara-cara proses administrasi gitu ya, yang dari pemerintah bahasanya terlalu formal 😔",0,0.008062,0,0,0.4,1,1,xlm-roberta-large
test,888,"Terakhir pake tempered glass, beli dan pake yang murah sekitar 15000an (?). Sekarang setahun enam bulan pake tempered glass, cuma pake case bawaan.",0,0.002616,0,0,0.4,1,1,xlm-roberta-large
test,889,Apakah blokir situs sembarangan melanggar HAM? Kemungkinan no. 4 mengejutkan anda!,0,0.903166,1,1,0.4,0,0,xlm-roberta-large
test,890,Gua masih inget videonya. Tragis bet.,0,0.008093,0,0,0.4,1,1,xlm-roberta-large
test,891,inilah saat nya mereka berteriak : PRIVACYYYYYYYY,0,0.295738,0,0,0.4,1,1,xlm-roberta-large
test,892,kemarin aku begitu tp yg kuhadang mobilnya TNI dan aku diklakson panjang banget about 3 minutes straight,0,0.033337,0,0,0.4,1,1,xlm-roberta-large
test,893,"lu pikir agama buatan siapa? beragama boleh, tp otak jg dipake boss jangan ditinggal di kulkas. ga ada agama org jg bs berbuat baik. tolong jangan jadikan agama jadi identitas lu.",0,0.921781,1,1,0.4,0,0,xlm-roberta-large
test,894,18 bulan total. Sekarang sisa 16 bulan,0,0.014037,0,0,0.4,1,1,xlm-roberta-large
test,895,Pertama yang perlu diperhatikan adalah S2  hanya worth it jika,0,0.017276,0,0,0.4,1,1,xlm-roberta-large
test,896,Mbak puan ketar-ketir mendengar ini,0,0.08882,0,0,0.4,1,1,xlm-roberta-large
test,897,jurusan apapun asal lulusnya dari monas university,1,0.347676,0,0,0.4,0,0,xlm-roberta-large
test,898,Mereka harusnya tau walaupun emang beneran aslinya ga tau.,0,0.029676,0,0,0.4,1,1,xlm-roberta-large
test,899,"Mau nyoba bikin hand sanitizer sendiri. Kira” isoprophy alcohol, glycerin, dan hydrogen peroxide itu ada gak ya ditoko” kimia pinggir jalan?",0,0.041114,0,0,0.4,1,1,xlm-roberta-large
test,900,"another temen lama: ""eh kapan2 gua mau main ke tempat lu donk""",0,0.076546,0,0,0.4,1,1,xlm-roberta-large
test,901,"Mungkin lebih bagus apa ya... ""Kebiasaan/*habit* adalah keuntungan bunga berlipat-lipat dari perkembangan diri"" ?",0,0.242699,0,0,0.4,1,1,xlm-roberta-large
test,902,"Kalau colok ke USB-C biasanya DAS deh, kalau NAS pakai Ethernet soalnya masuk ke jaringan.",0,0.043043,0,0,0.4,1,1,xlm-roberta-large
test,903,"Oo ini ada sih yg kaya gini, disuru join clan CoC nya dulu wkwk, tapi mostly harmless sih yg gw liat.. Ada junior yg emang gak demen CoC gak join ya gpp..",0,0.007504,0,0,0.4,1,1,xlm-roberta-large
test,904,"mungkin ini agak sulit diterima, bisa agree bisa disagree, so far bisa jadi tujuan mereka itu monopoli, fokus nunggu lawan tumbang, baru cari untung",0,0.128252,0,0,0.4,1,1,xlm-roberta-large
test,905,EDIT: mungkin dia pura2 biar bnyk bule dateng ke tempat dia.,0,0.243822,0,0,0.4,1,1,xlm-roberta-large
test,906,"- Awet, sumpah. Sejak beli ini gak ada masalah gede sama sekali, masuk bengkel sekali gara2 comsteer bengkok dikit",0,0.010328,0,0,0.4,1,1,xlm-roberta-large
test,907,Hahah susah kali ya karena gw cindo makanya otaknya otak pedagang. Suka kesel sendiri liat temen2 orang eropa cuma ke kantor 9-5 dan ga punya usaha sampingan untuk mencapai financial dan time freedom. Mungkin mentalnya aja beda kali ya.,0,0.160661,0,0,0.4,1,1,xlm-roberta-large
test,908,Ini filmnya David Fincher yg judulnya Zodiac itu?,0,0.579906,1,1,0.4,0,0,xlm-roberta-large
test,909,Covid hilangkan,1,0.852997,1,1,0.4,1,1,xlm-roberta-large
test,910,"Perusahaan negara itu harusnya resmi dong, ya iklannya harusnya infografi ngalor-ngidul, pake tulisan warna-warni, kalo perlu pake empat typeface yang berbeda. Jangan lupa kasih logo perusahaan di bagian atas, sama foto pimpinan + nama + jabatan di pojok bawah.",1,0.033149,0,0,0.4,0,0,xlm-roberta-large
test,911,"Dan paling penting, untungnya monopolinya kompeten",0,0.946892,1,1,0.4,0,0,xlm-roberta-large
test,912,"Jadi yg aku tangkep dari argumen ini dan argumen kemarin lusa adalah: menurut kamu, hal apapun (yg secara moral questionable sekalipun) itu tidak apa2 asalkan tidak melanggar hukum dan menguntungkan negara?",0,0.00512,0,0,0.4,1,1,xlm-roberta-large
test,913,it's fine i'm just asking aja klo udh bosen main Hades aja wong juga walaupun udh sampe &gt;!first endingnya. !&lt;Masih kerasa banyak yang blum terselesaikan lol.,0,0.027507,0,0,0.4,1,1,xlm-roberta-large
test,914,Karena kita punya pembenaran kalau itu cuma 'bercanda.',0,0.571258,1,1,0.4,0,0,xlm-roberta-large
test,915,"Mau ngisi plat merah ribet, gaada oktan 95 lagi. Dicoba pake turbo malah jelek tarikannya wkwk",0,0.060363,0,0,0.4,1,1,xlm-roberta-large
test,916,Masa sih? Bukan katanya damai...?,1,0.897291,1,1,0.4,1,1,xlm-roberta-large
test,917,pejabat: horee dapet mobil baru...  buat dikasi ke anak..,1,0.413633,0,1,0.4,0,1,xlm-roberta-large
test,918,"aamiin terima kasih, sukses untuk anda juga",0,0.111676,0,0,0.4,1,1,xlm-roberta-large
test,919,"Mau coba ke terminal giwangan buat ke parangteritis, rute mana ya kira kiraa dari malioboro",0,0.013402,0,0,0.4,1,1,xlm-roberta-large
test,920,kalo gw itu kek bpk gw itu kek lepek bgt and keknya keturunan but idk ada gak sih kek biar rambutnya gak lepek lagi cuz annoying tbh,0,0.041385,0,0,0.4,1,1,xlm-roberta-large
test,921,>!masih ada hubungan kerabat gitu?!<,0,0.151341,0,0,0.4,1,1,xlm-roberta-large
test,922,"Obviously Covid-19 tested kita kurang. Jadi sekalinya test, positivity rate nya tinggi. Itu disebabkan ya tadi, kurangnya test di Indonesia. Gelombangnya lambat tapi tinggi itu ya kita...",0,0.951369,1,1,0.4,0,0,xlm-roberta-large
test,923,"Poligami, nikah sama pacar sekarang tapi nanti punya istri kedua yaitu si mantan pacar",1,0.17434,0,0,0.4,0,0,xlm-roberta-large
test,924,Virus corona adalah cara cina untuk menghambat umat sholat Jumat,1,0.963334,1,1,0.4,1,1,xlm-roberta-large
test,925,"komunikasi sih kunci nya, jgn nunggu salah satu peka, obrolin apa yg kita ga suka kalo istri lakuin / tanya istri apa yg bikin dia ga suka jg, trs solusi nya gmn biar ga jadi masalah, buat pelajaran kedepan nya jgn di ulang &amp; saling perbaiki diri.",0,0.020197,0,0,0.4,1,1,xlm-roberta-large
test,926,T&amp;c berlaku,0,0.072768,0,0,0.4,1,1,xlm-roberta-large
test,927,Ada juga LG GNINV 304 atau AQUA.,0,0.032713,0,0,0.4,1,1,xlm-roberta-large
test,928,e. Kawasan Simpang Pasar Cinde (Jalan Jend. Sudirman-Jalan Kolonel Atmo) masing-masing diukur 100 meter dari titik intersection persimpangan.,0,0.010388,0,0,0.4,1,1,xlm-roberta-large
test,929,"IPA ga masuk setau gue, basic logic math/linear mathematics stuff. Kalo ga salah untuk CS ada ditanyain mengenai programming basics juga",0,0.010902,0,0,0.4,1,1,xlm-roberta-large
test,930,Kalau ini dalam keadaan normal ya gw setuju dengan yang dikatakan oleh si cwe di postnya OP. Tapi ini kan contextnya bukan dalam keadaan normal.,0,0.034359,0,0,0.4,1,1,xlm-roberta-large
test,931,"jujur bingung mau cari duit dimana skrg, kerjaan masih ada tapi cuma freelance ngajar via online dan masih kurang sbenerya",0,0.007577,0,0,0.4,1,1,xlm-roberta-large
test,932,Mamarika gak invade Indonesia gara2 gak tau lokasinya dimana.,1,0.235064,0,0,0.4,0,0,xlm-roberta-large
test,933,"Lagi baca-baca tentang tradisi mengasuh anak (for gaming reasons), ketemu tentang podaegi (포대기).",0,0.020785,0,0,0.4,1,1,xlm-roberta-large
test,934,"&gt;Kalo ga bisa, mungkin bisa dimanipulasi jadi semacam stockholm syndrome",1,0.205615,0,0,0.4,0,0,xlm-roberta-large
test,935,Edit: baru tau ternyata penjaga neraka banyak dari indo,1,0.962953,1,1,0.4,1,1,xlm-roberta-large
test,936,Poinnya ada 30jt orang di area yg lumayan sempit. Lo kira 240jt itu tersebar seluas apa? Kota2 besar selain Jakarta population densitynya gimana?,0,0.004839,0,0,0.4,1,1,xlm-roberta-large
test,937,"Dia itu gak cuma figurehead. Dia itu gampangnya backup. Kalo Inggris lg ancur se ancur-ancurnya, dan Parliamen + Rakyat semuanya setuju itu negara emang ancur, dia itu buat backup untuk unite the country against the crisis.",0,0.050098,0,0,0.4,1,1,xlm-roberta-large
test,938,"Dia iseng2 ngelamar di perusahaan Lockheed Martin dan tau2 keterima di bagian Weapon System. Kata dia, perusahaannya ga ngelihat dia bertato tapi skillnya di bidang persenjataan. Karena dia dulu pernah baca buku persenjataan sama buku tentang militer. Keterimanya dia di perusahaan itu waktu aku masih kelas 2 SMA ( dia umur 21 sedangkan aku 18 thn ). Gajinya  sekitar $175K saat itu dan dia juga minta permohonan pindah negara.",0,0.011158,0,0,0.4,1,1,xlm-roberta-large
test,939,bikin orang kota puyeng 7 kali mikir mungkin tinggal di desa bisa tenang...,1,0.556897,1,1,0.4,1,1,xlm-roberta-large
test,940,"ayo-ayo di bid, kira-kira berapa nanti nilai proyek-nya..",1,0.742352,1,1,0.4,1,1,xlm-roberta-large
test,941,Yeah because parang dan tameng itu generik,1,0.281801,0,0,0.4,0,0,xlm-roberta-large
test,942,ga penting kan lebih enak pake mobil,1,0.962356,1,1,0.4,1,1,xlm-roberta-large
test,943,"Kalo padi jagung anak bantuin di sawah mah bomat, ga ada kepentingan bisnis sama politiknya",0,0.56144,1,1,0.4,0,0,xlm-roberta-large
test,944,Yang pertama kali muncul di pikiran sih India pasti begitu wkwk,0,0.082107,0,0,0.4,1,1,xlm-roberta-large
test,945,Semoga kita semua diberi hari yg bahagia. Yg mw merapat ke semarang dan sekitarnya atw jawa tengah kuy kabarin,0,0.041385,0,0,0.4,1,1,xlm-roberta-large
test,946,neo soho lebih ke expansion buat central park gk sih?,0,0.035746,0,0,0.4,1,1,xlm-roberta-large
test,947,Ke petamburan jalan-jalan,0,0.065187,0,0,0.4,1,1,xlm-roberta-large
test,948,kasian amat bro ga ada yang nyelametin,0,0.962001,1,1,0.4,0,0,xlm-roberta-large
test,949,buat tahu,0,0.517571,1,1,0.4,0,0,xlm-roberta-large
test,950,Cara ningkatin keinginan buat idup gimana ya? Udah sampai titik gua udah ga mau ngikut kerjaan bokap gua lagi pdhl dulu gua plg semangat. Gua harus ngapain? Coba bunuh diri dulu br ada niat buat idup? Bacaan mah banyak yang gua tunggu tp I just dont care anymore kl ujung2nya gua cmn idup buat nyenengin org tua. Remeh banget idup gua. Perasaan ortu gua g gt2 amat deh idupnya.,0,0.048767,0,0,0.4,1,1,xlm-roberta-large
test,951,kristen ke sekali - kali,1,0.912241,1,1,0.4,1,1,xlm-roberta-large
test,952,Negara superpower apa yg ga kaya asu?,0,0.84124,1,1,0.4,0,0,xlm-roberta-large
test,953,Gw jd ingat ada satu film konsepnya gini jg. Trus dia hire psk2 buat bawa duitnya dipecah2 gt. Wkwkwkwk.,0,0.016561,0,0,0.4,1,1,xlm-roberta-large
test,954,ini yes or no-nya merujuk ke pertanyaan ganti Noorhadi - aldo atau diganti jadi komodo?,0,0.059428,0,0,0.4,1,1,xlm-roberta-large
test,955,Gak tahu deh saya bukan muslim Arab soalnya,0,0.962638,1,1,0.4,0,0,xlm-roberta-large
test,956,"Iya saya juga resah , setara swiss army knife dan berpotensi mengancam",1,0.082401,0,0,0.4,0,0,xlm-roberta-large
test,957,&gt; yg tau cara nolak diajak ngobrol tolong kasih tau,0,0.099034,0,0,0.4,1,1,xlm-roberta-large
test,958,"&gt;""Dari satu stasiun ke stasiun lainnya lima menit, enggak bisa akselerasinya. Kita menyarankan tidak perlu pakai kereta cepat. Itu saja,"" ujar Jonan",0,0.153105,0,0,0.4,1,1,xlm-roberta-large
test,959,iya itu sih dimainin gajinya.,0,0.300438,0,0,0.4,1,1,xlm-roberta-large
test,960,Pasti bapack ini tiap hari di WA group kirim gambar ucapan selamat pagi + kalimat motivasi,0,0.152347,0,0,0.4,1,1,xlm-roberta-large
test,961,"Santai aja gausah ikutin orang, kalau value dia kek gtu dan value kamu bgini toh mau diapain...",0,0.281603,0,0,0.4,1,1,xlm-roberta-large
test,962,"kalo overrated, tar semuanya jadi macan",0,0.894098,1,1,0.4,0,0,xlm-roberta-large
test,963,Ooo gw kira harus kurangin anal,0,0.90686,1,1,0.4,0,0,xlm-roberta-large
test,964,gak peduli. tapi kalo yang ucapin cwk sendiri kayaknya enak juga.,0,0.012408,0,0,0.4,1,1,xlm-roberta-large
test,965,Yang punya saham mayoritas orang Israel,1,0.963369,1,1,0.4,1,1,xlm-roberta-large
test,966,"Tenang, tidak usah panik. Pegawai yang lainnya sudah disuruh makan nasi kucing",1,0.819388,1,1,0.4,1,1,xlm-roberta-large
test,967,Benda itu hijau.gif,0,0.126677,0,0,0.4,1,1,xlm-roberta-large
test,968,"tentu saja bayarannya tidak di dunia, tapi di akhirat nanti",1,0.857828,1,1,0.4,1,1,xlm-roberta-large
test,969,Kaltim lumayan makmur 😳😳😳,0,0.721412,1,1,0.4,0,0,xlm-roberta-large
test,970,"Kalo di dalam ibadat gereja katolik, biasanya dibacakan seperti ini: Surat Pertama Rasul Paulus kepada jemaat di Tesalonika, bab 5 ayat 21",0,0.127435,0,0,0.4,1,1,xlm-roberta-large
test,971,"Aku akan selalu ingat saat kamu memuji aku kuat saat kita sekelas bantu beres2 alat penjaskes, yg membuatku fitness",0,0.120129,0,0,0.4,1,1,xlm-roberta-large
test,972,anda pakai pas udah mature dan ga bisa banyak dikembangin lagi teknologinya.,0,0.375749,0,0,0.4,1,1,xlm-roberta-large
test,973,"Sumpah, tulang punggung kretek kretek enak, darah lancar ke kepala",0,0.590366,1,1,0.4,0,0,xlm-roberta-large
test,974,"Di pemerintahan emang terkenal kaku. Tapi untuk humas sih gak kaku amat, asal ikuti aja agenda pimpinan.",0,0.030243,0,0,0.4,1,1,xlm-roberta-large
test,975,Biar semua orang tau kalau orang miskin juga orang berprivilege,1,0.962673,1,1,0.4,1,1,xlm-roberta-large
test,976,apakah vergil pranowo juga termasuk?,1,0.869604,1,1,0.4,1,1,xlm-roberta-large
test,977,"banyak, cek aja tuh BEM² dan PPI² yang feeds IGnya bagus, pasti ada bagian graphic design yang mengges² sambil nangis ngejar deadline wkwkwk",0,0.008711,0,0,0.4,1,1,xlm-roberta-large
test,978,"Intinya sih kalau di sunni itu islam itu ya yang ada di Quran dan hadits saja, gak lebih dan gak kurang. Apa yang bukan bagian dari agama saat jaman Nabi maka juga bukan bagian dari agama saat jaman sekarang.",0,0.014871,0,0,0.4,1,1,xlm-roberta-large
test,979,"Membangun perumahan untuk warga miskin itu selalu tampak mudah awalnya, tapi begitu dijalankan baru terasa masalahnya jelimet banget.",0,0.013742,0,0,0.4,1,1,xlm-roberta-large
test,980,"Demi fartai koalisi, nikmati aja drama politik.",0,0.531848,1,1,0.4,0,0,xlm-roberta-large
test,981,"Gimana ? Ntar di oper lagi ke pak erte, tadi nanya ke pak erte kalau 18+ belum ada kuota buat di vaksin baru cuman lansia + petugas pemerintah + rt + sercurity/satpam.",0,0.023803,0,0,0.4,1,1,xlm-roberta-large
test,982,Tapi jadi susah nyari elub rusia dan timteng,0,0.858778,1,1,0.4,0,0,xlm-roberta-large
test,983,"karena sebagai pemimpin yang terpilih, gubernur bertanggung jawab kepada konstituen nya.",0,0.84075,1,1,0.4,0,0,xlm-roberta-large
test,984,"Nakes bukan ustad sih, klo ustadz pasti ga akan kena kovid",1,0.92164,1,1,0.4,1,1,xlm-roberta-large
test,985,Gw: “Loh kenapa emangnya pak?”,0,0.088033,0,0,0.4,1,1,xlm-roberta-large
test,986,"Dan juga untuk bayar uang ""kebersihan""",0,0.035679,0,0,0.4,1,1,xlm-roberta-large
test,987,"Btw cuman jokes doang I think, [Akunnya masih aktif](<link>",0,0.007953,0,0,0.4,1,1,xlm-roberta-large
test,988,"biasa di JKT, kalau nggak numpuk BUKAN Jakarta\~",0,0.177954,0,0,0.4,1,1,xlm-roberta-large
test,989,Mereka iri aja ga mampu tinggal di jaksel,1,0.947381,1,1,0.4,1,1,xlm-roberta-large
test,990,Ibaratnya batu loncatan lah.,0,0.15759,0,0,0.4,1,1,xlm-roberta-large
test,991,Ngaruh... Sesek di dada kalo tiba tiba ada yang nyemprot.....,1,0.023131,0,0,0.4,0,0,xlm-roberta-large
test,992,"bukannya di RSJ bagus ya malah,jd lebih bisa dikontrol ama perawat dan dokter",0,0.004199,0,0,0.4,1,1,xlm-roberta-large
test,993,Kok di tokped malah 900 ribuan yak. Yg bekas 400an,0,0.064359,0,0,0.4,1,1,xlm-roberta-large
test,994,pasti kebanyakan nonton yuno gesek atau tokyo gahul,1,0.385288,0,0,0.4,0,0,xlm-roberta-large
test,995,"Pelanggan: ""Ayo serbu."" *Parkir sembarangan *Kang parkir planga-plongo",0,0.020177,0,0,0.4,1,1,xlm-roberta-large
test,996,Silahkan tanya yg punya instagram.,0,0.122576,0,0,0.4,1,1,xlm-roberta-large
test,997,"metu, lunga nang tanggane. ‘Wong wedok ancene gak seneng nek ndelok",0,0.137417,0,0,0.4,1,1,xlm-roberta-large
test,998,Biar fancy aja,1,0.749454,1,1,0.4,1,1,xlm-roberta-large
test,999,Cara bodoh mikirnya si Erick ini butuh orang2 yang bisa bikin Genshin Impact versi Indonesia.,0,0.89115,1,1,0.4,0,0,xlm-roberta-large
test,1000,"Konser-konseran udah boleh, masa 212 ga blleh?",1,0.389764,0,0,0.4,0,0,xlm-roberta-large
test,1001,"Baca komen"" di Twt tentang si Roy si seleb tiktok yg nolak beasiswa dari pak Sandi, terus ada komen yg blg gini,""Emang kalo kuliah bakal menjamin Sukses?"". Tanggapan komodos gimana? Imo beasiswa dari pak Sandi seharusnya lebih mengutamakan siswa berprestasi sj.",0,0.17434,0,0,0.4,1,1,xlm-roberta-large
test,1002,"Hari ini saya merasa orang Qatar. Hari ini saya merasa orang Arab. Hari ini saya merasa orang Afrika. Hari ini saya merasa gay. Hari ini saya merasa difabel. Hari ini saya merasa menjadi pekerja migran. Tentu saja saya bukan orang Qatar, saya bukan orang Arab, saya bukan orang Afrika, saya bukan gay, saya bukan orang difabel. Tapi saya merasa seperti itu, karena saya tahu apa artinya didiskriminasi, diintimidasi, sebagai orang asing di negara asing. Sebagai seorang anak saya diintimidasi – karena saya memiliki rambut merah dan bintik-bintik, ditambah lagi saya orang Italia, jadi bayangkan.  Lalu apa yang Anda lakukan?  Anda mencoba untuk terlibat, berteman. Jangan mulai menuduh, berkelahi, menghina, Anda mulai terlibat. Dan inilah yang seharusnya kita lakukan.",0,0.190573,0,0,0.4,1,1,xlm-roberta-large
test,1003,"Dia minta panggilan, bukan sanjungan.",0,0.052328,0,0,0.4,1,1,xlm-roberta-large
test,1004,"Terakhir kali gw pegang Mio karbu standaran, kayaknya sekitar 1:27 pake Pertamax/Super lol.",0,0.016372,0,0,0.4,1,1,xlm-roberta-large
test,1005,"1. deskripsikan kenapa kalian suka : Dah pake dari SMA, mayan terjangkau. Baunya subtle, ngerasa cocok dengan personality gw.",0,0.007346,0,0,0.4,1,1,xlm-roberta-large
test,1006,Gw jg baru pake setahun terakhir dan beberapa hari kemarin saya beli panci anti lengketnya doang juga tersedia. Jadi punya 2 ganti2an masak nasi selama yang satunya direndam air sebelum dicuci.,0,0.013637,0,0,0.4,1,1,xlm-roberta-large
test,1007,checking tracking J&amp;T tiap jam buat liat hape gw udh dimana lol.,0,0.006526,0,0,0.4,1,1,xlm-roberta-large
test,1008,Ril. Bahkan pernah selundupin bakwan yang digoreng dari rumah pake kotak bekal,0,0.014814,0,0,0.4,1,1,xlm-roberta-large
test,1009,"Nah orang kantor ngeliat dia sengaja gak WFH dulu, dengan alasan biar WFH nya bisa lebih lama. Dalam hati gw, ini masih pagi weh, gak bisa apa pagi2 ngomongin yang bagus misalnya kucing depan rumah hamil gitu atau apa kek.",0,0.019814,0,0,0.4,1,1,xlm-roberta-large
test,1010,Yakin dia punya?,0,0.768342,1,1,0.4,0,0,xlm-roberta-large
test,1011,"Dia juga mau mengurangi masa karantina diri dari 14 jadi 7 hari karena dikejar kerjaan kantor wkwk, ada yang perlu diperhatikan ketika dia masuk?",0,0.010072,0,0,0.4,1,1,xlm-roberta-large
test,1012,Sekarang cari penyebabnya dulu kena virus jenisnya apa... Misal virusnya bisa ubah file biasa jadi format .lnk (shortcut). Di google banyak step2 yg bisa dicoba... Atau kalau bingung post dct lagi aja siapa tau komodos lainnya bisa bantu,0,0.006693,0,0,0.4,1,1,xlm-roberta-large
test,1013,"Khawatir klo main blokir semua, nanti kerepotan nge-whitelist/exclude website yg boleh? Gampang. Lewat Kaspersky Safe Kids nanti si target bisa minta request izin ke hp 'orang tua' untuk buka website yg mau dikunjungi. Lewat hp 'orang tua' lalu berikan izinnya saja.",0,0.091463,0,0,0.4,1,1,xlm-roberta-large
test,1014,Lagu Padi Sahabat Selamanya kenapa tu?,0,0.066448,0,0,0.4,1,1,xlm-roberta-large
test,1015,"Jatuhnya sih bicara jujur ya, bukan evil, karena kan cowoknya yang salah (walau adiknya OP questionable jg kenapa masi ngotot terus). Create a strong and elegant narrative to expose that asshole!",0,0.444128,0,1,0.4,1,0,xlm-roberta-large
test,1016,&gt;loud minority itu gak bakal efektif untuk skala nasional.,0,0.098425,0,0,0.4,1,1,xlm-roberta-large
test,1017,/r/sehat banyak kaka2 yg bisa ditanya,0,0.1414,0,0,0.4,1,1,xlm-roberta-large
test,1018,"tapi kan kalau lagi ngafe, buka macbook, walopun kondisi mati, itu kereeeeeeen banget.. Apalagi difoto, upload ke sosmed",1,0.116764,0,0,0.4,0,0,xlm-roberta-large
test,1019,"Gak boleh, disini banyak yang nggak menghargai karya anak bangsa",1,0.961714,1,1,0.4,1,1,xlm-roberta-large
test,1020,"Sebenernya iya masuk sih, cuma ini barang keliatanya cuma 1 Danb ku yakin bakalan delisted, context permasalahanya adalah barang yg jadinya dikirim beda merek dan ukuran (ofc harga pasar), kalau retur ke pusat resolusi paling cuma minus 1 di reputasi aja ya ?",0,0.002531,0,0,0.4,1,1,xlm-roberta-large
test,1021,"""ini whiskas nya bang""",0,0.090494,0,0,0.4,1,1,xlm-roberta-large
test,1022,tenang aja. gara2 banjir kemarin bakal banyak bayi lahir di quartal 3 tahun ini,1,0.550638,1,1,0.4,1,1,xlm-roberta-large
test,1023,Post trus tag kapolri apa walikota/gubernur,0,0.136206,0,0,0.4,1,1,xlm-roberta-large
test,1024,"Kayaknya sebagian orang negeri tetangga sana pengen bahasa Melayunya lebih *pure* ya, rata-rata menolak istilah seperti ""normalisasi"", ""kolaborasi"", pokoknya yang bau-bau serapan asing. Bahkan waktu PM yang kemaren mencret, istilah ""diarea"" diprotes dikira bukan bahasa Melayu padahal udah masuk Kamus Dewan Edisi Keempat (2005),  padaahal disini kayaknya ""diare"" udah lumayan lumrah ya.",0,0.011755,0,0,0.4,1,1,xlm-roberta-large
test,1025,jrid beneran ada gunanya ternyata,0,0.448879,0,1,0.4,1,0,xlm-roberta-large
test,1026,<hashtag> kontol.,0,0.134264,0,0,0.4,1,1,xlm-roberta-large
test,1027,"Bener, ada lalapan satu lagi dekat rumah. Anjir, minyak nya hitam banget kek oli, masih aja dipakai.",0,0.022244,0,0,0.4,1,1,xlm-roberta-large
test,1028,"*Ketiga komika itu tampak menyindir soal pesawat Lion Air, salah satunya tentang keselamatan penumpang.""Kalau naik Lion mah enggak usah hafal nomor kursi, cukup hafal baca doa,"" kata Edward Simbolon.*",0,0.240462,0,0,0.4,1,1,xlm-roberta-large
test,1029,"Nope. Hot drinks/soups, or isotonic/oralit. Tapi kalau mual karena memang mau ada yg keluar, lebih baik dimuntahkan dulu baru isi lagi pelan pelan.",0,0.004182,0,0,0.4,1,1,xlm-roberta-large
test,1030,Bangun di akhir bulan agustus dan menyambut tim terbaik di eropa: Atalanta B.C.,0,0.051654,0,0,0.4,1,1,xlm-roberta-large
test,1031,"Kalau dulu gw semenjak nonton dokumenter dari John Pilger yg judulnya The New Rules of The World, gw mencoba jadi bijak dalam berbelanja, harus gw ketahui dulu kalau si factory semua karyawan diperlakukan scr baik which is terpenuhi hak²nya.",0,0.070945,0,0,0.4,1,1,xlm-roberta-large
test,1032,"Lucu ya negara ini, ditempat saya mahasiswa yang perempuan namanya mahasiswi lho",1,0.881155,1,1,0.4,1,1,xlm-roberta-large
test,1033,pengen ke videonya report cmn entar view nya nambah....,0,0.041852,0,0,0.4,1,1,xlm-roberta-large
test,1034,"sesuatu yang ga logis di pemerintahan, pasti ada kongkalikong di situ",0,0.823506,1,1,0.4,0,0,xlm-roberta-large
test,1035,Whataboutism itu cacat logika yg intinya kalo ada masalah jgn tunjuk jari doang.,0,0.261142,0,0,0.4,1,1,xlm-roberta-large
test,1036,"kalo buat batak mah semua ""IS THAT A FUCKING CHALLENGE !????""",0,0.270962,0,0,0.4,1,1,xlm-roberta-large
test,1037,"InDiKaToR BuKaN SeGaLaNyA. Bruh this is Anies logic. ""Kemiskinan bukan hanya data, tapi juga rasa. Indikator tidak penting, yang penting bahagia warganya."" Kecewa, ternyata r/indonesia gak lebih baik dari kaskus dengan nasionalisme kekanak-kanakannya.",0,0.940188,1,1,0.4,0,0,xlm-roberta-large
test,1038,Materi-materi di internet udah cukup atau buku-buku fisik itu masih perlu? Makasih sebelumnya,0,0.019985,0,0,0.4,1,1,xlm-roberta-large
test,1039,sewa gedung lagi murah mungkin.,0,0.023554,0,0,0.4,1,1,xlm-roberta-large
test,1040,"Gw pernah nonton dokumentasi. Di suatu negara di Amerika Selatan, deket2 Argentina atau di Argentina itu sndiri. Ada budaya di para anak cowo, bahwa mereka sebelum officially ngewe sm cewe, mereka perlu ngewe dulu sm kambing.",0,0.041931,0,0,0.4,1,1,xlm-roberta-large
test,1041,Kurang budget buat ke southbank or triangle,1,0.040313,0,0,0.4,0,0,xlm-roberta-large
test,1042,"Taliban dulu pernah ke amrik, dan liat aja hasilnya sekarang. Jadi islamophobic dan trump jadi presiden",1,0.073297,0,0,0.4,0,0,xlm-roberta-large
test,1043,edit: oh pake dnga pantesan jadi kek mobil beneran bukan kayak kei car digedein,0,0.316026,0,0,0.4,1,1,xlm-roberta-large
test,1044,Yang paling netral palingan TVRI dan itu channel menurut gua msh perlu waktu buat naikin kualitas program mrk.,0,0.003839,0,0,0.4,1,1,xlm-roberta-large
test,1045,jadi di dunia ini gak ada manusia yg mati kelaparan?,0,0.964623,1,1,0.4,0,0,xlm-roberta-large
test,1046,Baru pada punya Calya,0,0.281504,0,0,0.4,1,1,xlm-roberta-large
test,1047,Bah.. Ini.. Ngeri..,0,0.091058,0,0,0.4,1,1,xlm-roberta-large
test,1048,sempet dibahas di podcastnya dia kalo mau liat dari sisi uncle rogernya,0,0.016372,0,0,0.4,1,1,xlm-roberta-large
test,1049,bulan mei udah maju debat untuk yang NUDC tapi sampe hari ini juga gatau debatnya bakal kayak apa.,0,0.012601,0,0,0.4,1,1,xlm-roberta-large
test,1050,mungkin dia dalam hatinya juga seorang minor. dont judge!,1,0.926901,1,1,0.4,1,1,xlm-roberta-large
test,1051,dari beberapa hari lalu udah mulai jual2in kayaknya,0,0.009449,0,0,0.4,1,1,xlm-roberta-large
test,1052,"Pindah ke Sumut atau Bali aja, mereka lebih ramah pariwisata tampaknya",0,0.311453,0,0,0.4,1,1,xlm-roberta-large
test,1053,"Booking ae, lumayan bisa jadi powerbank",0,0.006351,0,0,0.4,1,1,xlm-roberta-large
test,1054,Yamaha juga sampe jual alat musik buat gaji karyawan. Honda malah sampe rela jual mobil buat gaji karyawan.,0,0.769773,1,1,0.4,0,0,xlm-roberta-large
test,1055,"masa sih, itu ada tante2 tiktok punya vga ber-kardus2",0,0.769297,1,1,0.4,0,0,xlm-roberta-large
test,1056,"""ntar anak2 yg lulusan SMP SMA suruh kerja apa""",0,0.699998,1,1,0.4,0,0,xlm-roberta-large
test,1057,"Ada masa2nya pengen bgt ngobrol sm orang n sharing kegundahan dlm hidup gw, tp begitu nyentuh HP atw buka WA, malah tiba2 rasanya nggak pengen n ujungnya nggak jadi telp2an",0,0.009708,0,0,0.4,1,1,xlm-roberta-large
test,1058,"Wait, kok ngak ada gunungannya? wah ngak mewakili indonesia nih",1,0.963609,1,1,0.4,1,1,xlm-roberta-large
test,1059,nah gua ekspektasinya tidak begitu haha. idk gua yang terlalu idealis kali.,0,0.055464,0,0,0.4,1,1,xlm-roberta-large
test,1060,"$4.47 itu IDR 66,951.66, dibagi 3 jadi IDR 22,317.22 sekali makan...",0,0.027455,0,0,0.4,1,1,xlm-roberta-large
test,1061,Yg jago cobol biasa dikontaknya pke burung merpatii,1,0.537679,1,1,0.4,1,1,xlm-roberta-large
test,1062,"Tentu saja sedikit karena jujur aja kemungkinan besar ga ada dokter pembimbingnya, hahaha",0,0.08389,0,0,0.4,1,1,xlm-roberta-large
test,1063,Apa aja persamaan antara agama Ibrani dan Islam? Shema Yisrael sama Athan itu kok mirip ya?,0,0.186095,0,0,0.4,1,1,xlm-roberta-large
test,1064,bruh mie goreng ayam geprek itu rasanya sama persis ama mie rica2 ditambahin cabe aja...,0,0.003216,0,0,0.4,1,1,xlm-roberta-large
test,1065,paling parah sebar bio ama foto user (biasanya nyolong dari trit buku absen) terus didoxxing dan dicari irl 🤣,0,0.006539,0,0,0.4,1,1,xlm-roberta-large
test,1066,Bisnis semua pada lupa senjata,0,0.898053,1,1,0.4,0,0,xlm-roberta-large
test,1067,"Itu vaksinasi mandiri, Via original virus, efek samping nya menjadi pabrik niu variant 😆",0,0.129183,0,0,0.4,1,1,xlm-roberta-large
test,1068,"3 jam yang lalu, berarti sudah ganti flair ke Opini.",0,0.015484,0,0,0.4,1,1,xlm-roberta-large
test,1069,"Cari adopter, bisa lewat base di twitter atau grup facebook, atau page2 instagram.",0,0.00507,0,0,0.4,1,1,xlm-roberta-large
test,1070,Xcom? We gonna have alien invasion soon? Apa maksud ini Mas Elon?,1,0.962638,1,1,0.4,1,1,xlm-roberta-large
test,1071,"\- Danamon, selain platinum dia punya gold dan green juga. yg gold dan green bisa apply kayak kartu biasa",0,0.011051,0,0,0.4,1,1,xlm-roberta-large
test,1072,I hate penamaan kek gini. Bikin 'rusak' Branding malah.,0,0.016753,0,0,0.4,1,1,xlm-roberta-large
test,1073,"Akhir2 ini kalo bingung balas chat kalo ga dijawab iya, ya kukasih emote sapi",0,0.057019,0,0,0.4,1,1,xlm-roberta-large
test,1074,"Heh jangan salah, Palestina kalau Indonesia kena musibah pasti ngirim video anak anak yatim yg dirawat di RS Indonesia di Gaza lagi berdoa buat Indonesia itu udah support keadaan Indonesia.",1,0.964921,1,1,0.4,1,1,xlm-roberta-large
test,1075,biawak itu bukan alligator ya itungannya? panggilan bahasa inggrisnya apa?,0,0.059265,0,0,0.4,1,1,xlm-roberta-large
test,1076,wow berarti harus pakai jatah cuti ya?,0,0.300669,0,0,0.4,1,1,xlm-roberta-large
test,1077,Kalo aku ga impaksi tp pgn diambil bisa ga ya?,0,0.134037,0,0,0.4,1,1,xlm-roberta-large
test,1078,"Penasaran aja, menurut situ nama perusahaannya dikenal umum ato ngga?",0,0.017969,0,0,0.4,1,1,xlm-roberta-large
test,1079,"halo, ini 2 tolong dibuat cerita indah ya",0,0.822403,1,1,0.4,0,0,xlm-roberta-large
test,1080,"ah yes, jadi keinget jumat 2 minggu lalu khutbah jumat pas sholat jumat tentang larangan meminta-minta (ngemis)",0,0.170439,0,0,0.4,1,1,xlm-roberta-large
test,1081,wow polusi hari ini 😶‍🌫️😶‍🌫️,0,0.0643,0,0,0.4,1,1,xlm-roberta-large
test,1082,OP kurang duit jadi mau jadi sugar baby?,0,0.963984,1,1,0.4,0,0,xlm-roberta-large
test,1083,Reddit dulu bukannya setipe ma redtube ya?,1,0.142769,0,0,0.4,0,0,xlm-roberta-large
test,1084,Toph Beifong ketar ketir kalo adu metal-bending sama orang Madura,0,0.80837,1,1,0.4,0,0,xlm-roberta-large
test,1085,Kalo untung si etis” aja :D,1,0.224268,0,0,0.4,0,0,xlm-roberta-large
test,1086,Beda karakter sih. Orang Indonesia cenderung lebih jarang g ngutang ke bank dibanding orang Singapore. Jadi Bank juga enggak bisa ngandelin pendapatan dari lending,0,0.077727,0,0,0.4,1,1,xlm-roberta-large
test,1087,"kare masih tahap awal, masih berkuah encer, kaleyo udah kental tapi masih warna coklat, rendang udah warna item gelap.",0,0.004323,0,0,0.4,1,1,xlm-roberta-large
test,1088,"ngga, biarin aja ga usa diminum juga",1,0.771241,1,1,0.4,1,1,xlm-roberta-large
test,1089,"potensi yang tampak dari lima kalimat pertama, menangkap hatiku,",0,0.068787,0,0,0.4,1,1,xlm-roberta-large
test,1090,Yang masang ... lebih gelo lagi. Lebih kasi liat lg hahahaha.,0,0.054803,0,0,0.4,1,1,xlm-roberta-large
test,1091,"Lalu lo cek minuman manis kemasan, biasanya sekitar 25-36 grams. don't forget the sneaky ""sajian per botol"". Lo lihat 16 gram gula tapi 1 botol untuk 2 sajian, ya total 32 gram gula.",0,0.006181,0,0,0.4,1,1,xlm-roberta-large
test,1092,gak expect dimsum nya Haus lumayan enak dan gurih..,0,0.004191,0,0,0.4,1,1,xlm-roberta-large
test,1093,"Baru pindah tim di kantor dan sekarang di bawah PM yang strict banget. Setiap pull request pasti banyak di komen, jadinya deg2an berasa mau sidang skripsi lagi. Starting to wonder am I a bad coder or what? 😅",0,0.01086,0,0,0.4,1,1,xlm-roberta-large
test,1094,pemasukan ... mmm pas2an,0,0.046638,0,0,0.4,1,1,xlm-roberta-large
test,1095,"anjir, gue kira [suara.com](<link> gak kayak kompas atau tribun.",0,0.032406,0,0,0.4,1,1,xlm-roberta-large
test,1096,"channel bagus sih, tp sayang bikin mataku sakit karena warnanya ngejreng banget.",0,0.009936,0,0,0.4,1,1,xlm-roberta-large
test,1097,Jatah apa?,0,0.39536,0,0,0.4,1,1,xlm-roberta-large
test,1098,f1 di bintan itu juga kayanya ga ada pembicaraan serius ke fia/fom/liberty deh,0,0.017952,0,0,0.4,1,1,xlm-roberta-large
test,1099,RAIMU NGRUSAK PEMANDANGAN,0,0.963057,1,1,0.4,0,0,xlm-roberta-large
test,1100,"apapun hasilnya gue cuma mau bilang ini, tadi ybs bilang mo bikin akun baru dari nol.",0,0.021492,0,0,0.4,1,1,xlm-roberta-large
test,1101,“Bro tdi dosen ngasih tugas apaan ya liat dong.”,0,0.118487,0,0,0.4,1,1,xlm-roberta-large
test,1102,"Ini mah anaknya aja yang malas,.pr kok malam2 ... gw aja kerjain pr di gerbang sekolah, tanda tangan temen",1,0.421046,0,1,0.4,0,1,xlm-roberta-large
test,1103,Aku mau lapor,1,0.158695,0,0,0.4,0,0,xlm-roberta-large
test,1104,Kaum orthodoxnya lagi rese lagi ye ??,0,0.891952,1,1,0.4,0,0,xlm-roberta-large
test,1105,Kena Moratorium pemekaran soalnya. Lalu masih tarik ulur kabupaten.,0,0.009559,0,0,0.4,1,1,xlm-roberta-large
test,1106,Makanya seks pranikah itu penting,1,0.910267,1,1,0.4,1,1,xlm-roberta-large
test,1107,Ya jalan aja itu sepanjang sutera utama yang di pohonnya rindang2 itu kan di kiri kanannya komplek mewah,0,0.198608,0,0,0.4,1,1,xlm-roberta-large
test,1108,Kan udah paksin kak,1,0.962285,1,1,0.4,1,1,xlm-roberta-large
test,1109,"Di channel si funker sebulan kemaren kayaknya ngupload, pada geleng2 emang. Sempet juga dulu (bertahun2 yg lalu) media luar ada yg ngritik ""pelatihan yg tidak manusiawi"", kontol kan",0,0.122261,0,0,0.4,1,1,xlm-roberta-large
test,1110,para pembeli crypto itu majority adalah orang2 serakah yg ingin cepat gain tinggi dalam waktu cepat,0,0.216177,0,0,0.4,1,1,xlm-roberta-large
test,1111,"more like gelud terus direkrut, gak lama ketuanya mati didor. si op jadi suksesor geng yang mendapat misi untuk mengalahkan geng jahat yang ingin menguasai dunia.",0,0.706418,1,1,0.4,0,0,xlm-roberta-large
test,1112,apakah corona itu salah satu cara untuk jihad?,0,0.964119,1,1,0.4,0,0,xlm-roberta-large
test,1113,"Kerja di tempat yg bos uda ga cocok paling ga enak deh. Mendingan kerja sambil cari kerjaan lain, uda dapet langsung resign. Wasting time si perusahaan? Oh hell yeah it is, tapi bodo amat drpd ga bisa bayar kebutuhan2 lu kan",0,0.200558,0,0,0.4,1,1,xlm-roberta-large
test,1114,"Exactly why wacana 3 periode itu sangat sangat serem. Sosok pemimpin yang ga tau kapan harus ngerem bakal bikin negara ini keguncang (pemberontakan 1950s, perang lokal berdasar etnis awal 2000s)",0,0.018761,0,0,0.4,1,1,xlm-roberta-large
test,1115,batam kah ini? lmao,0,0.116011,0,0,0.4,1,1,xlm-roberta-large
test,1116,"Survivor bias. Ini adalah jumlah yang tertangkap bukan jumlah pelaku korupsi. If anything this gives some idea to which factions are most and least vulnerable. Swasta udah pasti, karena mayoritas tidak memiliki backing orang dalam yang kuat. Polisi jujur keren juga, selama 18 tahun cuma ada 3 kasus korupsi.",1,0.002987,0,0,0.4,0,0,xlm-roberta-large
test,1117,"lah, gue msh bisa liat? page mana yg tidak bisa ditemukan fren?",0,0.10434,0,0,0.4,1,1,xlm-roberta-large
test,1118,"Tadinya sih maksudnya dikarantina paksa ala2 di concentration camp gitu, biar pada bisa lebih konsentrasi dalam menjalani hidup dan membuat keputusan",1,0.318856,0,0,0.4,0,0,xlm-roberta-large
test,1119,"Buang di jalan, pas kelindes mobil, instant death",1,0.786746,1,1,0.4,1,1,xlm-roberta-large
test,1120,Coba berani gak bongkar trik Nabi Musa yang katanya ngebelah laut???,0,0.908577,1,1,0.4,0,0,xlm-roberta-large
test,1121,Berarti nyulik 3 orang doang terus ambil ginjalnya udah bisa dapet 1M yakk. Gampang banget ternyata,1,0.92617,1,1,0.4,1,1,xlm-roberta-large
test,1122,"omgggg jadi kan gw beberapa hari yg lalu baca kalo gebetan gw kena covid bulan november, terus tiba2 gw jadi ngerasa ga enak tenggorokan, menggigil sama batuk ga jelas gitu *simp intensifies*",0,0.067485,0,0,0.4,1,1,xlm-roberta-large
test,1123,Ceritanya ini potongan puisi + [handprint](<link> dari jendral yang sedang bertarung di border untuk kekasihnya,0,0.048316,0,0,0.4,1,1,xlm-roberta-large
test,1124,"install skyrim lagi dari desember, sampe hari ini belom main. sortir mod sama baca2 combat framework, animation, stance.",0,0.011245,0,0,0.4,1,1,xlm-roberta-large
test,1125,"lantas pak somat menghardik "" bacot! Meg """,0,0.348742,0,0,0.4,1,1,xlm-roberta-large
test,1126,Mau dipercepat prosesnya? Bisa bapak bantu 😳,0,0.123102,0,0,0.4,1,1,xlm-roberta-large
test,1127,Kalo ada jadwal WFO doang.,0,0.09611,0,0,0.4,1,1,xlm-roberta-large
test,1128,"6. Sewa Tabung Oksigen (0838-1397-3995) Cluster melati hills Blok Lf 6, Duren Mekar, Bojongsari, Kota Depok, Jawa Barat 16516",0,0.046421,0,0,0.4,1,1,xlm-roberta-large
test,1129,"Mungkin kalau scouting dulu bisa. Kayak di national treasure, cari IDnya yang pekerja asli gedung atau pekerja sekitar.",0,0.003594,0,0,0.4,1,1,xlm-roberta-large
test,1130,ada yang tau tempat membajak paper selain sci hub?,0,0.041462,0,0,0.4,1,1,xlm-roberta-large
test,1131,Coba didepak anak baru,1,0.883538,1,1,0.4,1,1,xlm-roberta-large
test,1132,Biar dikira kerja,0,0.899077,1,1,0.4,0,0,xlm-roberta-large
test,1133,"Masih ngantor jadi belum nonton gan. Tapi liat trailer, skrinsut dan aktrisnya, menjanjikan.",0,0.005292,0,0,0.4,1,1,xlm-roberta-large
test,1134,"Gapapa, asal punya masjid baru yang megah nan indah",1,0.914099,1,1,0.4,1,1,xlm-roberta-large
test,1135,"Yes, ini kaum The Chosen Ones nihh..",1,0.918114,1,1,0.4,1,1,xlm-roberta-large
test,1136,7 jutaan yak? Gede sih tapi yaa gimana ya 2.500 cc sih,0,0.059811,0,0,0.4,1,1,xlm-roberta-large
test,1137,Hidupny memprihatinkan ituu,0,0.682904,1,1,0.4,0,0,xlm-roberta-large
test,1138,"Nioh 2 (saya cuma maen yang pertama) itu masuk genre hardcore Action RPG ala Dark Souls. Dengan twist, punya sistem loot kayak Diablo, dan strukturnya mission-based (kayak Monster Hunter gitu).",0,0.006314,0,0,0.4,1,1,xlm-roberta-large
test,1139,Bisa menyembuhkan COVID-19 juga.,1,0.895614,1,1,0.4,1,1,xlm-roberta-large
test,1140,PNS pinjam duit Bank dgn cicilan 75% gaji pensiunnya.,0,0.540166,1,1,0.4,0,0,xlm-roberta-large
test,1141,"- arcade bowling jaya ancol. gw sama keluarga dulu sering banget ke sini. pas weekday ato weekend malem2 suka mampir, bonyok maen bowling, gw ama nci maen dingdong, kalo bonyok udah kelar maen bowling, mereka lanjut ikut maen dingdong jg. terus ada juga tempat kayak pinball judi deket wc dan anak2 ga boleh masuk. gw ampe lupa udah berapa kali arcadenya ganti mesin atau renovasi, tapi yang paling gw inget game Columns sega sama game balap motor",0,0.004512,0,0,0.4,1,1,xlm-roberta-large
test,1142,Masak + gaji ART per bulan,0,0.141459,0,0,0.4,1,1,xlm-roberta-large
test,1143,gak usah dilarang lah,1,0.852414,1,1,0.4,1,1,xlm-roberta-large
test,1144,baru tau capcom rilis trailer dlc re village. kalo gak mahal2 amat rasanya mau beli😭. lets see. kalo ga mampu ya nonton dari yutuber ajah :’),0,0.068537,0,0,0.4,1,1,xlm-roberta-large
test,1145,"Dia kerja cuma dari jm 6 pagi sampe jm 9 doang, kita belum punya anak. Tapi males lah beres2 rumah, masak. Mending hire ART aja",0,0.086864,0,0,0.4,1,1,xlm-roberta-large
test,1146,"Pantes miring, engselnya aja sering rusak",1,0.348285,0,0,0.4,0,0,xlm-roberta-large
test,1147,"Kalo mau ikut bergaul, iseng sapa aja kalo ketemu: om, tante (gw ngehindari koh, ai, karena ada beberapa chindo anti dipanggil gituan, but you can try ymmv)",0,0.012384,0,0,0.4,1,1,xlm-roberta-large
test,1148,masih boleh sampe 30 tahun iirc,0,0.248261,0,0,0.4,1,1,xlm-roberta-large
test,1149,"Buruh itu cuma satu dari sekian banyak indikator buat invest atau nggak, makanya pabrik baru masih bermunculan di Karawang dkk walaupun umr nya udah 4jt+.",0,0.003344,0,0,0.4,1,1,xlm-roberta-large
test,1150,"Dokter itu sebenarnya tidak bisa 'sembuhkan (cure)' sebagian besar penyakit. Jangan datang ke dokter dengan harapan bisa sembuh (cured). Untuk penyakit yang tidak dapat disembuhkan (incurable), Dokter hanya bisa mengobati (treat) untuk membantu mengurangi gejala, membantu proses penyembuhan alami, atau membuang bagian tubuh yang sakit.",0,0.007756,0,0,0.4,1,1,xlm-roberta-large
test,1151,mau tau kenapa? karena dia gak pake night mode,1,0.270239,0,0,0.4,0,0,xlm-roberta-large
test,1152,"ga boleh juga, repot juga sih serba salah  [<link>",0,0.483648,0,1,0.4,1,0,xlm-roberta-large
test,1153,"gw pikir typo, tapi ternyata terus berulang, injihom segala.",0,0.044848,0,0,0.4,1,1,xlm-roberta-large
test,1154,Kalau boleh tau dulu functionnya waktu itu gmna/ngapain ?,0,0.00883,0,0,0.4,1,1,xlm-roberta-large
test,1155,gw malah dengan begonya beli dengan dana gede sebelom kasus korona. skarng cuma bs meratap,0,0.057865,0,0,0.4,1,1,xlm-roberta-large
test,1156,"sekalian bisa pesan makan, pesawat, kereta, hotel, event, e-commerce, e-wallet sama pinjol. Jadi kl mau liburan mau kemana aja tinggal pake 1 aplikasi",1,0.124852,0,0,0.4,0,0,xlm-roberta-large
test,1157,"&gt; Kasarnya, golput = kebodohan di negara demokrasi. Kecuali kalau itu agendamu buat merubah Indonesia jadi negara oligarchy, then yes mari buat viral golput.",0,0.220342,0,0,0.4,1,1,xlm-roberta-large
test,1158,"Rijik itu memang haram, yg halal itu kafir cina",1,0.963506,1,1,0.4,1,1,xlm-roberta-large
test,1159,"gw yang bawa indomie goreng + nasi di tupperware , sampe indomie nya kaku dan dingin ( yang entah kenapa enak )",0,0.00424,0,0,0.4,1,1,xlm-roberta-large
test,1160,Semoga saja tidak jadi kredit macet.,0,0.46563,0,1,0.4,1,0,xlm-roberta-large
test,1161,"Pas yang positif Corona mau mati, dimatikan dengan cara lain",1,0.963643,1,1,0.4,1,1,xlm-roberta-large
test,1162,Bukannya hoki pada pake pelindung badan ya?,0,0.604341,1,1,0.4,0,0,xlm-roberta-large
test,1163,Indonesia ketawa sambil jualan beras sama bensin selundupan,0,0.879147,1,1,0.4,0,0,xlm-roberta-large
test,1164,"Ternyata dari merasa hampir mati saat hiit ke ""ah elah cuma burpee 30 detik"" hanya butuh waktu 1 minggu.",0,0.122891,0,0,0.4,1,1,xlm-roberta-large
test,1165,"Jaga perdamaian itu hanya kedok, tujuan utamanya setok wheat buat indomie",1,0.962638,1,1,0.4,1,1,xlm-roberta-large
test,1166,"bisa jadi, bocah2 disitu kan bukan bocah biasa, semuanya murid pilihan yang harus melewati tes sedemikian rupa buat masuk ke sekolah eden",0,0.946051,1,1,0.4,0,0,xlm-roberta-large
test,1167,Hehe maacih. Masih lembur?,0,0.036978,0,0,0.4,1,1,xlm-roberta-large
test,1168,"Dari kemaren baca manga genre shoujo mulu, terus jadi demen sama [manga ini](<link> Kocak anjir komedinya, karakternya juga ekspresif banget",0,0.007094,0,0,0.4,1,1,xlm-roberta-large
test,1169,"Rasa kopinya, cangkir merahnya, mbak-mbak kafenya semua masih teringat 😔",0,0.006784,0,0,0.4,1,1,xlm-roberta-large
test,1170,now: heh. ga ada identitas diri bodoh!,0,0.651757,1,1,0.4,0,0,xlm-roberta-large
test,1171,Bahasa media aja pakbbiar jadi kontroversi dan oplah naik,0,0.866923,1,1,0.4,0,0,xlm-roberta-large
test,1172,Lagian soal pertanahan geblek si. Masa kelurahan lebih tahu batas tanah ketimbang BPN,0,0.004,0,0,0.4,1,1,xlm-roberta-large
test,1173,"Tapi kan itu enggak Islami, ada yang kafir disana",1,0.963127,1,1,0.4,1,1,xlm-roberta-large
test,1174,"Gwe drop karna jadi agak boring, padahal seinget gwebdlu animenya seru",0,0.007475,0,0,0.4,1,1,xlm-roberta-large
test,1175,Setelah tersambar petir itu saya dibawa ke Rumah Sakit umum daerah Tasikmalaya.,0,0.049268,0,0,0.4,1,1,xlm-roberta-large
test,1176,kazuya dari kanojo okarishimasu.,0,0.041735,0,0,0.4,1,1,xlm-roberta-large
test,1177,"Mungkin ya, td ditawarin gofood plus jg soalnya haha. Aya aya wae",0,0.006488,0,0,0.4,1,1,xlm-roberta-large
test,1178,Tahun 2022 ini anak-anak masih pada muja-muja STAN atau kagak ya?,0,0.21465,0,0,0.4,1,1,xlm-roberta-large
test,1179,Bener. **Kalo sistemnya jalan ya cukup sekolah dan PR**. Sisanya **biarkan itu anak istirahat dan enjoy.**,0,0.222236,0,0,0.4,1,1,xlm-roberta-large
test,1180,Tapi jika seaindainya cortana pejabat pemerintah apakah tidak akan terjadi bertolak belakang?,0,0.138287,0,0,0.4,1,1,xlm-roberta-large
test,1181,"Aing takut ketagihan kayak fortnite,apex pertama x keluar sampe &gt;!gabaca chat 5 hari!&lt; 14 jam sehari shittttt",0,0.034947,0,0,0.4,1,1,xlm-roberta-large
test,1182,"Thank you for translating. Also, makanya belajar bahasa jawa karena jawa adalah koentji",1,0.962778,1,1,0.4,1,1,xlm-roberta-large
test,1183,"Di Serpong, Tangerang.",0,0.009108,0,0,0.4,1,1,xlm-roberta-large
test,1184,"keren, kurang panjang daftarnya :-D. uu-nya vpn service laris manis..",0,0.05199,0,0,0.4,1,1,xlm-roberta-large
test,1185,Transisi mumpung belum puber.,1,0.830732,1,1,0.4,1,1,xlm-roberta-large
test,1186,"cri lapangan/kompleks sepi, minta di bawain dri blkg ama adek atau bapak, jd duduknya agak majuan, gw dl kyk gt jg, kmu rasain dl keseimbangannya dmn.",0,0.081228,0,0,0.4,1,1,xlm-roberta-large
test,1187,"No no, bukan Laskar Jihad",0,0.906281,1,1,0.4,0,0,xlm-roberta-large
test,1188,Of course not you silly ini semua salah cina,1,0.963057,1,1,0.4,1,1,xlm-roberta-large
test,1189,"**I will tell you, this data is the most valid data i've seen in Linkedin.** FYI, gw gak ada kaitan sama sekali dengan mereka si pengumpul dan perangkum data, data data tsb gw crosscheck dengan data lama yg gw peroleh di perusahaan gw yg lama (gw dulu bagian dari recruitment department (spesialis tech dan product) dan punya akses ke data data gaji di berbagai perusahaan, kami dapat banyak limpahan data gaji jg dari vendor sepanjang 3 tahun belakangan).",0,0.004166,0,0,0.4,1,1,xlm-roberta-large
test,1190,8 dari 9 madzhab membolehkan kontrasepsi. Bahkan di dalam masa nabi praktek *azl* atau bahasa kalian sekarang crot di luar sudah banyak terjadi dan diperbolehkan.,0,0.212069,0,0,0.4,1,1,xlm-roberta-large
test,1191,lah kenapa nurut hahahahahah,0,0.267408,0,0,0.4,1,1,xlm-roberta-large
test,1192,Ctrl C + Ctrl V lagi kayak yg sebelah ga?,1,0.155719,0,0,0.4,0,0,xlm-roberta-large
test,1193,"hanyut sama adik kelas lagi pada main di kali, total 4 meninggal",0,0.142709,0,0,0.4,1,1,xlm-roberta-large
test,1194,"Yang gue tangkep dari pernyataan nya SBY barusan sih ini ilegal, karena ga memenuhi syarat dari AD/ART nya partai. Argumen doi katanya Majelis Tinggi ga ngijinin, Ketua DPC sama DPD yang minta KLB jumlahnya kurang, sama Moeldoko kan bukan kader partai, jadi KLB nya karena ga sesuai AD/ART partai berdasarkan UU Partai Politik ini ilegal. Belum ngecek pembelaan kubunya Moeldoko.",0,0.007621,0,0,0.4,1,1,xlm-roberta-large
test,1195,"kacamatanya frame plastik? kalau plastik/acetate panasin pake hairdrayer terus ditekuk2 dikit biar balik ke bentuk semula, baut engsel kencengin aja pakai obeng mini",0,0.121686,0,0,0.4,1,1,xlm-roberta-large
test,1196,"Coba baca [wawancara ini](<link> (tahun 2015). Monopoli bukan penyebab tapi akibat, dan Telkom juga tidak aktif ""memegang"" wilayah tertentu. Provider biasanya lebih konservatif kalau mau masuk belakangan karena harus jual murah untuk narik konsumen sementara mereka juga ngejar ROI.",0,0.002355,0,0,0.4,1,1,xlm-roberta-large
test,1197,"gak mudik, udah 24tahun di kampung halaman lol",0,0.04982,0,0,0.4,1,1,xlm-roberta-large
test,1198,"Ngapain liat post itu terus, nungguin update? wkwk",0,0.077378,0,0,0.4,1,1,xlm-roberta-large
test,1199,"Penasaran sama Onyx Boox sih, itu ereader yang basisnya Android, jadi ga terpaku ke Amazon aja, bisa pake yang lain, macam tablet android biasa, cuma pake layar e-ink. Kalo bisa upgrade, kemungkinan gw bakal nyobain ini.",0,0.003945,0,0,0.4,1,1,xlm-roberta-large
test,1200,"Ayam penyet yg disebut ""pecel ayam"" lebih meresahkan lagi karena tidak mengandung pecel",0,0.012625,0,0,0.4,1,1,xlm-roberta-large
test,1201,Padahal ya emang nilainya segitu hahahah.,0,0.039416,0,0,0.4,1,1,xlm-roberta-large
test,1202,yah bukan rejekinya kak. semoga dapet kerjaan yang lebih baik dari yang buka loker ngasih umur maksimal 20 tahun. 🙏,0,0.318936,0,0,0.4,1,1,xlm-roberta-large
test,1203,"kemaren bikin jago tengah malem bisa, termasuk vidcall sama pegawai jagonya tengah malem haha",0,0.020606,0,0,0.4,1,1,xlm-roberta-large
test,1204,"Makanya itu, toh udah jelas loh cuman joke masih ada aja snowflake yg pantatnya kebakaran",0,0.960435,1,1,0.4,0,0,xlm-roberta-large
test,1205,berjuta kenangan di mcd? bukan berjuta kenangan di hotel ya?,1,0.022629,0,0,0.4,0,0,xlm-roberta-large
test,1206,trims. Saya minta 5 anak lagi dong,1,0.833189,1,1,0.4,1,1,xlm-roberta-large
test,1207,Peduli amat sama pakaian orang...,0,0.124745,0,0,0.4,1,1,xlm-roberta-large
test,1208,"Artinya, tim SG bisa merotasikan player lebih banyak ke site A jika mereka mendeteksi kalau ada tanda2 tim INA akan menyerang site A.",0,0.213213,0,0,0.4,1,1,xlm-roberta-large
test,1209,"Ngomongin provost, berujung cerita provost kantor sama atasan",0,0.103567,0,0,0.4,1,1,xlm-roberta-large
test,1210,"Apalagi yang fresh abis diuleg, terus tambah merica. Fuck mashed potatoes, fucking normies ass bitch.",0,0.030968,0,0,0.4,1,1,xlm-roberta-large
test,1211,Satpamnya beneran ngecek.,0,0.033621,0,0,0.4,1,1,xlm-roberta-large
test,1212,"Dunia mau damai dan sejahtera itu karena inisiatif dan intervensi (seperlunya) yang positif; kuncinya ya positif. Kalau negatif? Tuh liat aja tambang di Afrika atau kelakuan Nestlé di sana, atau juga kelakuan AS di Timur Tengah.",0,0.033717,0,0,0.4,1,1,xlm-roberta-large
test,1213,Selaluuu dong 😆😆,0,0.797478,1,1,0.4,0,0,xlm-roberta-large
test,1214,"Setuju, lebih gampang nyuruh anak diem, daripada nahan diri untuk ga ngerampas hak orang lain",0,0.124372,0,0,0.4,1,1,xlm-roberta-large
test,1215,Apa!? Anda tidak suka melihat cewek yang dikarungi dan kelihatan matanya saja? Blasphemy! Gue demo loe bareng temen2 FPI gue!,1,0.964489,1,1,0.4,1,1,xlm-roberta-large
test,1216,"Terus ada hal lain yg perlu diperhatikan. Yaitu kalau ada sisa2 makanan yg nyempil di gigi bungsu mu, berhubung area situ emg susah buat dibersihin, kalau ada yg nyempil, dia nanti bisa berujung ke gigi lubang terus sakit dehh.",0,0.008429,0,0,0.4,1,1,xlm-roberta-large
test,1217,"* dari segi policy, ada alur yg jelas bgmn dan apa yg harus dilakukan kalau melihat bullying,",0,0.002314,0,0,0.4,1,1,xlm-roberta-large
test,1218,Udah tapi malah dikasi pil KB lmao,0,0.917488,1,1,0.4,0,0,xlm-roberta-large
test,1219,Subreddit ini jadi terlalu liberal,1,0.885879,1,1,0.4,1,1,xlm-roberta-large
test,1220,Naik T11?,0,0.213541,0,0,0.4,1,1,xlm-roberta-large
test,1221,"me too. and tbh, gw lebih prefer ini daripada begadang",0,0.004944,0,0,0.4,1,1,xlm-roberta-large
test,1222,Yhaa bentar lagi juga keluar flip 5,0,0.216053,0,0,0.4,1,1,xlm-roberta-large
test,1223,"terus, biar Indonesia bisa agak mirip singapur, dubai apa? kalau yang bangunin swasta? yang dilakukan ahok kemarin sudah tepat. harusnya kalau aku jadi gubernur selanjutnya nggantiin ahok, itu kutingkatin jadi 80% punya negara. tapi kan yang dilakukan bapak anies yang terhormat ini adalah tidak membahas sama sekali, dan bisa dikatakan kepemilikan negara 0 %",0,0.925769,1,1,0.4,0,0,xlm-roberta-large
test,1224,windows terakhir yang ane pake dan ane suka: xp,0,0.009161,0,0,0.4,1,1,xlm-roberta-large
test,1225,Sama aja kayak bapaknya Raline Shah bikin museum pribadi. Atau Bali United. Ya bebas2 aja. Dan gw sangat mendukung orang2 / badan usaha bikin museum pribadi selama isinya gak nyolong / hasil melanggar HAM.,0,0.02704,0,0,0.4,1,1,xlm-roberta-large
test,1226,Jadi ya harap maklum dan cope harder aja lah.,0,0.31944,0,0,0.4,1,1,xlm-roberta-large
test,1227,pmku terbuka lebar seperti perutku,0,0.150715,0,0,0.4,1,1,xlm-roberta-large
test,1228,"kemarin screen protector tempered glass retak, mau ganti model lain mumpung ganti baru, soalnya nih TG ada border/list hitam, nutupin bbrp pixel di pinggiran. dan kalo dipasang pasti ga nempel dipinggiran",0,0.013584,0,0,0.4,1,1,xlm-roberta-large
test,1229,"gapapa sih klo gak sakit, it’s just your body getting used to the movements. Baca2 tentang progressive overload, dan untuk ladies buka r/fitness di bagian FAQ, routine yang nama nya strong curves. Itu special untuk latihan female body dan banyak yang recommend di sub itu.",0,0.013197,0,0,0.4,1,1,xlm-roberta-large
test,1230,"Untuk kamu, OP. The best girl! Salut, bisa memiliki pandangan sendiri. saya yakin kamu berjodoh dg nasib yg baik, membawamu dalam kehidupan yg lebih maju, Amin",0,0.267982,0,0,0.4,1,1,xlm-roberta-large
test,1231,mungkin alternatif yg mirip2 ya pilusnya cemcem,0,0.167763,0,0,0.4,1,1,xlm-roberta-large
test,1232,gak kepengen Camaro/Mustang gan?,1,0.645741,1,1,0.4,1,1,xlm-roberta-large
test,1233,Tiga Pagi masih jadi pegangan underrated music yg nuansanya folk indonesia tp gak norak,0,0.05301,0,0,0.4,1,1,xlm-roberta-large
test,1234,Bruh data PeduliLindungi aja ga aman,0,0.847527,1,1,0.4,0,0,xlm-roberta-large
test,1235,kira kira malaikat jibril bilang apa coba?,0,0.885037,1,1,0.4,0,0,xlm-roberta-large
test,1236,"Gini dek tiap keilmuan ada tier-nya juga. Contoh IT, ada IT yang medioker ada yang jago banget. Pengacara juga ada yang medioker ada yang hebat banget kaya hotman paris.",0,0.029901,0,0,0.4,1,1,xlm-roberta-large
test,1237,Yang diajarin beda nih kayaknya,0,0.028355,0,0,0.4,1,1,xlm-roberta-large
test,1238,"tp kan bs posting postinh cantik di IG, bisnis travel gitu loh..",1,0.829146,1,1,0.4,1,1,xlm-roberta-large
test,1239,Tiesto sama van Buuren lagu lagu mid 2000an. Bukan full album sih cuma yha enak aja setiap dengerinnya.,0,0.002694,0,0,0.4,1,1,xlm-roberta-large
test,1240,Hih gemes bgt pengen tak cubit tetenya,0,0.049912,0,0,0.4,1,1,xlm-roberta-large
test,1241,"Bre, ga perlu  :x",1,0.105671,0,0,0.4,0,0,xlm-roberta-large
test,1242,"Seru cuy ngikutinnya, kadang ngomong blak-blakan bikin ngakak wkwkwk. Tpi kyk comment di atas, kalo ngomong rapih bener",0,0.033117,0,0,0.4,1,1,xlm-roberta-large
test,1243,"saran dri pengalaman pribadi, cri jg pelapis/cover buat keyboardnya, mechanical keyboard rentan sma debu, klo uda debuan bs unresponsive, only way to fix itu harus dibersihin/pake contact cleaner, at least on my own keyboard (merk DA), stlh cri2 cara bersihin jg byk yg komentar ttg hal yg sama. terlebih klo designnya susah buat akses ke mainboard keyboardnya buat di bersihin total.",0,0.002873,0,0,0.4,1,1,xlm-roberta-large
test,1244,"Jadiiiii aja gue begah dan skrg 4jam kemudian perut gue mules2. Sigh, padahal dulu gue gak pernah kayak gini.",0,0.01015,0,0,0.4,1,1,xlm-roberta-large
test,1245,"Gw sbg travel agent, kerja sama dgn mreka dua itu malah bikin runyam. Mending lgsg sm hotel beneran.",0,0.016947,0,0,0.4,1,1,xlm-roberta-large
test,1246,Jaman dulu Belajar Online aja di persekusi ya,1,0.805403,1,1,0.4,1,1,xlm-roberta-large
test,1247,Saatnya Sholat Ied di Gereja dan Misa di Masjid,1,0.912903,1,1,0.4,1,1,xlm-roberta-large
test,1248,Karena ga dilarang secara tegas. Ibu Koike baru menganjurkan untuk stay at home aja weekend ini. PM Abe bilang Tokyo susah di lockdown.,0,0.055823,0,0,0.4,1,1,xlm-roberta-large
test,1249,So no. iD untuk tes PCR atas nama si RS itu 801127175.,0,0.031026,0,0,0.4,1,1,xlm-roberta-large
test,1250,"Jangan lupa jabat tangan dan cipika cipiki seluruh tamu. Kalau kamu ulurkan tangan dan mereka menolak, bilang ke muka mereka ""dasar kadal gurun fanatik""",1,0.790692,1,1,0.4,1,1,xlm-roberta-large
test,1251,\&gt;hari ini Siwi drop charges,0,0.014227,0,0,0.4,1,1,xlm-roberta-large
test,1252,"lah u pelihara anabul kan harusnya u orang kaya, masa gakuat sewa mobil?",1,0.963472,1,1,0.4,1,1,xlm-roberta-large
test,1253,"Zina itu dosa dan di jaman nabi luth tidacc hanya satu tapi dua kota porak poranda gegara penduduknya berzina. Mending piara budak segs, halal dan sesuai sarikat",1,0.964822,1,1,0.4,1,1,xlm-roberta-large
test,1254,beli disk bok\*p isinya zonk (kartun dora),0,0.04747,0,0,0.4,1,1,xlm-roberta-large
test,1255,Bagus kah manga-nya?,0,0.069479,0,0,0.4,1,1,xlm-roberta-large
test,1256,"Tinggal satu chapter lagi, kita lihat bakal ada kejutan apa",0,0.058777,0,0,0.4,1,1,xlm-roberta-large
test,1257,"Di komplek gw (cluster) anak2nya masih sk ribut main sepeda, main lompat tali, main bola, main petak umpet/kucing-kucingan.. kadang sampe malem kalo malam mingguan",0,0.008728,0,0,0.4,1,1,xlm-roberta-large
test,1258,Pas Rise of Skywalker tayang ada cewek sama cewek ciuman tapi gak ada yang rame ngangkat berita.,0,0.092196,0,0,0.4,1,1,xlm-roberta-large
test,1259,"maybe not, karena yg memperkosa ada 4 orang, apkah ke-4 orang tsb mau dinikahi semua?",1,0.807688,1,1,0.4,1,1,xlm-roberta-large
test,1260,Crypto card itu apa?,0,0.337777,0,0,0.4,1,1,xlm-roberta-large
test,1261,Yg penting bismillah nya itu,1,0.837421,1,1,0.4,1,1,xlm-roberta-large
test,1262,terus pake free ongkir,1,0.110279,0,0,0.4,0,0,xlm-roberta-large
test,1263,guys ada rekomendasi TWS dibawah 250k yang bisa konek ke laptop ga? barusan tanya ke seller Buds 3 Lite katanya gabisa konek ke Laptop :( atau selain TWS rekomndasi IEM yang ga nyetrum kalo konek ke laptop karena beberapa KZ series under 250k(gatau yang mana lupa haha) ada peringatan nyetrum kalo colok ka laptop,0,0.00335,0,0,0.4,1,1,xlm-roberta-large
test,1264,"uang ada, tinggal mau pakai atau tidak.",1,0.108048,0,0,0.4,0,0,xlm-roberta-large
test,1265,"Find side job, probably freelance works ini solusinya kalau kamu pengen berkembang dan ga mau keluar, cons nya ga punya waktu luang, datang kerja kantor, tidur, kerja freelance ngerjain order, tidur, kerja kantor",0,0.056914,0,0,0.4,1,1,xlm-roberta-large
test,1266,"minta kaum 212 aja biar doa massal di depan monas biar hujan berenti, kan harusnya klo mereka bneran beragama dikabulin doanya jutaan orang",1,0.963916,1,1,0.4,1,1,xlm-roberta-large
test,1267,"Janji nya gmna, kan pasti sebelum daftar lomba, ad ket hadiah brapa... Namanya jyga lomba kan kita ngincer duit nya brapa",0,0.964221,1,1,0.4,0,0,xlm-roberta-large
test,1268,isinya ikan mentah,0,0.017392,0,0,0.4,1,1,xlm-roberta-large
test,1269,atau Luka Doncic,0,0.23105,0,0,0.4,1,1,xlm-roberta-large
test,1270,"Hmm i wonder, soalnya sejak masuk masa puber sampai sekarang ga terlalu pusing sama achievement orang bahkan yang sederhana sekalipun hehe.",0,0.00814,0,0,0.4,1,1,xlm-roberta-large
test,1271,"beberapa tahun kemaren, kata “klitih” dipakai buat nyebut penyerangan di jalan raya.",0,0.080937,0,0,0.4,1,1,xlm-roberta-large
test,1272,sebenarnya udah broken.,0,0.09556,0,0,0.4,1,1,xlm-roberta-large
test,1273,"Terus lu bakal dimasukin grup kecil buat ""dididik biar bisa dapet duit lebih banyak"".",0,0.202759,0,0,0.4,1,1,xlm-roberta-large
test,1274,"Tunggu gue jadi kepikiran, selama ini HR gak ngasih tau diterima atau kagak itu karena bales dendam karena gue juga nge-ghosting HR kah ?",0,0.285671,0,0,0.4,1,1,xlm-roberta-large
test,1275,ini pasti pasukan babi ngepet jokowi buat merampok duit rakyat,1,0.963643,1,1,0.4,1,1,xlm-roberta-large
test,1276,Ganti hp pake gaji dari mod ffbeblog aja,1,0.840815,1,1,0.4,1,1,xlm-roberta-large
test,1277,jangan bilang motong keramik ato kusen besi itu sih berisiknya udah ultimate,0,0.240596,0,0,0.4,1,1,xlm-roberta-large
test,1278,"Music is universal. It is the lyrics that gives a vibe where that song fits. Kamu bisa nyanyiin Balonku ada 5 dengan lirik: *Biniku ada lima, rupa rupa rasanya* dan kamu akan kdgrn kaya rapper2 Amrik yg lagu2nya ""merendahkan"" wanita.",0,0.015306,0,0,0.4,1,1,xlm-roberta-large
test,1279,"bisa""nya nemu ginian",0,0.89419,1,1,0.4,0,0,xlm-roberta-large
test,1280,mcd mana? di Indonesia bukan? kok gue baru tau ya..,0,0.101056,0,0,0.4,1,1,xlm-roberta-large
test,1281,dan mungkin orangnya hoki juga hahaha,0,0.166608,0,0,0.4,1,1,xlm-roberta-large
test,1282,Udah jual sawah belum? Kalau belum ya pantes ga diterima,1,0.73481,1,1,0.4,1,1,xlm-roberta-large
test,1283,Kemarin habis check up ke dokter mata untuk pertama kalinya dalam hidup. Looks like I will need glasses.,0,0.007247,0,0,0.4,1,1,xlm-roberta-large
test,1284,Tuhan membenci manusia,1,0.835013,1,1,0.4,1,1,xlm-roberta-large
test,1285,Apakah: (Z+X) &gt; (Z+X-Y)? Buktikan.,0,0.247805,0,0,0.4,1,1,xlm-roberta-large
test,1286,"""Di atas kertas, Liverpool jauh lebih unggul dibanding Brighton"", terdengar sama imo",0,0.082846,0,0,0.4,1,1,xlm-roberta-large
test,1287,"Ram nya sedih banget, ga bisa up ke 4 atau 6gb?",0,0.005664,0,0,0.4,1,1,xlm-roberta-large
test,1288,Oiya donk!! Mana bisa saya bilang orang lain gak bijak kalau saya juga gak bijak,1,0.963022,1,1,0.4,1,1,xlm-roberta-large
test,1289,"Masaknya itu2 aja, cuma buat survival",0,0.793506,1,1,0.4,0,0,xlm-roberta-large
test,1290,Ilusi Jepang dengan publik transport nya sebenernya cuma di their largest cities loh.,0,0.060919,0,0,0.4,1,1,xlm-roberta-large
test,1291,"Gak cewek doang kali, gw juga sebenernya males ngehirup uap rokok bekas mulut orang lain",0,0.177027,0,0,0.4,1,1,xlm-roberta-large
test,1292,tinggal cari link livestreaming aja.,0,0.07579,0,0,0.4,1,1,xlm-roberta-large
test,1293,"Baru direply,  aye udah langganan didatengin irl dulu (apalagi kalo nyebar klipingan aib pujaannya - auto di pm terus dicari irl. Dulu banyak fanboy fanatik mantengin bp soale dan disarkasin dikit auto baper)",0,0.005642,0,0,0.4,1,1,xlm-roberta-large
test,1294,"There's more out there, terutama di kepala daerah dan DPR. Kalo di pemerintah pusat, ada misalnya Menhan (anak menteri/mantan mantu presiden), Mendikbud (ponakan jenderal), Menperin (anak menteri).",0,0.004982,0,0,0.4,1,1,xlm-roberta-large
test,1295,SDM rendah yg terbiasa main game 3d dan hobinya menghina game lain.,0,0.902136,1,1,0.4,0,0,xlm-roberta-large
test,1296,"Laptop hari ini mau datang, storage penyimpanan laptop lama ga cukup dipindah laptop baru. Mau beli SSD enaknya yang mSATA (bukan M2) atau SATA + Caddy ya?",0,0.009671,0,0,0.4,1,1,xlm-roberta-large
test,1297,Ada yang tau jasa tukang listrik yang certified? Bokap abis nengokin rumah dan katanya cooker hood gw yang dari aluminium nyetrum. Atau kayak gini harus via PLN? Tapi setau gw urusan listrik dalem rumah uda bukan bagiannya PLN.,0,0.004802,0,0,0.4,1,1,xlm-roberta-large
test,1298,"Kalo sertifikasi profesi insinyur dibayarin Negara sih oke lah ya. Lah kalo kaga? Beberapa bidang tuh high risk, biaya kuliahnya mahal, penelitian dan skripsi berat di ongkos, belum kalo masuk kampus lewat jalur mandiri dah habis berapa ratus juta tuh. Biaya-biaya itu belum termasuk ambil sertifikasi keahlian yang satu pelatihan aja bisa puluhan juta...",0,0.004755,0,0,0.4,1,1,xlm-roberta-large
test,1299,Aahhh.. Masjid adalah wc terbaik di dunia.,0,0.930711,1,1,0.4,0,0,xlm-roberta-large
test,1300,Suka ngobrol sama penumpang ga? Mendingan diajak ngobrol apa diem-dieman sama penumpang?  Btw ngobrol di motor itu kadang ga tau lawan bicaranya ngomong apa.,0,0.008446,0,0,0.4,1,1,xlm-roberta-large
test,1301,"Can confirm, mendoan itu cuma simulasi.",1,0.816882,1,1,0.4,1,1,xlm-roberta-large
test,1302,"Udah gak pake jasa ART, soalnya nyokap bilang badannya jadi gampang sakit semenjak jarang nyapu/ngepel/nyetrika.",0,0.006931,0,0,0.4,1,1,xlm-roberta-large
test,1303,Mungkin dia kerja di kantor yakuza. Jaga jaga kalau jari yang dipotong pas nebus kesalahannya malah jari yang buat absen,0,0.203787,0,0,0.4,1,1,xlm-roberta-large
test,1304,wibu.,1,0.06256,0,0,0.4,0,0,xlm-roberta-large
test,1305,"Mantap dosennya, sedari dini sudah memberi pelajaran hidup bahwa kalau mau sesuatu jadi di Indonesia harus minta ke atasan dulu baru anak buah mau kerja",1,0.925701,1,1,0.4,1,1,xlm-roberta-large
test,1306,"Dia cuma tanya, tp seingat gw gk minta proof booking hotel ataupun tiket. Kalo mau aman bikin itinerary aja, jd punya gambaran kegiatan dan bisa jawab",0,0.004062,0,0,0.4,1,1,xlm-roberta-large
test,1307,Karena standar berhemat orang itu berbeda beda. Ada orang impulsive yang memang mempunyai lebih dan masih aman secara keuangan yang bisa beli.,0,0.004774,0,0,0.4,1,1,xlm-roberta-large
test,1308,"2. Tidak pernah wkwkw baku tembak itu di Densus. Teman saya ada di Densus, setiap beberapa jam dia selalu berada di tempat yang berbeda wkwkwk dan latihannya keras",0,0.02868,0,0,0.4,1,1,xlm-roberta-large
test,1309,1. Kepolisian,0,0.017746,0,0,0.4,1,1,xlm-roberta-large
test,1310,"QoL? Maen Arknek mah dibikin casual aja sebagai selingan, gue run anni + farm aja tak tinggal mandi. Seriusnya pas ada stage baru aja.",0,0.004664,0,0,0.4,1,1,xlm-roberta-large
test,1311,"Orang Indo sebenernya pro LGBT, makanya acara TV meskipun hostnya ngondek-ngondek semua tapi ratingnya malah tinggi",1,0.660583,1,1,0.4,1,1,xlm-roberta-large
test,1312,"predatory pricing mungkin ya? jadi ya bakar duit dulu sampe semua konsumen ke sopi, terus ketika semua pasar ada di dia, dia naruh harga suka-suka.",0,0.073897,0,0,0.4,1,1,xlm-roberta-large
test,1313,"maaf salah, ternyata hape saya yg gak mendukung buat muncul notif dibagian ikon appnya muahahaha",0,0.109849,0,0,0.4,1,1,xlm-roberta-large
test,1314,Dari sebelum saya ada permasalahan dengan kecelakaan yang relatif parah saya selalu pro ke yang perlengkapan lengkap. Dan terbukti dari 4~5x jatuh parah semuanya saya masih sehat.,0,0.012218,0,0,0.4,1,1,xlm-roberta-large
test,1315,Jadi mau minta ganti titik pun dia tetep kekeh dan ga mau diajak kerja sama.,0,0.041579,0,0,0.4,1,1,xlm-roberta-large
test,1316,Gak perlu urusan memerdekakan Palestina sih. Akui dulu kedaulatan Israel karena kita menganut solusi 2 negara. Itu hiprokrit paling besar.,0,0.12326,0,0,0.4,1,1,xlm-roberta-large
test,1317,adek bisa tunjukan SBKRI?,1,0.909144,1,1,0.4,1,1,xlm-roberta-large
test,1318,Dulu yang kiri atas ngapalinnya OSSeTePok,0,0.100172,0,0,0.4,1,1,xlm-roberta-large
test,1319,"Wahhh I see I see, makasih ya detail bgt. Di rumah jg ada soalnya s9+ bekas nyokap tapi itu aja rasanya kegedean, padahal 6,2 inch. Takut kegedean jg gt loh. Tapi pas diliat dimensi badannya S22 masih mending ya ternyata.",0,0.016818,0,0,0.4,1,1,xlm-roberta-large
test,1320,"Just Telkom being Telkom, gimana ceritanya coba [sejak April udah point ke IP yang sama](<link> seluruh dunia [juga hasilnya sama](<link> lalu Telkom doang punya hasil gaib?",0,0.22448,0,0,0.4,1,1,xlm-roberta-large
test,1321,Routingnya FM ke certain cloud providers lagi busuk mungkin.,0,0.009268,0,0,0.4,1,1,xlm-roberta-large
test,1322,"Baca Meditations by Marcus Aurelius. Apakah kemudian kakak akan ngantuk? Bisa jadi ngga ngantuk, tapi paling ngga besok bakal jadi seorang stoic.",0,0.14774,0,0,0.4,1,1,xlm-roberta-large
test,1323,"hp ipon 7 saya yang sudah 3 tahun dead malam ini, layar gelap tb tb tapi pencetan tombol masih ada rasa geternya. rekomen hp budget mentok 8-10 klo bs.",0,0.002884,0,0,0.4,1,1,xlm-roberta-large
test,1324,Karena pesan lebih penting dari plot,1,0.872239,1,1,0.4,1,1,xlm-roberta-large
test,1325,"Pernah coba IASIP sampe 3 season, lumayan lucu sih, tapi belum bener2 kecantol rasanya. Mungkin harus coba lagi.",0,0.004039,0,0,0.4,1,1,xlm-roberta-large
test,1326,Biase jawe,1,0.015131,0,0,0.4,0,0,xlm-roberta-large
test,1327,- Mengecam intoleransi presiden Prancis,0,0.120026,0,0,0.4,1,1,xlm-roberta-large
test,1328,"Bisa coba ke psikolog lain kalo ke 1 orang ga cocok, karena setau gw psikolog itu metodenya masing masing berbeda.",0,0.012456,0,0,0.4,1,1,xlm-roberta-large
test,1329,"setuju, tidak ada masalah mental health. kurang berdoa saja sebenarnya.",1,0.714504,1,1,0.4,1,1,xlm-roberta-large
test,1330,barang sudah sampai -&gt; cek sana-sini udah oke -&gt; klik pesanan selesai -&gt; kasih rating &amp; ulasan..,0,0.009578,0,0,0.4,1,1,xlm-roberta-large
test,1331,Toleransi Indonesia: Waktu agama minoritas mempersilahkan agama lain untuk hidup berdampingan dan tidak sebaliknya.,1,0.590978,1,1,0.4,1,1,xlm-roberta-large
test,1332,"Jarang2 nonton channel unpopular, series The Resorts lumayan seru juga",0,0.008528,0,0,0.4,1,1,xlm-roberta-large
test,1333,"Ga cuma Indo, luar juga. Bahkan dr zaman gw sekolah suka ada temen yg ngomongin pasangan lain di sekolah, ih mereka tuh couple goals bgt ga sihhh. Kayak dr baru masuk sampe lulus2an, tp biasanya yg 'couple goals' malah gajadi. Gw denger ada bbrp yg jadi, dlm kasus gw pasangan sesama otaku dan pasangan rohis.",0,0.006539,0,0,0.4,1,1,xlm-roberta-large
test,1334,"baru s1 masih jalan, di disney+ hotstar",0,0.153867,0,0,0.4,1,1,xlm-roberta-large
test,1335,"Dia bisa mohon bantuan / tolong dg sesama pengendara di antrian d belakang, itu sudah seperti rules / kewajiban tak tertulis d jalanan utk saling membantu, been there done that, sebagai korban maupun malaikat KW, sampe kartu *kebawa* kabur juga dg tante tante",0,0.07579,0,0,0.4,1,1,xlm-roberta-large
test,1336,2-1-3 biar beda dan OP jadi pusing,1,0.745723,1,1,0.4,1,1,xlm-roberta-large
test,1337,That would be perfect. Keluarga nenek ada di jakarta. Lumayan imlekan tapi ga usah pikirin macet.,0,0.13012,0,0,0.4,1,1,xlm-roberta-large
test,1338,"Salah RGB Tidak meningkatkan FPS, yang naikkin FPS tuh kipas berisik! Kenapa? karena makin berisik suara laptop/pc biasanya makin gede pula fpsnya!",1,0.865395,1,1,0.4,1,1,xlm-roberta-large
test,1339,Indomie dan Bakmie Ayam. Mau ambil? Silahkan. Tapi gw bakal Pelototin sampe lo selesai comot dan gw bakal tau Seberapa Banyak lo udah ambil (padahal unit of measurement berapa banyak diorang ambil gak ada tapi ya lo ada feeling aja udah tau seberapa banyak diorang ambil).,0,0.002627,0,0,0.4,1,1,xlm-roberta-large
test,1340,"tapi masih mikir2 juga soalnya gw kga bisa nyari bahan ngobrol, gw biasanya pendengar doang.",0,0.011223,0,0,0.4,1,1,xlm-roberta-large
test,1341,"yayaya I get it, mungkin banyak yang bilang kita bisa dengan mudah ""mengendalikan"" kalo tau triknya yang tepat atau gimana.",0,0.032651,0,0,0.4,1,1,xlm-roberta-large
test,1342,"Btw kalo ga jago2 amat, bisa mabar bang",0,0.722674,1,1,0.4,0,0,xlm-roberta-large
test,1343,"yang penting jabodetabek internetnya kencang, bodoh amat dengan daerah lain enggak ada internetnya sama sekali !!!",1,0.963814,1,1,0.4,1,1,xlm-roberta-large
test,1344,Terima kasih telah buka ~~hatiku~~ pikiranku uwu 🥰,0,0.054149,0,0,0.4,1,1,xlm-roberta-large
test,1345,Shopee lisensi ny dr awal linsensi e-commerce terus merambat ke socmed yang (setau aku) gaperlu lisensi apa-apa.,0,0.003273,0,0,0.4,1,1,xlm-roberta-large
test,1346,"Kalau bisa ada yang rekam dan upload siaran terakhir sebelum ASO, supaya nggak jadi lost media. (ditambah di sini nggak dapat siaran TV lagi, padahal masih Jabodetabek wkwk)",0,0.006086,0,0,0.4,1,1,xlm-roberta-large
test,1347,ayam penyet mas bro... hahaha,0,0.018942,0,0,0.4,1,1,xlm-roberta-large
test,1348,"bokap gw sakit dan harus checkup 3 kali seminggu dan gw jadi tulang punggung kuliahan adek adek gw. kadang yah rasanya berat , cuman mau gk mau hidup harus tetap lanjut, yg gw lakuin fokus apa yg gw bisa kontrol dan sisanya gw jalanin aja. lo bisa lewatin semua itu, pelan pelan aja dan apapun yg jalanin lo udah hebat sejauh ini !",0,0.062789,0,0,0.4,1,1,xlm-roberta-large
test,1349,gw mungkin lebih ngerasa creepy kalo digombalin sama om2,0,0.045948,0,0,0.4,1,1,xlm-roberta-large
test,1350,pejuang papan ketik yg ga pernah baca reply. wkwk..,0,0.127653,0,0,0.4,1,1,xlm-roberta-large
test,1351,"Googling dikit hasilnya ada paling atas, max 7 hari kerja.",0,0.003331,0,0,0.4,1,1,xlm-roberta-large
test,1352,atapnya cuma satu. kalau atapnya dua mungkin pemiliknya kaya.,1,0.876687,1,1,0.4,1,1,xlm-roberta-large
test,1353,"hooh kata si agencynya tmn gw wajib pny cert biar bisa kerja disononya, sebenernya dia udh dpt N2 gitu gatau N3 ambil april kemaren, nah juli ini yg dia blg cert yg lebih sususah",0,0.019327,0,0,0.4,1,1,xlm-roberta-large
test,1354,Apakah ini orang yang sama? <link>,0,0.182717,0,0,0.4,1,1,xlm-roberta-large
test,1355,"Lagi nunggu kisi2 juga nih, dan gw agk nervous karena osce pertama gw hahaha",0,0.022138,0,0,0.4,1,1,xlm-roberta-large
test,1356,"Server ga dimasuki, cuma di copy-paste orang dalam lalu dijual ke luar",1,0.066387,0,0,0.4,0,0,xlm-roberta-large
test,1357,Gw gak berani buka2 begituan hahaha. Takut perlu segala macem dan takut merusak komponen yang ada,0,0.048226,0,0,0.4,1,1,xlm-roberta-large
test,1358,"pertama kali beli RG, gue sih udah ada pengalaman sama MGnya Zeta sama Zeta plus jadi gue kira bakal mirip. Eh ternyata RG tuh lebih rumit dari itu 😅",0,0.029619,0,0,0.4,1,1,xlm-roberta-large
test,1359,"Insinyur ga kesampaian, ambil jurusan IT.",0,0.234494,0,0,0.4,1,1,xlm-roberta-large
test,1360,sehat gk ya sebenarnya budaya kyk gini?,0,0.290628,0,0,0.4,1,1,xlm-roberta-large
test,1361,"3. Mayoritas dari Stream dan Sponsor dan iya sponsornya besar banget bisa melebihi dari Prize Pool dari MPL itu sendiri bahkan beberapa player ^(Im talking about Xin) ada yang hanya main di MPL season genap saja karena gengsi aja (Pemenang season genap bakal yg maju mewakili Indonesia di World Championshipnya) dan pingin mendapat gelar juara dunia, udah gak peduli lagi sama prize pool karena uang dari sponsor dan streaming udah banyak",0,0.030938,0,0,0.4,1,1,xlm-roberta-large
test,1362,Meanwhile gw udah pake reddit dari lebih dari 15 taun lalu tapi akun ke ban mulu gara2 sering berantem &amp; ngata2in bule2 kontol di worldnews.,0,0.01442,0,0,0.4,1,1,xlm-roberta-large
test,1363,"Gua gak jualan, gua cuma mau sharing aja",0,0.036494,0,0,0.4,1,1,xlm-roberta-large
test,1364,Akangnya batak ini mah ledeng,0,0.963403,1,1,0.4,0,0,xlm-roberta-large
test,1365,"Dengan cara beli buku dream planner, ayo, tuliskan planmu setahun ke depan!",1,0.896659,1,1,0.4,1,1,xlm-roberta-large
test,1366,Ngerokok berjamaah.... Goblok pangkat 27,0,0.905364,1,1,0.4,0,0,xlm-roberta-large
test,1367,"hadeh, ini masih jam 9, belum jam nyimeng. kagak kebaca",0,0.137648,0,0,0.4,1,1,xlm-roberta-large
test,1368,Karena gim itu merusak bangsa except kalo menang esport baru gk merusak,1,0.964556,1,1,0.4,1,1,xlm-roberta-large
test,1369,fun fact : gw udh terjun hampir semua medsos dan cuma warga twitter aja yg make bahasa kentut itu,0,0.068164,0,0,0.4,1,1,xlm-roberta-large
test,1370,Oalah my bad haha,0,0.165189,0,0,0.4,1,1,xlm-roberta-large
test,1371,jrit masih jam set7 pagi dan downvote udh -21,0,0.055362,0,0,0.4,1,1,xlm-roberta-large
test,1372,Pertama emang dosennya meninggal itu fakta dan gampang dicek bs nanya2 anak UGM.,0,0.008779,0,0,0.4,1,1,xlm-roberta-large
test,1373,SAYA SUKA PEMERINTAHAN INDONESIA,1,0.918809,1,1,0.4,1,1,xlm-roberta-large
test,1374,orang indo aja udah jutaan jumlahnya,0,0.907148,1,1,0.4,0,0,xlm-roberta-large
test,1375,And... Its bad for economy ya know.. Oligarki dan Kleptokrat negeri ini juga ga seneng,1,0.370339,0,0,0.4,0,0,xlm-roberta-large
test,1376,"tendean nya udah ada sih. jd tadinya tuh dari patra kuningan lgsg ke tendean, tp skrg lanjut dulu sampe tegal parang baru muter. gatau ini krn pancoran barat renov atau pernamen",0,0.004849,0,0,0.4,1,1,xlm-roberta-large
test,1377,Yang lebih ngeselin <link> aplikasi 3rd party reddit kena limit nantinya. Postingan dan komentar kita akan jadi bahan training AI,0,0.808105,1,1,0.4,0,0,xlm-roberta-large
test,1378,"Baca notasi, bar dan tempo pak. Kurang lebih guideline belajarnya kayak [ini](<link> cuman buat gambaran belajarnya aja ya itu",0,0.002993,0,0,0.4,1,1,xlm-roberta-large
test,1379,Anal seks atau enema,1,0.230746,0,0,0.4,0,0,xlm-roberta-large
test,1380,"Kalo model kotanya forest city, manusianya akan berevolusi menjadi amphibi semua",1,0.81571,1,1,0.4,1,1,xlm-roberta-large
test,1381,"Another tip: Coba intip program MBKM. Beberapa perusahaan (mungkin) mengurangi jumlah intern yang daftar lewat jalur umum karena memprioritaskan jalur MBKM ini. Nah mumpung kamu masih mahasiswa, bisa nih ikut beginian. Buat teknisnya coba tanya dosbing/kaprodimu.",0,0.006451,0,0,0.4,1,1,xlm-roberta-large
test,1382,ada aja 😂😂😂,0,0.065187,0,0,0.4,1,1,xlm-roberta-large
test,1383,Btw lg covid gini resepsinya mw ngundang banyak org atw keluarga n tmn dkt aj?,0,0.024516,0,0,0.4,1,1,xlm-roberta-large
test,1384,Biasa ko orang ngerekam truck banyak penontonnya di youtube,0,0.630856,1,1,0.4,0,0,xlm-roberta-large
test,1385,Udh nonton mr robot dan the leftovers belum kak,0,0.019308,0,0,0.4,1,1,xlm-roberta-large
test,1386,"Lu boleh lupa ama rasa takut, tapi make sure lu ga lupa cara ngerem",0,0.129513,0,0,0.4,1,1,xlm-roberta-large
test,1387,Saran gue jadi direktur ASDP aja bang. Biar berasa main Ship Simulator beneran.,0,0.182498,0,0,0.4,1,1,xlm-roberta-large
test,1388,"""HAHAHA, MAMPUS LO. gw juga. HAHAHAHA""",0,0.058777,0,0,0.4,1,1,xlm-roberta-large
test,1389,"It's a complex matter yg orang ngeliatnya ga melulu dari sudut pandang agama. Kalo menurut gw sih ga bisa dibilang LGBT bad, let's burn them all.",0,0.017045,0,0,0.4,1,1,xlm-roberta-large
test,1390,Kalau nunggu lampu merah dulu takutnya fotografer didepan yg udah disewa malah kabur bang,1,0.162181,0,0,0.4,0,0,xlm-roberta-large
test,1391,"skill mah ada, kawan gw msk kominfo, lulusan terbaik salah satu pts di jkt, tapi ya gitu, gatau kondisi langsungnya, kyknya si kepentok sama kepentingan org2 berkuasa disana, jadi ya org2 kek tmn gw ini gbsa buat hal byk juga selain upload ig story kegiatan kerjaan yg lagi dia lakuin",0,0.019069,0,0,0.4,1,1,xlm-roberta-large
test,1392,"Testing &amp; tracing susah, lebih gampang nutup jalan",1,0.550819,1,1,0.4,1,1,xlm-roberta-large
test,1393,Karena orang orang tersebut sepertinya mau mencoba menghentikan [ghost traffic](<link>,1,0.122471,0,0,0.4,0,0,xlm-roberta-large
test,1394,nato itu abcd,1,0.883839,1,1,0.4,1,1,xlm-roberta-large
test,1395,"Naik kereta ditanyain bapak2 ""kok nggak sekolah?""",0,0.170439,0,0,0.4,1,1,xlm-roberta-large
test,1396,"Bulan lalu aku bbrp kali top up dana pake bca one klik, ga ada fee apa2 sih.",0,0.004655,0,0,0.4,1,1,xlm-roberta-large
test,1397,FPI dong jangan lupa disebut,1,0.90878,1,1,0.4,1,1,xlm-roberta-large
test,1398,Daripada dikutuk malaikat sampe pagi,1,0.891575,1,1,0.4,1,1,xlm-roberta-large
test,1399,"Normal sih, semennya liat aja tuh tebel, jd kira2 bahan2 habis 10juta, tenaganya 10juta, ngeruk sungai dibawahnya 5juta, uji SNI 75juta, label halal MUI 80juta, QA 20juta.",1,0.050471,0,0,0.4,0,0,xlm-roberta-large
test,1400,Kan bukan ente yang ngurus gan,1,0.959611,1,1,0.4,1,1,xlm-roberta-large
test,1401,Kombinasi diriku yg selalu lapar + uang saku yg sangat dibatasi,0,0.02454,0,0,0.4,1,1,xlm-roberta-large
test,1402,itu pun kalo dapet full speed &gt;.&lt;,0,0.040503,0,0,0.4,1,1,xlm-roberta-large
test,1403,Ada nggak program pemerintah untuk pendanaan memulai pertanian/ jual lahan murah? Ini seriusan  nanya.,0,0.018779,0,0,0.4,1,1,xlm-roberta-large
test,1404,"Nah bayangkan ketika berada di dalam ruangan yang gelap, di malam hari, sepi. Dimana indra2 kita menerima sedikit stimulasi. Bahkan kejadian yang biasa seperti bunyi daun jatuh akan menciptakan ""cerita baru"" di otak kita. Apalagi kalau ditambah sugesti seperti kita berada di kuburan, atau di tempat kecelakaan. Stimulasi indrawi yang diterima sebenarnya biasa saja dan sering kita alami ketika kita berada di tempat terang, ramai orang, dll. Namun ketika berada di tempat tertentu dengan keadaan tertentu, otak kita secara cepat menginterpretasikan rangsangan2 indrawi yang diterima tadi menjadi hal-hal yang mistis/gaib. Jadi ketika ada orang bilang dia melihat hantu di kuburan artinya dia memang melihat hantu, tapi hantu itu adalah hantu yang ada dalam pikiran/perasaan dia.  It could actually be nothing, just your mind playing tricks on you.",0,0.00838,0,0,0.4,1,1,xlm-roberta-large
test,1405,"sama gw juga kira  cuman tempat wings yang mahal gitu kaya wingstop or wings o wings, temen gw pamer dia cerita pernah ke holywings gw pikirnya makan chicken wings mahal doang pamer wkwkw",0,0.027717,0,0,0.4,1,1,xlm-roberta-large
test,1406,Situ duitnya kurang aja kali,1,0.963265,1,1,0.4,1,1,xlm-roberta-large
test,1407,Anda terbalik ini adalah azab bagi warga yang menerima Israel hanya demi piala duniawi U20,1,0.963848,1,1,0.4,1,1,xlm-roberta-large
test,1408,Telen dulu aja kalo gaji ga sesuai ekspektasi. 1-2 tahun kalo deserve pasti naik 5-10 jutaan kok,0,0.080647,0,0,0.4,1,1,xlm-roberta-large
test,1409,Ah ini mah gadapet dental plan yg bagus aja,1,0.918224,1,1,0.4,1,1,xlm-roberta-large
test,1410,kalo enak mah open bo bang,0,0.273429,0,0,0.4,1,1,xlm-roberta-large
test,1411,"Di Australia, fast food dibeli karena convenience, apalagi sekarang mcd mahal sekali. Di Jepang, harganya sama dengan makanan lokal dan masih dianggap makanan yang ga biasa (christmas KFC). SG/Malaysia harganya masih lebih mahal daripada makanan lokal. 2 dollar nasi lemak vs 5 dollars mcdonald/kfc/burger king",0,0.002998,0,0,0.4,1,1,xlm-roberta-large
test,1412,Kebo,0,0.199308,0,0,0.4,1,1,xlm-roberta-large
test,1413,Kayak habis nendang anak orang,0,0.152536,0,0,0.4,1,1,xlm-roberta-large
test,1414,"2. Waste management -&gt; [armadakemasan](<link> [bberes](<link> [ewaste](<link> (untuk sampah elektronik). Baru nyoba yg bberes dan mereka nerima hampir semua jenis sampah dan harusnya sih ga end up di landfill doang katanya. Tapi kan gue coba sortir sampah sendiri dg rajin ya, terus stress sendiri karena sampah satu orang aja banyak bener wkwk",0,0.017078,0,0,0.4,1,1,xlm-roberta-large
test,1415,"K-kan tadi aku coba gugel aja bang, beneran kok",0,0.054199,0,0,0.4,1,1,xlm-roberta-large
test,1416,500k-1m: tbh gue ga pengalaman nyoba apapun dari range ini. maybe cobain buka scarbir.com/truewireless buat referensi.,0,0.002039,0,0,0.4,1,1,xlm-roberta-large
test,1417,Wf1kxm4 jawabannya bro,0,0.189371,0,0,0.4,1,1,xlm-roberta-large
test,1418,Telegram juga gak ada. Wow,0,0.160924,0,0,0.4,1,1,xlm-roberta-large
test,1419,settler colonialisme itu boleh asalkan yang melakukannya adalah bangsa pilihan tuhan  dari eropa dan amerika,1,0.963541,1,1,0.4,1,1,xlm-roberta-large
test,1420,"Ini fakta , kan? Aku tidak orang Muslim.",0,0.910386,1,1,0.4,0,0,xlm-roberta-large
test,1421,"""Berhenti 'kan belom tentu parkir""",0,0.207616,0,0,0.4,1,1,xlm-roberta-large
test,1422,"kadang gw penasaran sih liat summarynya cuman ya kalo dibacapun ga menarik. jadi inget gore yang judulnya ""hole"" atau apalah, itu doujin teraneh yang gw baca diluar dari doujin2nya john k. peta.",0,0.009559,0,0,0.4,1,1,xlm-roberta-large
test,1423,"Ada mismanagement di atas jadiny, gunany apa nasionalisasi gitu? Mending jadi swasta aja bumn tersebut biar bs bikin bisnis sesuka hati mereka.",0,0.880438,1,1,0.4,0,0,xlm-roberta-large
test,1424,MAKHNO SAMA PETLIURA ITU SIAPA? IDEOLOGI BERBALIK AKHIRNYA MILIH JADI ANTI KOMUNIS,0,0.959269,1,1,0.4,0,0,xlm-roberta-large
test,1425,Oh iya? Penasaran gue argumen2 anti-Palestina netizen Indo gimana. Soalnya yg muncul di gue pada pro-Palestina semua dah.,0,0.024099,0,0,0.4,1,1,xlm-roberta-large
test,1426,"lalu kalo menurutku kita ga bisa benerbener tau kepribadian seseorang and what they're capable of hanya dari redditnya. kalo yang aktif mungkin sedikitsedikit kita bisa merasakan kepribadiannya; kaya kamu, kala, otome, tbp, blepadu, dst; tapi kalo ada silent reader/lurker gimana? putting personal info di dct berarti menerima risiko bahwa info tsb ga cuma dibaca sama yg aktif aja tp jg sama silent readers yang kita ga 'kenal'.",0,0.004746,0,0,0.4,1,1,xlm-roberta-large
test,1427,Mending mau jalan gapunya temen daripada mau jalan ga punya kaki,1,0.547343,1,1,0.4,1,1,xlm-roberta-large
test,1428,Kalo yg itu aku udah punya saran sendiri di comment atas.,0,0.00434,0,0,0.4,1,1,xlm-roberta-large
test,1429,"Aku cuma jualan barang seken sih one time doang. dan di rentang waktu kaya gini rasanya stress overthinking yg aneh-aneh, mikir ntar kena tipu lah atau dikomplain yg berlebihan lah dsb",0,0.005333,0,0,0.4,1,1,xlm-roberta-large
test,1430,"klo versi black berry nya, apus PP update status galaaw",0,0.07056,0,0,0.4,1,1,xlm-roberta-large
test,1431,yang penting kan ortu udah tau juga soal adanya kemungkinan untuk gagal,0,0.963196,1,1,0.4,0,0,xlm-roberta-large
test,1432,"Masalahnya ya ...., Tau sendiri lah.",0,0.08152,0,0,0.4,1,1,xlm-roberta-large
test,1433,"Herd immunity 17+ sudah tercapai, saatnya herd immunity 12-17",1,0.889048,1,1,0.4,1,1,xlm-roberta-large
test,1434,Edit: sorry salah. Ini Solomon kwkwkw. Joseph dulu pas digodain istri Potiphar masih pembantu kelas atas.,0,0.288419,0,0,0.4,1,1,xlm-roberta-large
test,1435,Ya harus tunjukkin keunggulan lu waktu main. Kalo gak dikasih main mending pindah komunitas aja wkwkk,0,0.299361,0,0,0.4,1,1,xlm-roberta-large
test,1436,pengrajin garam : STONKS,0,0.108048,0,0,0.4,1,1,xlm-roberta-large
test,1437,kamu aja yang bukan targetnya,1,0.788868,1,1,0.4,1,1,xlm-roberta-large
test,1438,lu mah jualnya SPPD ya bukan surat sehat?,1,0.23612,0,0,0.4,0,0,xlm-roberta-large
test,1439,waaah gpp pak masuk parpol bisa pake rotator di jalan,1,0.963403,1,1,0.4,1,1,xlm-roberta-large
test,1440,"Tentu saja Indomie, ngapain beli mi KW kalau bisa beli yang asli",1,0.964888,1,1,0.4,1,1,xlm-roberta-large
test,1441,"Liverpool Hungover sehabis menang gede. dari menang 7-0 lawan Setan merah, jadi kalah 1-0 lawan Bournemouth... kode kode kutukan 7 tahun Klopp emang keras. walaupun ga separah klopp pas waktu di Dortmund atau ngga di Mainz, tapi the reds balik lagi jadi team banter.",0,0.065905,0,0,0.4,1,1,xlm-roberta-large
test,1442,kalo di jogja udah jadi miliarder ini,1,0.6239,1,1,0.4,1,1,xlm-roberta-large
test,1443,link lagunya?,0,0.022846,0,0,0.4,1,1,xlm-roberta-large
test,1444,"rakyat gak mau berkorban lagi, harus pemerintah yg berkorban",1,0.962321,1,1,0.4,1,1,xlm-roberta-large
test,1445,"Untuk langkah awal bisa investasi, tentunya mesti start dari bikin akun dulu. Indo premier atau Mirae ok, banyak pilihan juga dari bank. Coba pelajarin reputasi dan fees-nya. Kalau punya akun di salah satu, biasanya udah ada akses untuk investasi di saham, reksadana.",0,0.003087,0,0,0.4,1,1,xlm-roberta-large
test,1446,"Kebanyakan omong kosong doang itu, gak perlu didengerin.",0,0.173708,0,0,0.4,1,1,xlm-roberta-large
test,1447,Kl di kampus gw ada namany kkn tematik dan kkn reguler. Kkn tematik biasa ada yg lokasi ny 10menit dari kampus jd gk perlu nginep. Tapi kl kkn reguler ya kayak biasa diadakan di rock bottom sana,0,0.003463,0,0,0.4,1,1,xlm-roberta-large
test,1448,"""suruh bawahan lah, bukan tugas kita""",1,0.387082,0,0,0.4,0,0,xlm-roberta-large
test,1449,sudah desperate ingin ngetod halal &amp; punya anak.,0,0.16872,0,0,0.4,1,1,xlm-roberta-large
test,1450,udah puas blom om ngata-ngatain kaum marjinalnya buat jadi justifikasinya? mumpung di reddit anon nih jadi bebas kan wkwkkwkw,1,0.961858,1,1,0.4,1,1,xlm-roberta-large
test,1451,"Kebiasaan aja mungkin, tepi tetap aja ada yg tegak",0,0.082549,0,0,0.4,1,1,xlm-roberta-large
test,1452,"buat gw yg workaholic, itu uda wew aja...",0,0.112991,0,0,0.4,1,1,xlm-roberta-large
test,1453,Masi mending jd rakyat bawah! Bayangin jd kelas menengah yg blm mampu sewa konsultan pajak buat taro duit di tax haven,1,0.939192,1,1,0.4,1,1,xlm-roberta-large
test,1454,Ditinggal 10 detik dah abis 😔,0,0.04904,0,0,0.4,1,1,xlm-roberta-large
test,1455,Gass. Jadiin hari ini,0,0.046681,0,0,0.4,1,1,xlm-roberta-large
test,1456,&gt;nyokap pagi2 udah argumen ama sepupu about agama buat kawinan,0,0.048182,0,0,0.4,1,1,xlm-roberta-large
test,1457,Ga milih,0,0.773323,1,1,0.4,0,0,xlm-roberta-large
test,1458,gw bisa sih kalo sekadar bawa santai di jalanan kampung tapi setelah gw coba bawa mobil di jkt gilaa beda banget kayanya butuh skill khusus buat bisa nyetir disini.,0,0.01685,0,0,0.4,1,1,xlm-roberta-large
test,1459,sumbernya bukan krakatau katanya? bingung gua,0,0.091463,0,0,0.4,1,1,xlm-roberta-large
test,1460,"2000an masih ada, gw inget baca2 Yellow Pages sama White Pages tahun 2008, daerah Jakarta. Seru nemuin pola nomer telpon di Jadetabek wkwk",0,0.005587,0,0,0.4,1,1,xlm-roberta-large
test,1461,Bisa kontak Truecaller lewat email ya minta request biar dihapus datanya? Soalnya hebat loh efeknya bisa bikin agen BIN keblown covernya.,1,0.126515,0,0,0.4,0,0,xlm-roberta-large
test,1462,Cowok yg ngomongin perasaannya itu banci,1,0.861363,1,1,0.4,1,1,xlm-roberta-large
test,1463,Ga pernah minum manis kecuali pas lagi kencan.,0,0.027403,0,0,0.4,1,1,xlm-roberta-large
test,1464,"ah, I've also got some ETH. ini juga gue bingung knp ga pump2 tp malah naik pelan-pelan",0,0.017746,0,0,0.4,1,1,xlm-roberta-large
test,1465,"BTW selaen di OMSCS bisa ambil di NUS jg, MComp-GT atau di Penn MCIT",0,0.010229,0,0,0.4,1,1,xlm-roberta-large
test,1466,"Ketika warga US kehilangan sumber utama meme mereka, kita nyambut lagi sosok meme-able yang sudah dirindukan 7 juta umat.",1,0.913792,1,1,0.4,1,1,xlm-roberta-large
test,1467,"&gt;kasihan pak jokowi kepala negara kita dan kepala pemerintahan kita, taruhan nyawa ke sana",0,0.343507,0,0,0.4,1,1,xlm-roberta-large
test,1468,"kalo jam pada ke facebook, IT related stuff pada ke telegram",0,0.032467,0,0,0.4,1,1,xlm-roberta-large
test,1469,Azab menggunakan ampli bukan kelas D,1,0.962953,1,1,0.4,1,1,xlm-roberta-large
test,1470,"artis kan bukan artist, seniman itu baru artist",1,0.954563,1,1,0.4,1,1,xlm-roberta-large
test,1471,Janitor di Google kayanya lebih kaya dari gue dah,0,0.258841,0,0,0.4,1,1,xlm-roberta-large
test,1472,"Pokoknya bukan sekedar liar, tapi tidak disosialisasikan. Ngelawan manusia ga tau diri juga harus sopan dan santun.",1,0.183447,0,0,0.4,0,0,xlm-roberta-large
test,1473,kalao anak pemiliknya yg arrowgun bisa-bisa dicoret dari kk ama ortunya.,0,0.105717,0,0,0.4,1,1,xlm-roberta-large
test,1474,[Siang ini Jaksel terik banget](<link>,0,0.008985,0,0,0.4,1,1,xlm-roberta-large
test,1475,"Karena Euro Zone gak ada batas negara, kalau sampai lewat akan menyebar ke semua negara EU. Tapi mereka udah terima nasib kok kalau pasti masuk.",0,0.013584,0,0,0.4,1,1,xlm-roberta-large
test,1476,Setelah afk dia on kembali hanya untuk ngeroasting,1,0.015694,0,0,0.4,0,0,xlm-roberta-large
test,1477,Verifikasi dengan selfie serta ktp? Sounds good,1,0.009161,0,0,0.4,0,0,xlm-roberta-large
test,1478,"IMO ya bomat, not my problem toh, selama nggak mengganggu pihak2 lain",0,0.162181,0,0,0.4,1,1,xlm-roberta-large
test,1479,Liburan keluar negeri tiap tahun misalnya,0,0.087408,0,0,0.4,1,1,xlm-roberta-large
test,1480,>!bagus ga mikir balikin..biar ga ada yg mikir pinjamin!<,1,0.963541,1,1,0.4,1,1,xlm-roberta-large
test,1481,"cari channel yg build things dari balok2 kayu mainan, susun2 puzzle, trus beliin mainan yg sama.",0,0.045226,0,0,0.4,1,1,xlm-roberta-large
test,1482,"Oh gitu, jadi cuma butuh gw buat nganterin doang…",0,0.664642,1,1,0.4,0,0,xlm-roberta-large
test,1483,Kalau habis kebakaran turun harganya,0,0.619104,1,1,0.4,0,0,xlm-roberta-large
test,1484,"Pov ny pemerintah aja ""bpjs harus profit"" wadefak man",0,0.914444,1,1,0.4,0,0,xlm-roberta-large
test,1485,Buset dah lu mau sharing video pake infra red? mp3 burik aja ntah kapan selesainya LMAO,0,0.062502,0,0,0.4,1,1,xlm-roberta-large
test,1486,Jadi lu udah 20 tahun ga makan kerang?,0,0.691471,1,1,0.4,0,0,xlm-roberta-large
test,1487,"Yee, harusnya khan selain biaya admin kaga ada pake gitu2an.",0,0.283682,0,0,0.4,1,1,xlm-roberta-large
test,1488,Kalau yang ngelempar Barakuda yang bawa official dan pemain Persebaya juga nih?,0,0.255901,0,0,0.4,1,1,xlm-roberta-large
test,1489,Makanya data pdp dibuka,0,0.435706,0,1,0.4,1,0,xlm-roberta-large
test,1490,Baru 20 kok teriak teriak? Di Palestina sana setiap hari anak kecil dibunuh kok diem?,1,0.964288,1,1,0.4,1,1,xlm-roberta-large
test,1491,"Definisi internal affairsnya juga gak jelas banget, udah jelas2 ada batas2 kedaulatan negara. Yekali diterobos gitu aja -,-",0,0.005469,0,0,0.4,1,1,xlm-roberta-large
test,1492,Jadi lu ga bisa bagus sendiri kalo tetangga lu penganut 'shabby dwelling'.,0,0.282988,0,0,0.4,1,1,xlm-roberta-large
test,1493,"Lah kan tujuannya buat setarup itu dapat funding, bukan profit. Mindset anda itu beda",1,0.963472,1,1,0.4,1,1,xlm-roberta-large
test,1494,u/asuransi ati2 croffle bang soalnya ada yang hobi majalah bobo a bit too much :p,1,0.048451,0,0,0.4,0,0,xlm-roberta-large
test,1495,"""Jangan buat kakakmu bete ini"" kenapa? Pasti ada trigger nya, entah OP (atau siapapun yg ada di sana) sebagai adik yang did something wrong, atau kakaknya yang memang temperamen atau simply was having a bad day.",0,0.011137,0,0,0.4,1,1,xlm-roberta-large
test,1496,"* Pendukung oposisi bakal makin ngrasa g berdaya, kalau udah frustasi bakal ngedukung solusi apapun selama mereka anggap bisa ngubah.",0,0.010735,0,0,0.4,1,1,xlm-roberta-large
test,1497,Opini berbeda2 saling menghargai. dari kubu LBTQ jangan terlalu berkampanye dan dari kubu yang tidak setuju jangan terlalu mengatur hidup orang. Respect goes both ways.,0,0.021045,0,0,0.4,1,1,xlm-roberta-large
test,1498,Wih keren merapi bisa keliatan sampe Surabaya,1,0.586168,1,1,0.4,1,1,xlm-roberta-large
test,1499,"Yang lainnya sih tentu saja ada Asus, Acer, MSI. Tapi saya kurang familiar dengan mereka. Acer ada Aspire, Spin, Swift; MSI ada Modern; Asus ada Everyday (E), Zenbook, dan Vivobook",0,0.003657,0,0,0.4,1,1,xlm-roberta-large
test,1500,"parameter ""paling"" nya itu suka ambigu menurut gw",0,0.007191,0,0,0.4,1,1,xlm-roberta-large
test,1501,"Kalau Euro juga melemah ke mata uang lain misalnya Euro melemah ke Rupiah, maka untuk beli resource dari Indonesia mereka perlu bayar lebih mahal.",0,0.200088,0,0,0.4,1,1,xlm-roberta-large
test,1502,The only inacuraccy dari peta ini adalah memasukkan wilayah Uni-Sunda-Galuh ke dalamnya ☝️😣 Putri Citraresmi tidak belapati demi hal semacam ini,1,0.187133,0,0,0.4,0,0,xlm-roberta-large
test,1503,Akhirnya gay marriage di Indonesia legal.,1,0.880026,1,1,0.4,1,1,xlm-roberta-large
test,1504,"Ga takut baret ya dinaekin kucing , dashboardnya bisa ada baretan kali.",0,0.168651,0,0,0.4,1,1,xlm-roberta-large
test,1505,*gimans sudah kaya sobat tanning setiap sore hari kamis depan istana negara belom?*,0,0.112795,0,0,0.4,1,1,xlm-roberta-large
test,1506,3 post terakhir di thread r4r tinggi2 semua euy,0,0.019513,0,0,0.4,1,1,xlm-roberta-large
test,1507,yaa palangkaraya kek kota dibuat oleh pemain awal tapi pake infinity money,0,0.244859,0,0,0.4,1,1,xlm-roberta-large
test,1508,"dia bukan bule, orang blgnya nigga",1,0.121581,0,0,0.4,0,0,xlm-roberta-large
test,1509,saya tidak setuju dengan poin nomor satu,0,0.072308,0,0,0.4,1,1,xlm-roberta-large
test,1510,Aduuuh kan mrk lagi pulihin diri dr covid ngerti dikitlah,1,0.962988,1,1,0.4,1,1,xlm-roberta-large
test,1511,Makanya di kremasi aja. Cuman ya masalah di energi yang dipake buat bakar.... Sigh. Mau mati aja susah banget aih...... Hidup susah mati pun repotin orang lain.,0,0.758868,1,1,0.4,0,0,xlm-roberta-large
test,1512,itu kabel lgsg nyambung ke listrik rumah kan? cb cek lg kondisi kabelnya.,0,0.089853,0,0,0.4,1,1,xlm-roberta-large
test,1513,"hmm kalo masih gak berubah2 juga susah sih, mau ga mau harus kompromi, entah dari dia maupun lu 😮‍💨 sorry can’t help much.",0,0.019457,0,0,0.4,1,1,xlm-roberta-large
test,1514,Gatau gw ga ngerti ginian lol. Gw asal beli telor sama orang yg jual di pinggiran,0,0.961534,1,1,0.4,0,0,xlm-roberta-large
test,1515,ga pernah kepikir bakal lihat kata - kata ini di sini wkwk.,0,0.035079,0,0,0.4,1,1,xlm-roberta-large
test,1516,Bisa juga HR-nya punya akal2an sendiri pas posting vacancy itu.,0,0.062962,0,0,0.4,1,1,xlm-roberta-large
test,1517,"kalopun mention dulu, biasanya diminta lanjut DM. yg pernah gw hub twitter mandiri, jenius &amp; cimb.",0,0.002323,0,0,0.4,1,1,xlm-roberta-large
test,1518,"Mungkin mobil yg bensinya pertalite juga harus ada sticker segede gaban MOBIL ORANG MISKIN biar khusus pertalite, yg non sticker ga boleh beli",0,0.807878,1,1,0.4,0,0,xlm-roberta-large
test,1519,Maksud ngana yang pilih dia lebih blunder lagi? Wah berani sekali anda.,0,0.95846,1,1,0.4,0,0,xlm-roberta-large
test,1520,"Yg kanan Veronika Koman, dia aktivis pro-separatis Papua. Yg kiri gatau",0,0.643371,1,1,0.4,0,0,xlm-roberta-large
test,1521,"Bisa jadi, trus keinget dulu pas merhatiin malah kepikiran tadi pagi si dosen nyiapin sarapannya gimana lol",0,0.020023,0,0,0.4,1,1,xlm-roberta-large
test,1522,Yakin perempuan boleh sekolah? Kan ngapain sekolah tinggi2 kalau akhirnya jadi ibu rumah tangga,1,0.963643,1,1,0.4,1,1,xlm-roberta-large
test,1523,P tentunya. T siapa ya?,0,0.578746,1,1,0.4,0,0,xlm-roberta-large
test,1524,Sekarang gw malah khawatir sama ibukota baru. Kasian banget bakal diinvasi orang2 gila dari Jabodetabek.,0,0.155655,0,0,0.4,1,1,xlm-roberta-large
test,1525,Bukannya prabowo slekan ma cendana? Kan dia cerai ma istrinya yang dulu setau gua,0,0.240418,0,0,0.4,1,1,xlm-roberta-large
test,1526,"""Attamimi"" tuh nama marga atau apa sih? Kenapa kenalan gw yg cewe &amp; cowo yg punya nama belakang Attamimi itu cakep2 semua arrgghh.",0,0.07056,0,0,0.4,1,1,xlm-roberta-large
test,1527,Itu OKNUM..,1,0.901053,1,1,0.4,1,1,xlm-roberta-large
test,1528,Bah... Derajat kerennya naik nih... Biasa yg kreatif gini level guru2,0,0.962953,1,1,0.4,0,0,xlm-roberta-large
test,1529,"Sbenernya hak miranda itu harus di sebutkan oleh smeua polisi di dunia, apa cuma di amerika doang?",0,0.051893,0,0,0.4,1,1,xlm-roberta-large
test,1530,Digertak negara suruh buat lulusan bermutu mampu mengejar ketertinggalan,1,0.964456,1,1,0.4,1,1,xlm-roberta-large
test,1531,"Breaking news: Gagal berantas prostitusi, kini andre rosiadi akan ungkap ~~komunistas~~ komunitas online tempat LGBT mangkal dan melakukan kemaksiatan.",1,0.585723,1,1,0.4,1,1,xlm-roberta-large
test,1532,otak kau kurang cina,1,0.888662,1,1,0.4,1,1,xlm-roberta-large
test,1533,"In a serious note, mungkinkah dipisah biar ide-ide kkb gk nyebar ke wilayah lain? Makin pecah makin susah nyatunya gitu",0,0.090816,0,0,0.4,1,1,xlm-roberta-large
test,1534,"Kita emang mau bersaing dgn brand impor, mknya klo produksi di dlm negeri memungkinkan pasti harga lbh rendah (idealnya). Tp pertanyaannya, gmn ketertarikan customer dgn merk lokal? Mereka peduli ga klo dr pengalaman km? (Merk luar mungkin lbh bergengsi, dsb)",0,0.002993,0,0,0.4,1,1,xlm-roberta-large
test,1535,"Errr idk? Gue gak pernah lewat clit sih, jadi harus penetrasi.",0,0.067424,0,0,0.4,1,1,xlm-roberta-large
test,1536,Sony bravia di rumah gw ada yg kira2 5 taun mati. Padahal 1 lg bravia lebih tua lagi masih aman. Hoki2an kayanya huft,0,0.037821,0,0,0.4,1,1,xlm-roberta-large
test,1537,"asli ini kalo gua jaman SMP-SMA udah ada begini, gak perlu ikut primagama kali. atau beli buku2 diktat sampe lebih dari 1 penerbit.",0,0.012171,0,0,0.4,1,1,xlm-roberta-large
test,1538,"Kayak PKI aja, mengusulkan sipil angkat senjata",1,0.819171,1,1,0.4,1,1,xlm-roberta-large
test,1539,vaksinnya ada chip ga? halal ga? ntar mengandung babi lg...ayam nya jd haram...,1,0.877791,1,1,0.4,1,1,xlm-roberta-large
test,1540,Tujuan pemakaiannya apa?,0,0.018689,0,0,0.4,1,1,xlm-roberta-large
test,1541,"Emang turis dikasih harganya beda sih ya, gue jadi ingat kawan gue waktu kuliah orang Bali tukang bokis, gue bilang nama gue memang mirip turis tapi bukan berarti bisa dibohongi kayak mereka bro.",0,0.051702,0,0,0.4,1,1,xlm-roberta-large
test,1542,Looking nice! Seberapa jauh bisa edit visual pake itu? Dalam kata lain kalo pake QGIS seberapa jauh bisa styling petanya sebelum step final render di program image editing?,0,0.014532,0,0,0.4,1,1,xlm-roberta-large
test,1543,"Baru 1 hari, sabaaaar. Biasanya HR buka lowongan minimal 2 minggu buat ngumpulin resume setumpuk. Biar sekalian gitu dibuangnya",1,0.136091,0,0,0.4,0,0,xlm-roberta-large
test,1544,"bangke, jejak korupsi, tengahnya ga ada besi beton",0,0.930458,1,1,0.4,0,0,xlm-roberta-large
test,1545,"No, thanks. Saya pilih presiden, bukan petugas partai",0,0.743797,1,1,0.4,0,0,xlm-roberta-large
test,1546,Indikator buat naikin level PPKM kan ada 3...,0,0.291687,0,0,0.4,1,1,xlm-roberta-large
test,1547,"Dan gw sebenernya kalo bisa milih pun mending 90hz sih, balanced battery life dan fluidity. Tapi kalo perang spek ya kalah sama 120hz.",0,0.003004,0,0,0.4,1,1,xlm-roberta-large
test,1548,"Kalo gk bisa lihat tingkat kegantengan seseorang, kita gak bisa membuli yang jelek",1,0.963712,1,1,0.4,1,1,xlm-roberta-large
test,1549,class 0 message dari telkomsel,0,0.099034,0,0,0.4,1,1,xlm-roberta-large
test,1550,"Sampai semua orang nyadar software nya masih banyak bug dan hal yang seharusnya kena permaban masih dibolehkan, Masssa update terakhir masih memperbolehkan pedofilia dan perbudakan, belum lagi bug di environment yang membuat orang yang seharusnya mati tetap menghantui beberapa tempat. Belum lagi software manual nya yang benar hanya dalam satu bahasa yang hanya bisa dibaca dan dimengerti oleh 5% manusia di bumi.",0,0.105763,0,0,0.4,1,1,xlm-roberta-large
test,1551,"beuh.. gw ga setuju, di mana2 orang imigrasi selalu ketus. ga di indonesia doang, gw juga mau ke EU ketus banget orang2 imigrasinya.",0,0.006693,0,0,0.4,1,1,xlm-roberta-large
test,1552,Enak banget yg punya Indo.,0,0.08292,0,0,0.4,1,1,xlm-roberta-large
test,1553,"Espektasi saya itu mereka jualan pangkat. ""saya itu _____ nanti saya laporkan kau biar dipecat""",1,0.177169,0,0,0.4,0,0,xlm-roberta-large
test,1554,"ini daerah kosan gw, dan emang tiap ramadhan tuh bener2 rame bgt sampe orang jalan kaki aja susah loh lewatnya. tapj ya ganyangka aja masa lagi pandemi gini masih rame sih:(",0,0.008847,0,0,0.4,1,1,xlm-roberta-large
test,1555,Sori kelupaan pake tanda,1,0.960621,1,1,0.4,1,1,xlm-roberta-large
test,1556,Ganti phalus aja. Sama2 disebut burung tapi bentuknya lebih simpel.,0,0.046638,0,0,0.4,1,1,xlm-roberta-large
test,1557,"gak cukup buat bayar cicilan motor xmax mas, belum ini ada pei leter-pei leter",1,0.668258,1,1,0.4,1,1,xlm-roberta-large
test,1558,"Wow, sangat progresif, sekarang JAV disiarkan di TV!",1,0.962143,1,1,0.4,1,1,xlm-roberta-large
test,1559,"Reddit lama2 makin bikin gue muak. Sebenernya websitenya gak terlalu masalah, tapi yang make itu lohh... Kadang kurang waras. Kemaren aja delete app reddit. Walaupun akhirnya install lagi karena gak ada lagi website lain seperti reddit di internet.",0,0.012384,0,0,0.4,1,1,xlm-roberta-large
test,1560,"Balik lagi, lu kuat nunggu berapa lama buat dapet warisan dari mertua lu?",1,0.120853,0,0,0.4,0,0,xlm-roberta-large
test,1561,"& are u interested in doing couch to 5k? Lari sih, so good for ur cardio, tapi ada hari buat cross-training juga (angkat beban) bisa liat di r/fitness wiki banyak pilihan workout routine, tergantung ketersediaan alat & alokasi waktu per minggu.",0,0.002924,0,0,0.4,1,1,xlm-roberta-large
test,1562,"Ternyata memang banyak yang masih menganggap ""redpill"" = argumen kontrarian. Harus nonton The Matrix dulu kali ya, bos.",0,0.789802,1,1,0.4,0,0,xlm-roberta-large
test,1563,"Kalo gitu, jual aja ke TNI luar negeri",1,0.963472,1,1,0.4,1,1,xlm-roberta-large
test,1564,"Tpi semoga aja BPJS ga dihilangkan ya, karena saya berguna.",0,0.113481,0,0,0.4,1,1,xlm-roberta-large
test,1565,"gw ngerasa pengen upgrade gpu komputer ke rtx3060ti ato rx6600xt, tapi keliatanya belum butuh",0,0.031919,0,0,0.4,1,1,xlm-roberta-large
test,1566,Gue masih inget kata-kata dia...,0,0.024964,0,0,0.4,1,1,xlm-roberta-large
test,1567,"Gini lho, pertama2, ini mekanisme fixnya aja belum jadi, nanti persentase cukainya berapa dan bakal dialokasikan ke kemenkes berapa, tapi anda lgsg negative thinking percaya bahwa gaakan mungkin bisa berefek ke kesmas. Padahal di jurnal2 itu udh dijelaskan GIMANA pajak ini bisa berefek ke kesmas, kok rasanya argumentasi2 di jurnal2 yg saya lampirkan itu ga ada nilainya gitu lho.....ini bukan hanya terkait ""duit lebih yg didapat dari pajak dikemanain."" Tapi efek yg lebih penting adalah ""berapa banyak orang GA JADI BELI MINUMAN MANIS gara2 dipajakin."" Dan utk hal pengurangan itu ADA CONTOH PENELITIANNYA yg saya lampirkan. Malah efek ke kesmasnya utamanya dari penurunan pembelian minuman manis itu",0,0.003751,0,0,0.4,1,1,xlm-roberta-large
test,1568,coba dimulai dari beli pajero dulu,1,0.734857,1,1,0.4,1,1,xlm-roberta-large
test,1569,Wah saya udah ngerasa terwakilkan bahwa udah banyak ngeliat mobil EV yang lalu lalang di daerah saya,1,0.959001,1,1,0.4,1,1,xlm-roberta-large
test,1570,"bila aku diare, ibu slalu waspada",0,0.039975,0,0,0.4,1,1,xlm-roberta-large
test,1571,Sooo.... Gua kira fokusnya itu di jarak &amp; durasi.,0,0.125708,0,0,0.4,1,1,xlm-roberta-large
test,1572,"loh, dia kan buat rules karena kesel liat anaknya di rumah ""bangun setengah tujuh mulu lo, gw set jam 5 dah biar lo bangun pagi.""",1,0.179746,0,0,0.4,0,0,xlm-roberta-large
test,1573,Masih ada dong... [Esemka kan buatan Negeri harus di dukung ](<link>,1,0.963746,1,1,0.4,1,1,xlm-roberta-large
test,1574,Mba nya ga diblur? Eh itu unj ya.,1,0.159152,0,0,0.4,0,0,xlm-roberta-large
test,1575,Ketentuan PSBB ketatnya ga ditulis. Kalo emang cuma WFO 25% sama mall tutup jam 7 ya sama aja kaya peraturan menkes,0,0.002736,0,0,0.4,1,1,xlm-roberta-large
test,1576,Sstttt biar 5 thn lagi bisa bikin proyek bongkaran + rehab... ganggu lahan orang aja,1,0.913715,1,1,0.4,1,1,xlm-roberta-large
test,1577,"Coba cek di website tim pemenang dia waktu pilkada, ada gak ditulis begitu?",0,0.094594,0,0,0.4,1,1,xlm-roberta-large
test,1578,"i chose the latter, gw lebih milih ngorbanin hobi (well, i'm not a big spender, cmn topup Battle Pass Genshin doang) drpd bikin susah semua rakyat Indonesia",0,0.493958,0,1,0.4,1,0,xlm-roberta-large
test,1579,"sudah diteruji di IPB dan ITB, saya jadi yakin",1,0.931088,1,1,0.4,1,1,xlm-roberta-large
test,1580,Bayangin aja wafer rasa oreo,0,0.073231,0,0,0.4,1,1,xlm-roberta-large
test,1581,"- Indonesia harus berani cabut dr SEMUA perjanjian HAM PBB karena perjanjian HAM PBB tafsirannya pake tafsiran PBB, bukan Pancasila.",0,0.021969,0,0,0.4,1,1,xlm-roberta-large
test,1582,emang rada susah sih bilangin orang yg percaya takhayul,0,0.1602,0,0,0.4,1,1,xlm-roberta-large
test,1583,Ke pendetanya minta paket lengkap aja,0,0.960805,1,1,0.4,0,0,xlm-roberta-large
test,1584,"Engga kok, ini pak luhut lagi iseng aja liat reaksi publik kek gimana",0,0.338077,0,0,0.4,1,1,xlm-roberta-large
test,1585,"- Sewa tempat parkir gak dibolehin yang jangka pendek (parkir koin, parkir per-jam-an, dll). Harus yang emang designated dan deal sewanya kudu **minimal** sekian bulan atau tahun dan dibayar di muka, dengan wajib ada yang punya space/usahanya penjamin dari pihak pengaju (3 pihak jadinya, lu + yang ngejamin lu + yang punya space). Kalau ada apa-apa bahkan oleh satu pihak doang, 3 ini kena masalah semua termasuk denda dll.",0,0.003069,0,0,0.4,1,1,xlm-roberta-large
test,1586,"Makasi sis. Udah abis kok punyaku. Oia, isomannya udh selesai?",0,0.097219,0,0,0.4,1,1,xlm-roberta-large
test,1587,"nah iya, tapi city lupa beli wasit jadinya kalah haha, minta perpendek waktu extra time",1,0.055618,0,0,0.4,0,0,xlm-roberta-large
test,1588,"Ya nggak mungkin. Khan kaumnya sendiri. Maling diciduk maling dan yang nentuin hukumannya juga maling. Mau segede apapun public pressure untuk hukuman mati, nggak mungkin akan sampai kesitu. By default gw yakin usaha mereka adalah untuk hukuman seringan2nya baik untuk vonis awal maupun buat kenyataan penjalanan hukuman nanti2nya.",0,0.03207,0,0,0.4,1,1,xlm-roberta-large
test,1589,bukan nya mereka bisa dapat profesi itu karena mereka sudah mendalami dan dipercaya paham dengan agama mereka masing2 terlebih dahulu sebelum bisa dapat posisi tersebut?,0,0.316607,0,0,0.4,1,1,xlm-roberta-large
test,1590,"&gt;""Makanya saya tak jadi Presiden Rusia,"" jelasnya.",0,0.207375,0,0,0.4,1,1,xlm-roberta-large
test,1591,"Jejak ""perempuan tangguh"" inilah yang disembunyikan sama fundies. Perempuan dianggap lemah lembut, butuh laki-laki, harusnya di rumah aja, dsb-dsb-dsb. Padahal gue percaya bhw hadits yang menyuruh perempuan di rumah aja itu harus disesuaikan dengan konteks zaman.",0,0.036391,0,0,0.4,1,1,xlm-roberta-large
test,1592,"birokrasi bangke, format nomor surat untuk pengajuan penambahan item proyek gak ada, minta ke wilayah lain takutnya itu nomor gak bisa dipake, yg pusat juga gak ngasih ketegasan.",0,0.0052,0,0,0.4,1,1,xlm-roberta-large
test,1593,Bukannya itu kolam renang di ancol ya?,0,0.197677,0,0,0.4,1,1,xlm-roberta-large
test,1594,"Nijika adalah sejarah, Nijika adalah masa kini, Nijika adalah masa depan.",0,0.282097,0,0,0.4,1,1,xlm-roberta-large
test,1595,P. Uriurilempuang,0,0.04778,0,0,0.4,1,1,xlm-roberta-large
test,1596,dari klub:,0,0.005544,0,0,0.4,1,1,xlm-roberta-large
test,1597,Harus ada pejabat yang video bokepnya kesebar terus - terusan selama setahun di segala sosmed baru gerak. Kalo gak ya blokir - blokir gajelas.,0,0.212069,0,0,0.4,1,1,xlm-roberta-large
test,1598,"Kenapa seminggu terakhir ini kayaknya fastfood macem mcd, kfc ama BK gak ada promo sama sekali?",0,0.017309,0,0,0.4,1,1,xlm-roberta-large
test,1599,"Ya untuk memerintah lah, enak aja mereka kalau sampai kerja",1,0.963057,1,1,0.4,1,1,xlm-roberta-large
test,1600,Iya deh yang paling positive thinking,0,0.962883,1,1,0.4,0,0,xlm-roberta-large
test,1601,"bisa sih, bikin hay dibentuk kue 😋",0,0.043366,0,0,0.4,1,1,xlm-roberta-large
test,1602,Biasanya saya beli yang ga ada mereknya (dari peternak sapi perah lokal).,0,0.006205,0,0,0.4,1,1,xlm-roberta-large
test,1603,Asuransi dan investasi kalo digabungin emang predatory hasilnya jadi ginian.,0,0.44977,0,1,0.4,1,0,xlm-roberta-large
test,1604,Cafe daerah mana? Sini gw aja yang deketin,0,0.005501,0,0,0.4,1,1,xlm-roberta-large
test,1605,Iya FPI ini kafeernya,1,0.963678,1,1,0.4,1,1,xlm-roberta-large
test,1606,Bisa tolong saya diterangkan,0,0.13023,0,0,0.4,1,1,xlm-roberta-large
test,1607,Semoga dipenjara nanti beliau mendapat 'kasih sayang yang sesuai' dari Napi lain.,0,0.786418,1,1,0.4,0,0,xlm-roberta-large
test,1608,Kaga lha. Pake puntungnya.,0,0.538983,1,1,0.4,0,0,xlm-roberta-large
test,1609,ya kan perlu d ancem biar sukur2 dapet tax money...,0,0.962813,1,1,0.4,0,0,xlm-roberta-large
test,1610,Wah ini professional contributor dari forum binor lovers,0,0.96378,1,1,0.4,0,0,xlm-roberta-large
test,1611,kalo kotaknya ga pindah-pindah sih bisa wkwk,0,0.105303,0,0,0.4,1,1,xlm-roberta-large
test,1612,"Itu kan preferensi kamu, tidak salah",0,0.958577,1,1,0.4,0,0,xlm-roberta-large
test,1613,Hebat juga ngehamilin satu angkatan,1,0.834946,1,1,0.4,1,1,xlm-roberta-large
test,1614,"2. Fokus pengajaran ke passive english, bukan active english, jadinya cuma bisa baca doang tapi saat speaking nggak lancar.",0,0.024845,0,0,0.4,1,1,xlm-roberta-large
test,1615,"dah hari rabu, baru kerja 5 jam doank -\_-",0,0.014504,0,0,0.4,1,1,xlm-roberta-large
test,1616,ternyata ada juga DLC covid buat bulan juni,1,0.820649,1,1,0.4,1,1,xlm-roberta-large
test,1617,Bukan itu maksudnya. Gw posting ini utk mau tau pendapat kalian soal postingan polri ini apa. Lu ud baca blm? Pendapat lu gmn? Ud gt aja yg gw mau tau,0,0.006603,0,0,0.4,1,1,xlm-roberta-large
test,1618,"Supaya rodanya nggak selip, mesti angkut penumpang seperti kondisi commuter line di jaman sebelum jonan, supaya rodanya nggak selip pas tanjakan.",1,0.801936,1,1,0.4,1,1,xlm-roberta-large
test,1619,"Dulu sebelum tidur pasti berusaha buat baca semua komen di DCT/WCT, tapi sekarang sekarang udah ga kekejer lagi euy haha.",0,0.002929,0,0,0.4,1,1,xlm-roberta-large
test,1620,&gt;bahkan CA: Winter Soldier yang berantemnya hand to hand aja masih lebih bagus.,0,0.046163,0,0,0.4,1,1,xlm-roberta-large
test,1621,"Ga mungkin bisa BPOM nge-audit tiap batch, akan menyita terlalu banyak waktu dan uang.",0,0.262936,0,0,0.4,1,1,xlm-roberta-large
test,1622,"bukan ketiduran, itu sedang perawatan karena lelah standby terus",1,0.240239,0,0,0.4,0,0,xlm-roberta-large
test,1623,Jangan lupa ada grammarly juga,0,0.66166,1,1,0.4,0,0,xlm-roberta-large
test,1624,Ini memang kebiasaan paling parah sih tololnya memang dari lahir. Ciri2 masyarakat uncivilized.,0,0.236164,0,0,0.4,1,1,xlm-roberta-large
test,1625,"Beda dengan Salafi/Wahabi, paling bawa Qur'an hadits tapi ditafsirkan sendiri, kadang cuma modal terjemah, terus fanatik seolah pendapatnya yang paling benar. Sering nemu yang kayak gini.",0,0.00337,0,0,0.4,1,1,xlm-roberta-large
test,1626,Bagaimana bisa jawaban saya disebar di forum dengan 100 ribu pengikut,1,0.936749,1,1,0.4,1,1,xlm-roberta-large
test,1627,"Sekitaran Perth, datang aja sini ntar rakab bareng kakak BNN",0,0.078501,0,0,0.4,1,1,xlm-roberta-large
test,1628,"Ngelanjutin yang kemarin, Mari ngobrol masalah, tips & trick dan pengalaman (bagi yang berpengalaman di kitchen professional)",0,0.003824,0,0,0.4,1,1,xlm-roberta-large
test,1629,masih kalem kok tapi suka muncul juga tuh di DCT HAHA ;),0,0.008,0,0,0.4,1,1,xlm-roberta-large
test,1630,Nah ini gw suka wkwk,0,0.048722,0,0,0.4,1,1,xlm-roberta-large
test,1631,Colokin ke rumah tetangga kompressornya,1,0.097907,0,0,0.4,0,0,xlm-roberta-large
test,1632,"perut mules dan diare ringan, apa aku salah makan ya semalem? 😢😢 mana ga bisa tidur nyenyak, sekarang masih aja mules dan diare ringan, hiks.",0,0.004992,0,0,0.4,1,1,xlm-roberta-large
test,1633,"Dulu di Alfa ada kerupuk keong kecil kecil yg pedes asin, micin banget deh. Sekarang sudah tidak ada. Hiks.",0,0.003795,0,0,0.4,1,1,xlm-roberta-large
test,1634,Ditinggal kawin lagi,0,0.962568,1,1,0.4,0,0,xlm-roberta-large
test,1635,Gpp lah negara barat juga pada demo israel palestina kebal covid aman aman,1,0.963814,1,1,0.4,1,1,xlm-roberta-large
test,1636,"Share dikit aja, bukan gue, temen sekantor dulu. Beli rumah subsidi di daerah babelan juga, sekitar tahun 2010an. harga rumah sekitar 40-60jtan lupa tepatnya berapa, beli cash uang bonus.",0,0.003629,0,0,0.4,1,1,xlm-roberta-large
test,1637,Tapi kalo untuk 1 pulau jawa bakal balik modal. Karena supplai chain pasti ke bantu,0,0.277816,0,0,0.4,1,1,xlm-roberta-large
test,1638,gw jadi mikir2 ini alt siapa hmm,0,0.174481,0,0,0.4,1,1,xlm-roberta-large
test,1639,"agar lebih mudah dibaca, nulisnya pakai huruf gedrik aja",0,0.707809,1,1,0.4,0,0,xlm-roberta-large
test,1640,One Piece Odyysey ada bahasa indo (tapi rada kaku),0,0.051272,0,0,0.4,1,1,xlm-roberta-large
test,1641,Nyokap gw kerja 9 to 5 itu pun sebagian gajinya masih buat bayar cicilannya bokap.,0,0.027822,0,0,0.4,1,1,xlm-roberta-large
test,1642,Ternyata gua rajin pake seatbelt bukan karena alasan keamanan,0,0.917414,1,1,0.4,0,0,xlm-roberta-large
test,1643,Hampir mau kasih upvote,0,0.39536,0,0,0.4,1,1,xlm-roberta-large
test,1644,bantu kk inos beli r25 impiannya,1,0.768603,1,1,0.4,1,1,xlm-roberta-large
test,1645,+- sampe article berikutnya,1,0.07843,0,0,0.4,0,0,xlm-roberta-large
test,1646,"Tapi kek hukum kebanyakan, hukum sosial cenderung tajam ke bawah. Anak kyai cabulin santriwati juga tetep dipandang anak kyai. Kacau 😭",0,0.0301,0,0,0.4,1,1,xlm-roberta-large
test,1647,"Tapi kebanyakan orang khan ga sadar / ga tau kalo ada Murba, Chairul Saleh, Sukarni, Adam Malik yang berhaluan komunis, karena sama Orba di tutupi dengan narasi komunis = PKI. Semaun juga lolos dari cleansing karena sudah di luar PKI sejak lama.",0,0.522872,1,1,0.4,0,0,xlm-roberta-large
test,1648,Kalau orang tua kamu “islam taat banget gokil coy”,0,0.542076,1,1,0.4,0,0,xlm-roberta-large
test,1649,"rakyat dihasut, dikompor-kompori utk memusuhi/memerangi/mendiskriminasi yg bukan nasionalnya dia",0,0.155206,0,0,0.4,1,1,xlm-roberta-large
test,1650,"Ya, untuk akta kematian nya silahkan ke Dindukcapil atau kecamatan, sekarang theoretically udah gak perlu legalisir karena udah QR code",0,0.005011,0,0,0.4,1,1,xlm-roberta-large
test,1651,"Pedal gitar baru enak juga ternyata, bener yang di video-video testing sama komparasi.",0,0.006577,0,0,0.4,1,1,xlm-roberta-large
test,1652,Kurir sepeda gajinya berapa ya? Tertarik buat join kalo udah pindah ke Bandung,0,0.046077,0,0,0.4,1,1,xlm-roberta-large
test,1653,Mie gelas gk usah jadi 45rb sebulan atau ganti sama roti lagi jd 60rb sebulan,0,0.156362,0,0,0.4,1,1,xlm-roberta-large
test,1654,"u/ndptra Minta KPI Stop Aziz Gagap dari Acara TV, Sebut Terlalu Menikmati Status Gagapnya",0,0.794106,1,1,0.4,0,0,xlm-roberta-large
test,1655,Memang betul sih bisa nge screenshot make cara ini,0,0.056288,0,0,0.4,1,1,xlm-roberta-large
test,1656,"Itu orng yang bawa tas bombnya, kemana juga",0,0.504944,1,1,0.4,0,0,xlm-roberta-large
test,1657,Bukan. Ini ulah seluruh muslim innocent,1,0.96225,1,1,0.4,1,1,xlm-roberta-large
test,1658,"ironisnya generasi penerus mahasiswa cuman jadi tukang demo dan pencetak ijazah, karya ilmiah dari Universitas di Indonesia kebanyakan jiplakan teknologi luar ga ada RnD sendiri tapi sering melabeli dengan kalimat Karya Anak bangsa",0,0.197444,0,0,0.4,1,1,xlm-roberta-large
test,1659,Bid'ah apa lagi ini? Ada pilihan shalat dhuhur di rumah malah bikin tata cara ibadah lain,1,0.963437,1,1,0.4,1,1,xlm-roberta-large
test,1660,+2 triliun budget,0,0.831383,1,1,0.4,0,0,xlm-roberta-large
test,1661,350 perak per berapa karakter gitu. Belakangan esia ada 1 rupiah per karakter,0,0.805058,1,1,0.4,0,0,xlm-roberta-large
test,1662,"idealnya memang begitu, tapi realita-nya sulit untuk diterapkan",0,0.013248,0,0,0.4,1,1,xlm-roberta-large
test,1663,Fix gua beli buat olahraga++,0,0.040087,0,0,0.4,1,1,xlm-roberta-large
test,1664,apa maksudnya masker palsu? bukan masker tapi kain bertali? kenapa gak gerebek yang reuse masker bekas itu aja?,0,0.241445,0,0,0.4,1,1,xlm-roberta-large
test,1665,Berarti makin dimudahkan jalan ke surganya bagi mereka,1,0.963403,1,1,0.4,1,1,xlm-roberta-large
test,1666,e-KTP adalah Ganjar Pranowo.,0,0.840062,1,1,0.4,0,0,xlm-roberta-large
test,1667,Beli motor baru,1,0.45535,0,1,0.4,0,1,xlm-roberta-large
test,1668,negara asean lain kayak Malaysia atau Thailand udah sibuk dengan ancang2 gimana biar klub bisa konsisten masuk Asian Champions League,0,0.172729,0,0,0.4,1,1,xlm-roberta-large
test,1669,"Wah biadab bener tuh suami lu, bisa2nya ngehamili anak orang, gak bener nih",1,0.962638,1,1,0.4,1,1,xlm-roberta-large
test,1670,&gt;ada rasa percaya ama pemerintah,0,0.050191,0,0,0.4,1,1,xlm-roberta-large
test,1671,gw di pekanbaru ada spot2 yang terkenal buat tongkrongan waria buat cari pelanggan. orang udah pada tau semua,0,0.073563,0,0,0.4,1,1,xlm-roberta-large
test,1672,Mau dipatahin lehernya dek?,1,0.797083,1,1,0.4,1,1,xlm-roberta-large
test,1673,Karena itu tidak sesuai dengan budaya Indonesia,1,0.963506,1,1,0.4,1,1,xlm-roberta-large
test,1674,"tapi cities skylines udah mulai berat semenjak banyak dlc yg rilis, apalagi kalo ditambah mod.",0,0.010408,0,0,0.4,1,1,xlm-roberta-large
test,1675,Judul nya kena,0,0.520161,1,1,0.4,0,0,xlm-roberta-large
test,1676,"Siomay Bandung, yang jualan asli orang Bandung 😇",0,0.030705,0,0,0.4,1,1,xlm-roberta-large
test,1677,budaya harus diwariskan ke generasi seterusnya,1,0.553143,1,1,0.4,1,1,xlm-roberta-large
test,1678,Salahin pemerintah karena buat kesehatan kok harus bayar! Padahal ini menyangkut nyawa!!!,1,0.962743,1,1,0.4,1,1,xlm-roberta-large
test,1679,Wtf😱😱harga rupiah menurun💢💢🤬ini gimana sih pemerintah gak kerja benernya🗣️🗣️💢😡,1,0.963678,1,1,0.4,1,1,xlm-roberta-large
test,1680,"""Pak Boss Pak Boss, Paijo tadi gini, Paijo ngerjain ini terus Paijo ketemu kesulitan disini, terus Paijo minta bantuan sama admin akhirnya Paijo bisa hihi""",0,0.054149,0,0,0.4,1,1,xlm-roberta-large
test,1681,"karena masyakarat lagi mabok babi guling,",0,0.963506,1,1,0.4,0,0,xlm-roberta-large
test,1682,Ga temen sih. Cuma mungkin kenalan yang kayak gitu.,0,0.005911,0,0,0.4,1,1,xlm-roberta-large
test,1683,"Jaga makan ngab, jgn pancing lagi 😡😠😡",0,0.077588,0,0,0.4,1,1,xlm-roberta-large
test,1684,Coba juga dipertimbangkan media lain untuk memperkuat mental diri dengan cara memanfaatkan:,0,0.089853,0,0,0.4,1,1,xlm-roberta-large
test,1685,"Ide kado yang bagus untuk bapak-bapak tech savvy dan IT person, umur pertengahan 50 dan redditor apa ya?",0,0.101233,0,0,0.4,1,1,xlm-roberta-large
test,1686,Dulu waktu masih bocah gw sering ngikitin bursa musik indonesia di antv,0,0.083665,0,0,0.4,1,1,xlm-roberta-large
test,1687,Artistnya manusia lemah,0,0.884339,1,1,0.4,0,0,xlm-roberta-large
test,1688,mereka pelajaran sejarah sama budaya dulu waktu sekolah nilai nembak nih.,1,0.166337,0,0,0.4,0,0,xlm-roberta-large
test,1689,1 bulan kemudian rapid test uda negatif,0,0.044225,0,0,0.4,1,1,xlm-roberta-large
test,1690,wong make vpn juga cuman buat nembus [jav.guru](<link> sama [7mmtv.tv](<link> aja,1,0.033149,0,0,0.4,0,0,xlm-roberta-large
test,1691,"ini mungkin tebakan saya, fanboy anies mungkin malu mengakui kalau pujaannya gak bisa kerja",0,0.916857,1,1,0.4,0,0,xlm-roberta-large
test,1692,"Tetep aja referendum Skotlandia legitimate di mata dunia. Kalo seandainya Skotlandia ada kelompok kek KKB maka Inggris bisa basmi full, karna kelompok itu fix tidak mewakili suara rakyat.",0,0.125923,0,0,0.4,1,1,xlm-roberta-large
test,1693,Dengan bambu runcing yg efektif melawan penjajah bersenpi,1,0.963022,1,1,0.4,1,1,xlm-roberta-large
test,1694,Nah terkait dengan apa yang kamu lakukan saya pikir sih kamu mesti men-tackle 4 pertanyaan terlebih dahulu,0,0.009055,0,0,0.4,1,1,xlm-roberta-large
test,1695,"Di jakarta bukannya gaada rumah sakit ya, adanya rumah sehat",1,0.828939,1,1,0.4,1,1,xlm-roberta-large
test,1696,"Kamu mau bersama meruntuhkan rezim, tidak?",1,0.963403,1,1,0.4,1,1,xlm-roberta-large
test,1697,"Twig house, di tokopedia udah jualan, liat katalog di instagram, tapi paling enak dateng langsung ke sana.",0,0.002924,0,0,0.4,1,1,xlm-roberta-large
test,1698,Edit: ternyata yang megang itu MNC Group as a whole,0,0.559982,1,1,0.4,0,0,xlm-roberta-large
test,1699,Untung sudah nimbun sampai 2040 buat beberapa kartu.,0,0.014871,0,0,0.4,1,1,xlm-roberta-large
test,1700,ini bragging kan ya.,0,0.807992,1,1,0.4,0,0,xlm-roberta-large
test,1701,Lah sekelas Dorce aja bangkrut kabarnya,0,0.684554,1,1,0.4,0,0,xlm-roberta-large
test,1702,Selisih satu doang ga ngaruh banyak bang,0,0.202601,0,0,0.4,1,1,xlm-roberta-large
test,1703,Coba dikasih nominalnya.,0,0.114963,0,0,0.4,1,1,xlm-roberta-large
test,1704,"Oke, mie instant richeese adalah salah satu mie instant yang paling engga enak yang pernah gw coba.",0,0.005523,0,0,0.4,1,1,xlm-roberta-large
test,1705,Seakan2 mengabulkan doa para orang2 dodol di luar sana yang ngeluh “natal imlek aman giliran lebaran aja pasti naik trus larang2 orang mudik”,0,0.964756,1,1,0.4,0,0,xlm-roberta-large
test,1706,Tetep yg berhubungan aja,0,0.098079,0,0,0.4,1,1,xlm-roberta-large
test,1707,Toretto ketemu buyutnya,0,0.164852,0,0,0.4,1,1,xlm-roberta-large
test,1708,Kebiasaan baca2 orang Skandinavia bisa cuti kerja lama jalan2 tapi masih dapet social security.,0,0.684462,1,1,0.4,0,0,xlm-roberta-large
test,1709,"buat boru simanjuntak yg minjamin marga nya ke aku, terimakasih pak :D. krn gw ngalamin hal yg sama dengan ekstras hampir diajak kelahi.",0,0.08548,0,0,0.4,1,1,xlm-roberta-large
test,1710,ada temen adek jadi konten kreator sasar pasar gay indonesia padahal dia straight,0,0.906777,1,1,0.4,0,0,xlm-roberta-large
test,1711,jalur kereta api 2 tingkat jakarta bandung,1,0.112016,0,0,0.4,0,0,xlm-roberta-large
test,1712,"Sebenernya dulu kalau cari warnet yang bebas asap rokok tapi harga PM nya murah di jaksel juga banyak, kayak The Patch. Mereka punya banyak cabang di jaksel, bahkan sampai bisa ngadain turnamen gede kayak PBIC.",0,0.004673,0,0,0.4,1,1,xlm-roberta-large
test,1713,"ironis nya komen panik di website yg udah diblokir. mentok mentok juga google jadi diblokir kayak reddit. a hassle to use, but not an issue.",0,0.004547,0,0,0.4,1,1,xlm-roberta-large
test,1714,"Jawaban serius: beliau cuma kesepian, minta diperhatikan rasanya. Coba aja ditelpon beberapa jam, walaupun cuma ""iya iya iya iya"", tp waktu beliau bakal terpakai ke hal yg jauh lebih penting daripada cuma komunikasi 1 arah (denger terapi cuci otak)",0,0.012674,0,0,0.4,1,1,xlm-roberta-large
test,1715,Karena lu gak bisa nyerang pemerintah klo jd drummer..,1,0.912903,1,1,0.4,1,1,xlm-roberta-large
test,1716,Temen juga pernah. ke palembang dari lampung 3 jam. Much better than the typical 6-8 hours. Dari lampung juga pernah ke pelabuhan bakauheni 40 menit as opposed to 2.5 hours,0,0.005416,0,0,0.4,1,1,xlm-roberta-large
test,1717,"Bukannya katanya mereka emang ada izin untuk ngeluarin kartu kredit sendiri ya? Gw denger-denger sih gitu, tapi bank permata punya saham di sana juga",0,0.005427,0,0,0.4,1,1,xlm-roberta-large
test,1718,"Kereta juga. ""Spoor"" jadi sepur 😆",0,0.101233,0,0,0.4,1,1,xlm-roberta-large
test,1719,"dan kalo ada dri kalian yg penggiat budaya, program dana indonesiana masih terbuka lebar, dibiayain up to 500jt",0,0.616896,1,1,0.4,0,0,xlm-roberta-large
test,1720,Mukanya Hidayat Nur Wahid itu kadrun sejati. gak bisa bayangin kalo orang dengan muka kayak dia bukan kadrun,0,0.964221,1,1,0.4,0,0,xlm-roberta-large
test,1721,"Kalo lu posisinya sebagai adik dan belom punya anak, jujur susah sih. Pasti ga didengerin karena dianggap lu ga ngerti apa2. Tapi kalau kakek nenek umumnya bisa simpatik ke cucu dan kakak lu harusnya dengerin. Apalagi kalau yg ngomongnya mertua wkwkwkwk.",0,0.006476,0,0,0.4,1,1,xlm-roberta-large
test,1722,"Gw baru nonton suzume, dan &gt;!sedikit mengecewakan, kalau dibandingin sama tenki no ko dan kimi no nawa, suzume paling lemah dalam semua aspek, hanya animasi sama musiknya bagusan dari weathering with you. Kalau dibilang jelek kagak tapi kagak bisa dibilang klasik juga, romancenya terlalu cepet, dan belepotan. Overall gw kasih 7/10, sangat mid sekali!&lt;",0,0.013637,0,0,0.4,1,1,xlm-roberta-large
test,1723,jadi corona itu tentara allah ato salah satu sleeper agent yahudi nih? 🙄,0,0.936894,1,1,0.4,0,0,xlm-roberta-large
test,1724,"gw belum donor lagi selama pandemi ini, prosedurnya nambah ga? petugasnya full APD?",0,0.081666,0,0,0.4,1,1,xlm-roberta-large
test,1725,"Udah viral dan forumnya dah di blokir kok, udah aman.. tidak bisa berkutik lagi hackernya, percaya sama kominfo",1,0.947962,1,1,0.4,1,1,xlm-roberta-large
test,1726,Dia pasti menjadi Seniman yang handal,1,0.914634,1,1,0.4,1,1,xlm-roberta-large
test,1727,Seorang wanita bertanya pada pramuniaga tentang barang di toko buku.,0,0.020332,0,0,0.4,1,1,xlm-roberta-large
test,1728,"Iya, itu yang terus ku pikirkan. Aku punya tabungan dan bantuan dari orang tua. Tapi masih takut saja..",0,0.012007,0,0,0.4,1,1,xlm-roberta-large
test,1729,"me: Coba bayangkan. kalian masih ada kelas sampai H-1. Kelas2 lain ngasih tugas selama lebaran juga kan? Misal saya kasih tugas deadline 2 minggu pun pasti kalian kerjakan di hari terakhir kok, saya yakin. Jadi ga ada bedanya saya kasih tugas atau enggak. Lagipula kalau pas lebaran, kalian pasti nggak buka grup kelas apalagi grup yang ada dosennya. Ada chat pun pasti kalian mikir ""the fuck is this? lebaran2"". Makanya saya diem aja.",0,0.011288,0,0,0.4,1,1,xlm-roberta-large
test,1730,"Bener2 gak cocok jadi pimpinan pabrik, gw pemalu orangnya.",0,0.133698,0,0,0.4,1,1,xlm-roberta-large
test,1731,"5. sampe sekarang masih kepikiran. masih menghantui. Sama seperti dokter yang kehilangan pasiennya pertama kali. this is my first failed case, and it was so big bahkan bisa jadi hidup korban hancur.",0,0.02041,0,0,0.4,1,1,xlm-roberta-large
test,1732,"Ya tergantung bulenya lah, kenapa harus menghakimi bule mulu, org lokal jg bnyk kasus kaya nginjek sesajen, bubarin ibadah umat beragama / kepercayaan lain, bikin ribut waktu nyepi.",0,0.012456,0,0,0.4,1,1,xlm-roberta-large
test,1733,CRV prestige g masuk berarti? walaupun bodo kl masih ngotot diisi pertalite.. kyk nya daihatsu yg bakalan stonks,0,0.089375,0,0,0.4,1,1,xlm-roberta-large
test,1734,&gt; Suatu saat hatinya akan luluh juga,0,0.062732,0,0,0.4,1,1,xlm-roberta-large
test,1735,kenapa mereka berpikir demikian?,0,0.250867,0,0,0.4,1,1,xlm-roberta-large
test,1736,Umur 30an masih bisa dapet first job dibidang IT ga sih?,0,0.692434,1,1,0.4,0,0,xlm-roberta-large
test,1737,"Tapi kan itu game, bukan judi",1,0.962813,1,1,0.4,1,1,xlm-roberta-large
test,1738,mentang2 udah merid,0,0.962743,1,1,0.4,0,0,xlm-roberta-large
test,1739,"""Itu ujungnya doang neng, kegedean jadi gak ketutup ama kolor""",0,0.201185,0,0,0.4,1,1,xlm-roberta-large
test,1740,yg masang thailand pada dapet brp nih?,1,0.842475,1,1,0.4,1,1,xlm-roberta-large
test,1741,Kayaknya bakal test ulang sih tapi di klinik yang murah. Kalo yg sehari jadi bisa 700-800rb lagi per orang,0,0.002305,0,0,0.4,1,1,xlm-roberta-large
test,1742,islamnya walisongo dong 🙄,0,0.962743,1,1,0.4,0,0,xlm-roberta-large
test,1743,Antara Udah jadi kebiasaan atau guilt trip ortu,0,0.233095,0,0,0.4,1,1,xlm-roberta-large
test,1744,"Apabila kebutuhan vaksin dan logistik vaksinasi masih belum mencukupi, dinkes dapat mengajukan usulan kebutuhan vaksin dan logistik kepada Kemenkes sesuai dengan ketentuan yang berlaku.",0,0.033211,0,0,0.4,1,1,xlm-roberta-large
test,1745,"&gt;Aku suka ngobrol topik terkini terutama urusan teknologi (I'm a software engineer), bisnis, startup, buku, produktivitas, dan karir. Sisanya aku ngikutin lawan bicara mau ngobrolin apa aja ayo 😁👋",0,0.006577,0,0,0.4,1,1,xlm-roberta-large
test,1746,Kalau temen2 gw yang curhat soal pembayaran ngaret biasa yang ambil proyek APBD.,0,0.015277,0,0,0.4,1,1,xlm-roberta-large
test,1747,kok kayak kontol dah samping2nya,0,0.153867,0,0,0.4,1,1,xlm-roberta-large
test,1748,"Selang setengah jam dia telpon gw, bilang katanya itu kunti seneng ketemu gw pas gw lari di hutan kemaren. Dia pengen gw balik lg kesana katanya. Kata kakak sepupu gw",0,0.040807,0,0,0.4,1,1,xlm-roberta-large
test,1749,"Pedes gw minum... bbrp saat abis gw minum, berasa kayak heartburn njir... jantung deg-degan dan badan gw berasa ""deng deng deng"".",0,0.006706,0,0,0.4,1,1,xlm-roberta-large
test,1750,"4. Mobo. i5 12400f dihajar pake h610m pun tidak masalah, ga usah takut yg power ga kuat bla2, kecuali pake seri K atau i7 keatas, baru pikir2 seri B.",0,0.00518,0,0,0.4,1,1,xlm-roberta-large
test,1751,"Yg aktif di 22nya (dct + main page) mungkin ga banyak (?) cuma sering liat idksowtver, blackmandarin, etc.",0,0.002657,0,0,0.4,1,1,xlm-roberta-large
test,1752,Kalau ketemu HTI macam Felix Siauw atau Kristen yang Kofar Kafir macam Pentakostal ya siap siap bentrok pak.,0,0.78785,1,1,0.4,0,0,xlm-roberta-large
test,1753,"Saya nunggu komentar pakarnya, mbak 4sehat5sempurna",0,0.121217,0,0,0.4,1,1,xlm-roberta-large
test,1754,Tinggal open bo aja,1,0.78842,1,1,0.4,1,1,xlm-roberta-large
test,1755,"Gw baca2 energy allowances normal nya itu harusnya 2200, makanya biasanya kalo ngukur percentage kalori itu berdasarkan 2200 tadi",0,0.004867,0,0,0.4,1,1,xlm-roberta-large
test,1756,"Kiri itu ada macem-macem. Mulai dari social democrat, anarkis, sindikalis, market socialist, dst. Mereka punya kontribusinya masing-masing ke gerakan sayap kiri. Justru lo yang kelamaan kena cuci otak tankie di Reddit, yang suka ""mengkafirkan"" kiri lain.",0,0.008332,0,0,0.4,1,1,xlm-roberta-large
test,1757,Ntar aku masukin paket ku ke kamu biar stuck,1,0.263647,0,0,0.4,0,0,xlm-roberta-large
test,1758,Gue keknya ngerti kenapa judi online itu buat ketagihan.,0,0.120957,0,0,0.4,1,1,xlm-roberta-large
test,1759,"Yang lawas aja dan punya idea pocket, IPTD-812",0,0.029507,0,0,0.4,1,1,xlm-roberta-large
test,1760,Kalo ga pake jilbab katanya nanti dineraka digantung pake rambutnya,1,0.963916,1,1,0.4,1,1,xlm-roberta-large
test,1761,Budayakan kebiasaan malas ndas mu..,0,0.82029,1,1,0.4,0,0,xlm-roberta-large
test,1762,"Pas pulang di rumah bingung, ini di kamar kok ada bau ga enak ya? Turns out it's my feet lol.",0,0.03088,0,0,0.4,1,1,xlm-roberta-large
test,1763,"Android  9 sampai terbaru pakai private dns, ke bawah vpn 1.1.1.1",0,0.008125,0,0,0.4,1,1,xlm-roberta-large
test,1764,Mri lumbal udah?,0,0.785514,1,1,0.4,0,0,xlm-roberta-large
test,1765,"Pertama kali merantau ke area sulut, pergi kerja naik angkot rata2 ginian. Minggu depannya beli motor.",0,0.11129,0,0,0.4,1,1,xlm-roberta-large
test,1766,"Suami utk disimpan dirumah, pacar utk dibawa keluar",1,0.254231,0,0,0.4,0,0,xlm-roberta-large
test,1767,Cocok buat redditor nih,1,0.799364,1,1,0.4,1,1,xlm-roberta-large
test,1768,Kmarin togel ya ini taruhan bola,0,0.791459,1,1,0.4,0,0,xlm-roberta-large
test,1769,"Semarang dah nyaplok mataram duluan, buktinya dah jadi nama jalan",0,0.934962,1,1,0.4,0,0,xlm-roberta-large
test,1770,"Peta itu ukurannya ke distort karena pake mercator projection, negara2 di utara dan selatan keliatan lebih besar dibanding negara di bagian tengah dan khatulistiwa",0,0.007461,0,0,0.4,1,1,xlm-roberta-large
test,1771,Kasih potongan cabe. Karena cabe &gt; saus,0,0.11358,0,0,0.4,1,1,xlm-roberta-large
test,1772,Selama kerja ya aman itu bakal kebayar. Masalahnya kan belum tentu 20 tahun itu kerjaan lancar.,0,0.020158,0,0,0.4,1,1,xlm-roberta-large
test,1773,"Saya bukan fan star wars, jd saya ndak tau 🤷‍♂️",0,0.106924,0,0,0.4,1,1,xlm-roberta-large
test,1774,Maju lah. Kan kita punya harta karun emas peninggalan Soekarno,1,0.963643,1,1,0.4,1,1,xlm-roberta-large
test,1775,"Yakin banget kalau marketplace fb indo emang disampahin sama yg kayak ginian. Buka kategori lain di marketplace fb yg ga ada hubungannya dgn obat, herbal, dll jg sama.",0,0.011354,0,0,0.4,1,1,xlm-roberta-large
test,1776,"Tinggal ambil kejar paket c, gak ada bedanya juga kayaknya.",0,0.095941,0,0,0.4,1,1,xlm-roberta-large
test,1777,Waduhhhh... jadi maksudnya yang gblk gk cuman netizen indo?,1,0.964052,1,1,0.4,1,1,xlm-roberta-large
test,1778,"lucunya, terakhir kali gw di r/indonesia gw masih SMP tahun 2019 dan konservatif right wing, trs gw sering didownvote. eh skrg gw leftist progresif gw didownvote jg lmao",0,0.093182,0,0,0.4,1,1,xlm-roberta-large
test,1779,"mostly home appliance, buat keluarga gw. selain kulkas ac mescuc oven blender dll juga masih pake tv 40in yang udah 10 taun lebih lebih ‘smart’ karena dipasang stb android yg ada youtube adblocked nya hahah. emang kalo bisa jangan going cheap buat barang2 gini sih, kalo nyari yg durability nya bagus bisa awet banget.",0,0.002907,0,0,0.4,1,1,xlm-roberta-large
test,1780,"Psst....debt bad, period. Indonesia negara kaya SDA, gak pantas punya hutang. Tirulah Brunei",1,0.963814,1,1,0.4,1,1,xlm-roberta-large
test,1781,"njir satu kasur buat sendiri, meanwhile gue kalo ke rumah nenek satu kasur buat rame-rame karena cuma dateng pas lebaran jadinya rumah nenek rame dan mau gamau harus sharing kasur.",0,0.015131,0,0,0.4,1,1,xlm-roberta-large
test,1782,"Penghasilan tetap pemain catur Indonesia dari ngasih kursus. Penghasilan turnamen2,apalagi internasional itu kecil.",0,0.041657,0,0,0.4,1,1,xlm-roberta-large
test,1783,Cm buat pamer aja.. tu orang pas diwawancara ngomongin data grabbing etc etc.. ngakak gua.. pengetahuan soal TV satelit gw ga terlalu hebring.. cm sejauh orang orang di forum FB...tp cukup lah buat paham roy sukro ngomong mumbo jumbo..,0,0.00483,0,0,0.4,1,1,xlm-roberta-large
test,1784,jangan ah nanti ke doxx,0,0.482185,0,1,0.4,1,0,xlm-roberta-large
test,1785,Minus nya steam deck yg lain dibanding Ally: ga ada office dan McAfee,1,0.00453,0,0,0.4,0,0,xlm-roberta-large
test,1786,Reksadana uangnya cukup didiamkan saja atau perlu jual beli secara aktif kaya saham? Maklum pemula,0,0.047603,0,0,0.4,1,1,xlm-roberta-large
test,1787,"""Oh dari cara dia ngangkat alis sebelah kiri, gigit bibir dan tangan kiri ngocok berirama dengan ketukan 4/4, kelihatan banget dia orangnya melankolis dan punya luka batin sangat besar.""",0,0.158239,0,0,0.4,1,1,xlm-roberta-large
test,1788,Lokasi toko dmana? online/offline? gw sih domisili di jakarta,0,0.002319,0,0,0.4,1,1,xlm-roberta-large
test,1789,Tapi terakhir gw kesana udah banyak yg bleaching coralnya. Walaupun masih bagus sih.,0,0.00411,0,0,0.4,1,1,xlm-roberta-large
test,1790,7. Malaikat jibril lagi rajin rajinya,1,0.911613,1,1,0.4,1,1,xlm-roberta-large
test,1791,"Ketika testing dikurangi dan kita stop bicara tentang COVID, maka otomatis COVID juga hilang",1,0.922132,1,1,0.4,1,1,xlm-roberta-large
test,1792,Lah kan ga bakal tau sebelum nyoba,0,0.962532,1,1,0.4,0,0,xlm-roberta-large
test,1793,Jangan buka lapak BMW,1,0.825203,1,1,0.4,1,1,xlm-roberta-large
test,1794,"Loh ternyata di Puerto Rico juga masuk kebudayaan Jepun toh, tak kirain cuma budaya surenos aja.",0,0.896569,1,1,0.4,0,0,xlm-roberta-large
test,1795,"Pola pikir sipil dan militer beda, dan doktrinasi di Bela Negara itu gak sesuai dengan kegiatan sipil. Isinya fisik-fisik doang (dan beberapa tidak masuk akal, masak disuruh makan di atas kapal pas siang-siang? Berapa ratus orang kulit pantatnya melepuh karena kegiatan enggak berguna seperti ini), tidak ada upaya buat memperluas wawasan kebangsaan atau pemerintahan.",0,0.019197,0,0,0.4,1,1,xlm-roberta-large
test,1796,"Udah lah, mending inves cartridge switch. Abis perang pada butuh entertainment, nanti pas internet susah game offline yang paling dicari",1,0.96502,1,1,0.4,1,1,xlm-roberta-large
test,1797,"budayakan membaca buku, bukan txtdarifeminis",0,0.908334,1,1,0.4,0,0,xlm-roberta-large
test,1798,"kalo PTS, yg ga jago paling cari yg lokalan, tapi yg jago? udh minggat ke luar negeri (source: abang ipar gw yg kerja nya beneran kerja di perusahaan singapur and me, sesuai flair. walau gw ga jago jago amat)",0,0.017543,0,0,0.4,1,1,xlm-roberta-large
test,1799,"Orang lokal UAE malesnya sih standar GCC, tapi menurut orang2 di sini lebih bagus dari negara sebelah (Qatar) yang dimana orang lokalnya bener2 males. Katanya disuruh kerja malah maen game.",0,0.010902,0,0,0.4,1,1,xlm-roberta-large
test,1800,"Ada syarat maksimal berlakunya ga? Misal, cuma bs dipakai maksimal 6 bulan sejak kedatangan.",0,0.006615,0,0,0.4,1,1,xlm-roberta-large
test,1801,"Sebenernya having certificate yang dari course² macam udemit, silitshare, corsaea, or linkedin learning worth it kah?",0,0.007533,0,0,0.4,1,1,xlm-roberta-large
test,1802,Apakah ini bisa dianggap sbg jihad juga? Karena membuat teman-teman kafir jadi begadang dan ga bisa pergi gereja pagi.,1,0.919931,1,1,0.4,1,1,xlm-roberta-large
test,1803,"[@jokowi]( <link> [@LuhutBinsar](<link> tolong ini direalisasikan, kan katanya mau bikin senjata nuklir tuh",1,0.960694,1,1,0.4,1,1,xlm-roberta-large
test,1804,Karena guru sekolah negeri itu bukan PNS semua,1,0.962356,1,1,0.4,1,1,xlm-roberta-large
test,1805,"0.9% dari total alumni, kalo menurut artikelnya.",0,0.016689,0,0,0.4,1,1,xlm-roberta-large
test,1806,"""Ta-tapi, kami kan orang beradab dan modern jadi wajar harus hidup enak ga kayak kamu yang negara barbar jadi kamu jaga hutan aja sambil tinggal di gubuk untuk jaga bumi tercinta""",1,0.964254,1,1,0.4,1,1,xlm-roberta-large
test,1807,"Tidak adanya episode nyebrang ke sebelah maupun masuk partai tertentu menunjukan si ibu sadar memang metodenya efektif tp tidak efisien. Baca dr berbagai sumber ELI5 nya ""bisa produksi tapi gak bisa jualan""",0,0.061424,0,0,0.4,1,1,xlm-roberta-large
test,1808,PDIP mungkin Risma kalo Gerindra kayanya sih Riza Patria..,0,0.081886,0,0,0.4,1,1,xlm-roberta-large
test,1809,"Buat kerjaan macem web dev mending ~~rakit pc~~ surface, tapi buat hal2 lebih simpel macem browsing, note taking, experience nya jauh kalah sama ipad sih.",0,0.002663,0,0,0.4,1,1,xlm-roberta-large
test,1810,Ok ty. Rencana bukan untuk waktu dekat karena tiketnya mahal wkwk.,0,0.00511,0,0,0.4,1,1,xlm-roberta-large
test,1811,Ini jelas dia lupa naro,1,0.963265,1,1,0.4,1,1,xlm-roberta-large
test,1812,"Damn, jadi inget eksekusi ISIS. Gak bisa lupa lihat kepala pecah ditembak kaliber besar. video HD lagi 😓😓",0,0.064594,0,0,0.4,1,1,xlm-roberta-large
test,1813,Kyknya gw harus ke psikolog. I think i'm depressed,0,0.082771,0,0,0.4,1,1,xlm-roberta-large
test,1814,Nih award gretongan buat lu... kebetulan belom ngasih.,0,0.120698,0,0,0.4,1,1,xlm-roberta-large
test,1815,"Belum bisa tidur, padahal dari jam 22.30 sudah mencoba, yaudah dari jam 00.00 main hp aja sampe ngantuk.",0,0.008316,0,0,0.4,1,1,xlm-roberta-large
test,1816,"Ollie, gabagus ngakalin senpaimu buat nikahin kamu....",0,0.548341,1,1,0.4,0,0,xlm-roberta-large
test,1817,"Toh selama ini polisi nangkep2 prostitusi2 online dasar moral, tapi ga dipidana lontenya, bos-bosnya yang ditangkapi.",0,0.084644,0,0,0.4,1,1,xlm-roberta-large
test,1818,itu topi2an dipasangnya ke mana?,0,0.076546,0,0,0.4,1,1,xlm-roberta-large
test,1819,Gua biasanya tidur jam 10 bangun jam 5 biar bisa Subuhan tepat waktu,0,0.177882,0,0,0.4,1,1,xlm-roberta-large
test,1820,Kapan2 gua dm kalo udah siap hahaha,0,0.00838,0,0,0.4,1,1,xlm-roberta-large
test,1821,"Imo, kalau soeharto bener2 mendiskriminasi chindo. Ekonomi Chindo probably mirip dengan rohingya atau minoritas di negara asia lain, tapi pada kenyataanya ada kecemburuan ekonomi. Tapi pemaksaan penghilangan budaya tionghoa di indonesia menurut gw lebih karena mencegah masalah yang muncul seperti di malaysia dan sorry ngak rasis tapi berdasarkan pengamatan gw, keturunan chinese di luar negeripun sangat sulit berasimiliasi dengan warga lokal.",0,0.00562,0,0,0.4,1,1,xlm-roberta-large
test,1822,beratberat,0,0.137706,0,0,0.4,1,1,xlm-roberta-large
test,1823,Kesepian katanya,0,0.878939,1,1,0.4,0,0,xlm-roberta-large
test,1824,dokter : tapi kan orang indo sakitnya itu-itu aja(?),0,0.963541,1,1,0.4,0,0,xlm-roberta-large
test,1825,Karena bukan kodrat wanita.,1,0.890056,1,1,0.4,1,1,xlm-roberta-large
test,1826,angkat apa bro? karung beras 10kg bisa?,1,0.396331,0,0,0.4,0,0,xlm-roberta-large
test,1827,Kalau kamu biayai orang tua mu dengan berlebihan gak bakal dibilang melawan pasti.,1,0.132795,0,0,0.4,0,0,xlm-roberta-large
test,1828,"kosanku dulu ditinggal 2 bulan bayar full, tp nitip bu kost untuk bersih2 supaya gak jamuran",0,0.128689,0,0,0.4,1,1,xlm-roberta-large
test,1829,Rumah dengan bata gini teringat rumah kakek nenek tempo dulu di kampung.,0,0.031056,0,0,0.4,1,1,xlm-roberta-large
test,1830,"Non joking aside. Bagaimana perasaanmu ketika sudah kerja cape-cape, lalu mendengar temanmu yang tahun lalu iseng naruh 2 juta di Doge sekarang punya 20 juta? Tentu saja bahagia, tapi pasti ada ""wah coba saya juga ikut"". Lalu, jangan diskredit onlyfans, dan trader (baik konvensional, maupun crypto), karena mereka juga sama susahnya dengan pekerjaan lainnya.",0,0.025444,0,0,0.4,1,1,xlm-roberta-large
test,1831,"Kalo the og on the spot di trans 7 bagus si karena emang informatif dan emang acara pendobrak pada jamannya, kalo yang op maksud yang kayak cuma video kompilasi tiktok lucu(yang mana juga ga lucu) sambil dikasi caption emoji dll ala ala variety korea/jepang gitu emang asli cringe banget ga kuku pls stoppp",0,0.006577,0,0,0.4,1,1,xlm-roberta-large
test,1832,"Kalau di Amerika malah jelas doktrinnya: Separah apapun hinaan dan sindiran, tidak bisa dibuat sebagai justifikasi kekerasan. Kalau Will Smith misalnya dipolisikan, joke Chris Rock gak bisa dibuat alasan untuk meringankan, malah nanti diperberat karena saksinya banyak.",0,0.011464,0,0,0.4,1,1,xlm-roberta-large
test,1833,"ceramah ""Corona tentara Allah"" bisa dilaporkan penistaan agama gak sih? yg gagal umroh harusnya jadiin UAS buat pelampiasan.",0,0.957755,1,1,0.4,0,0,xlm-roberta-large
test,1834,"Ta-tapi, serikat itukan preman!",1,0.964355,1,1,0.4,1,1,xlm-roberta-large
test,1835,Ada-ada aja kelakuan straight,1,0.898098,1,1,0.4,1,1,xlm-roberta-large
test,1836,"Temen gw mulai dari 0 joki toefl, skrg kek ny bersih 5jt perbulan. Modal bacot di Twitter setau gw",0,0.050705,0,0,0.4,1,1,xlm-roberta-large
test,1837,"SMA bener-bener datar dah kalau soal hubungan romance, tapi ga pernah nyesel juga, karena kenangan selain itu juga banyak.",0,0.003802,0,0,0.4,1,1,xlm-roberta-large
test,1838,s1 hukum biasanya bisa ke s2 mana ya selain hukum?,0,0.031262,0,0,0.4,1,1,xlm-roberta-large
test,1839,Try <link>,0,0.098686,0,0,0.4,1,1,xlm-roberta-large
test,1840,Masi sakit suwek,0,0.126569,0,0,0.4,1,1,xlm-roberta-large
test,1841,Kl kerja IT di luar negeri beda. Sini dan malaysia aja bisa 1 banding 4 atau 5 gajinya.,0,0.004495,0,0,0.4,1,1,xlm-roberta-large
test,1842,Selamat TBP 🥳 semoga prosesinya lancar2 aja,0,0.62289,1,1,0.4,0,0,xlm-roberta-large
test,1843,"wah iya sih, ini berat ditabung selama lockdown 2020 dulu, gak mungkin hilang sekejap juga",0,0.872075,1,1,0.4,0,0,xlm-roberta-large
test,1844,Tata kota bukannya termasuk tata populasi ya?,1,0.175962,0,0,0.4,0,0,xlm-roberta-large
test,1845,"""*Jadi kalian kenalan dari reddit? kok saya klik ini linknya internet positif ya?*""",0,0.263884,0,0,0.4,1,1,xlm-roberta-large
test,1846,"Yes, gue ngerti concern lu. Pasti tiap tempat kerja ada kurangnya.",0,0.058885,0,0,0.4,1,1,xlm-roberta-large
test,1847,"yah elah pertanyaan simpel yg gw tanya gitu aja gak dijawab-jawab malah muter ke hal lain, simpel loh padahal gw tanya :  apakah sunmori itu bad for environtment karena wasting gasoline demi kesenangan pribadi?",0,0.267312,0,0,0.4,1,1,xlm-roberta-large
test,1848,Pribumi bro yang punya,1,0.948489,1,1,0.4,1,1,xlm-roberta-large
test,1849,Istrinya terpaksa supaya dapet foreplay lamaan kayak om mecahin rubiks cube.,0,0.114171,0,0,0.4,1,1,xlm-roberta-large
test,1850,Kirain Jawa-Sunda kalo nikah pasti kacau,1,0.961425,1,1,0.4,1,1,xlm-roberta-large
test,1851,"Kpop, K-drama adalah propaganda army. Secara diam2 berusaha untuk merekrut army baru dari luar korea by teori konspirasi",1,0.294824,0,0,0.4,0,0,xlm-roberta-large
test,1852,"Wkwkwkwk pas kmaren panahan kalah, pada nyalahin yang rambut kuning. Dikatain ""jamet"", ""kuproy"" dll hadeh ada ada aja.",0,0.050237,0,0,0.4,1,1,xlm-roberta-large
test,1853,Siap. Paling cuma ekstra kostum2 ga jelas ya. Kalo ada DLC ttp bisa beli terpisah ya om.,0,0.015248,0,0,0.4,1,1,xlm-roberta-large
test,1854,permisi pemain Archeage asia yang perlu login pakai Line,0,0.879665,1,1,0.4,0,0,xlm-roberta-large
test,1855,"Kalau sudah terlanjur satu badan, the ship had already sailed, antivirusnya hanya bisa mempersingkat masa infeksiusnya aja (a.k.a. lebih cepat kering).",0,0.041346,0,0,0.4,1,1,xlm-roberta-large
test,1856,"Upaya itu, menurutnya, memang sampai kepada masyarakat, namun lemah di dalam implementasinya. Namun, Pandu juga mengatakan jumlah kasus covid-19 juga tidak bisa dikatakan sepenuhnya buruk.",0,0.00523,0,0,0.4,1,1,xlm-roberta-large
test,1857,"Google maps route bagus untuk start tp jgn ketergantungan banget, nanya rekan kerja pasti jg tau nantinya",0,0.011823,0,0,0.4,1,1,xlm-roberta-large
test,1858,"Ada generasi yang udah dengan touch dan dirancang untuk kita corat-coret, kalau butuh ya ambil, kalau nggak skip, mahal soalnya. Water proof bisa penting kalau pengen g panik waktu dibawa ke pantai atau kehujanan, atau sekedar mager mau baca sambil mandi.",0,0.007892,0,0,0.4,1,1,xlm-roberta-large
test,1859,"Kalo data kita bebas, kenapa saya ga boleh nanya data nasabah bank milik orang lain ?",1,0.631395,1,1,0.4,1,1,xlm-roberta-large
test,1860,"Tiba2 nongol org streaming slot gocar gacor di yt, dr 77 jt jadi 1 jt ga nyampe 15 menitan. Masa tiap beli fitur 10jt, tiba2 lsg kena bom, tp seru sih liat orang bangkrut realtime pertama kali",1,0.015454,0,0,0.4,0,0,xlm-roberta-large
test,1861,"untuk cellular data lumayan susah sih, vpn masih best choice",0,0.004039,0,0,0.4,1,1,xlm-roberta-large
test,1862,"Auto neraka bisa gawat, untung RW kamu paham",1,0.909103,1,1,0.4,1,1,xlm-roberta-large
test,1863,"done what? saya cuma gitaris, bukan musisi haha. kerjaan cuma cover-cover lagu orang.",0,0.116211,0,0,0.4,1,1,xlm-roberta-large
test,1864,"ada dua tas yang jadi ""trademark"" anak rohis. tas bawaan laptop asus, yang lu maksud. dan gua sempet punya juga, kantongnya nggak banyak, sekedar tas doang.",0,0.005385,0,0,0.4,1,1,xlm-roberta-large
test,1865,Iya sih benar contohnya Australia peradabannya super tua dan kaya makanya situsnya lebih banyak dibandingkan negara2 di SEA. Totally not because eurocentrism ofc,1,0.299566,0,0,0.4,0,0,xlm-roberta-large
test,1866,Itu mah bukannya elu cari perhatian ajah biar tar bisa debat2 gajelas?,0,0.631342,1,1,0.4,0,0,xlm-roberta-large
test,1867,suka2 dia lah. dia kan smart pipel.,1,0.916783,1,1,0.4,1,1,xlm-roberta-large
test,1868,"banyak waktu luang itu orang, dipanggil kak aja offended lalu koar2 di twitter",0,0.113432,0,0,0.4,1,1,xlm-roberta-large
test,1869,"Iya, kan tinggal copy paste edit doank.",1,0.871256,1,1,0.4,1,1,xlm-roberta-large
test,1870,"indo be like: izin, izin, izin, izin.... lu mau bunuh orang juga sekalian buat surat izinnya ke kita yaa...",1,0.838448,1,1,0.4,1,1,xlm-roberta-large
test,1871,Menghadapi kenyataan yang pahit.,0,0.03204,0,0,0.4,1,1,xlm-roberta-large
test,1872,"Btw kalo A bland, udah pernah.. katakan, liburan bareng, atau jadwal fancy dinner atau kegiatan apapun yang dia senangi? Kalau sudah sering dan sama aja yaa, good luck (lagi).",0,0.003707,0,0,0.4,1,1,xlm-roberta-large
test,1873,"bayar joki buat ngurusin 1 bab skripsi, eh kerjaannya mengecewakan. footnote ga komplit, beberapa paragraf full copas dari buku, tanda baca ga jelas, gede kecil random.",0,0.030072,0,0,0.4,1,1,xlm-roberta-large
test,1874,"Gw lulus sma 2018, smp ada side quest beliin tas harga 2jt dibagi 35 org",0,0.064594,0,0,0.4,1,1,xlm-roberta-large
test,1875,yang kaya gini kompor jeblosin aja biar negara makin aman,0,0.948346,1,1,0.4,0,0,xlm-roberta-large
test,1876,Kok gak ada kaki dan kepala kecoaknya? Kurang pinter itu yang bikin.,1,0.963848,1,1,0.4,1,1,xlm-roberta-large
test,1877,Kadang gw greget udh tau gitu kenapa masih belum ada susu alternatif buatan lokal selain susu kedelai. Produk import mahal buat konsumsi tiap hari.,0,0.068975,0,0,0.4,1,1,xlm-roberta-large
test,1878,"Ga pernah ada pengalaman masuk RS, tapi dengerin cerita temen mahasiswa kedokteran bikin pesimis bgt... Jumlah suap menyuap, beli skripsi, bolos kelas di mahasiswa kedokteran mengerikan bgt",0,0.005786,0,0,0.4,1,1,xlm-roberta-large
test,1879,"Harus lewat aplikasi M-Paspor, dan bulan Mei gw cek, slot di imigrasi deket rumah gw sama di Kota Tua udah penuh sampe 2 bulan kedepan.",0,0.004223,0,0,0.4,1,1,xlm-roberta-large
test,1880,Kejem amat wkwkwkwk. Mau buka WA pakai internet HP dulu karena WA diblokir di level router.,0,0.015968,0,0,0.4,1,1,xlm-roberta-large
test,1881,Oh jadi ini yang bikin saya diketawain sepanjang jalan,0,0.328368,0,0,0.4,1,1,xlm-roberta-large
test,1882,"Selama MU masih cuan, ownernya bakalan cuek2 aja",0,0.391112,0,0,0.4,1,1,xlm-roberta-large
test,1883,"&gt;Kelompok ini mencakup jenis usaha jasa pangan yang bertempat di sebagian atau seluruh bangunan tetap (tidak berpindah-pindah), yang menyajikan dan menjual makanan dan minuman di tempat usahanya baik dilengkapi maupun tidak dengan peralatan dan perlengkapan untuk proses pembuatan maupun penyimpanan dan belum mendapatkan ijin dan surat keputusan dari instansi yang membinanya",0,0.014785,0,0,0.4,1,1,xlm-roberta-large
test,1884,Gua kira DeSantis yang bakal naek tahun 2024.,0,0.915167,1,1,0.4,0,0,xlm-roberta-large
test,1885,"ini pasti salah satu toserba dengan low market share, hanya sekedar pengen ikutan exist dan di-notice orang",0,0.630581,1,1,0.4,0,0,xlm-roberta-large
test,1886,entah masuk ke dalam data atau tidak,0,0.0341,0,0,0.4,1,1,xlm-roberta-large
test,1887,sebut dong aku mau tau,0,0.86031,1,1,0.4,0,0,xlm-roberta-large
test,1888,"Kalo partnermu ga permasalahin, masalahnya dimana ?",0,0.21264,0,0,0.4,1,1,xlm-roberta-large
test,1889,wholesome banget kalo dinget2 anak berbakti membahagiakan orang tua kita bedua.,0,0.252799,0,0,0.4,1,1,xlm-roberta-large
test,1890,"Kalau perkataan polisi selalu di anggap kebenaran mutlak, ya untuk apa ada slip merah dan biru?",0,0.124266,0,0,0.4,1,1,xlm-roberta-large
test,1891,Untuk email... Kok bisa tau?,0,0.205217,0,0,0.4,1,1,xlm-roberta-large
test,1892,Waitress cewenya jangan dibolehin pake atribut keagamaan apapun (terutama jilbab). Karena jadi jelek dan gak match dengan frilly dan kebayanya.,0,0.020139,0,0,0.4,1,1,xlm-roberta-large
test,1893,"Saya beberapa kali menyampaikan keluhan dan pada akhirnya karena cape sendiri saya mundur sepihak. Mungkin juga waktu itu saya terlalu narsistik, tapi bertahan 2 tahun dan harus rela telat lulus karena ""pengurus gak boleh lulus duluan"". Whatever. I quit!",0,0.098773,0,0,0.4,1,1,xlm-roberta-large
test,1894,Ianal. Legally speaking udah kebentuk kok. Di uu ikn pasal 4 ayat 1 bilang,0,0.021636,0,0,0.4,1,1,xlm-roberta-large
test,1895,>!ada potensi bakal ada tag scat kalau authornya mau!<,0,0.117521,0,0,0.4,1,1,xlm-roberta-large
test,1896,"Waktu kuliah, berhubung prodi gw prodi yg kuliahnya harus jalan2 (literally and figuratively) jadi harus ke tamasya ke tempat yg treknya sulit. Nyewa bis kampus, waktu pulang dari site, jalannya turunan panjang, anak yg di belakang bis ngeluh bau kampas rem/kopling, kabin bis ngebul, supir goblok bilang ga apa2 udah bisa, pala supir di keplak dosen bisnya suruh minggir, waktu lagi istirahat remnya dicek dan panas banget. Kejadian ini gak lama habis kecelakaan bis fatal lembang jadi ya pada parno",0,0.046595,0,0,0.4,1,1,xlm-roberta-large
test,1897,bumi ini milik Allah,1,0.881666,1,1,0.4,1,1,xlm-roberta-large
test,1898,"Ah masuk akal sih, kurva melandai tapi belum lurus berarti. Tapi dari Worldometer, sudah melandai kurva population growth nya?",0,0.113481,0,0,0.4,1,1,xlm-roberta-large
test,1899,Kasian Sinetron indonesia bukannya kualitasnya meningkat tiap tahun malah terjun bebas..,0,0.914825,1,1,0.4,0,0,xlm-roberta-large
test,1900,"beliin laptop yang bisa dicopot ramnya, ganti ram ke 2gb (bekas gpp). Kalo ada ssd nya, ganti ke hdd (bekas gpp), install macem2 bloatware trus di-setting run automatically at startup.",0,0.012384,0,0,0.4,1,1,xlm-roberta-large
test,1901,gangguan mental di Sumatera Utara... Dan daerah2 yg banyak orang bataknya.,0,0.043896,0,0,0.4,1,1,xlm-roberta-large
test,1902,&gt;1. Topik obrolan,0,0.066266,0,0,0.4,1,1,xlm-roberta-large
test,1903,"bagus, makin dikit tes makin dikit yang dikopitkan",1,0.84891,1,1,0.4,1,1,xlm-roberta-large
test,1904,URAAAA!! Waktunya membebaskan Singapore dari Nazi!,1,0.963609,1,1,0.4,1,1,xlm-roberta-large
test,1905,"Kabupaten minahasa kurang besar, harap tomohon, airmadidi dan tanawangko bergabung di minahasa",1,0.962848,1,1,0.4,1,1,xlm-roberta-large
test,1906,"Pisaunya rada tumpul terus dimiringin pas sayat. Soal makan beling, coba ambil keripik terus gesekin ke tangan. Sakit dan mungkin lecet. Intinya mulut kita ini super kuat dan tahan lecet.",0,0.030705,0,0,0.4,1,1,xlm-roberta-large
test,1907,Dih Mustang kok 4 silinder,1,0.391697,0,0,0.4,0,0,xlm-roberta-large
test,1908,"&gt; “Sehingga, 9 orang yang ditetapkan sebagai tersangka, dan 56 orang secara keseluruhan yang digrebek, adalah korban daripada sistem hukum kita. Mereka bukan kelompok yang melakukan tindak pidana. Mereka tidak sedang melakukan korupsi yang bisa membahayakan negara, atau sedang melakukan tindakan-tindakan yang mengancam stabilitas negara,” tambah Lini.",0,0.092196,0,0,0.4,1,1,xlm-roberta-large
test,1909,Dunia hanya sementara.,1,0.186317,0,0,0.4,0,0,xlm-roberta-large
test,1910,"""dijemur"" itu ibu atau baju?",1,0.18462,0,0,0.4,0,0,xlm-roberta-large
test,1911,"Adanya cuman Heri Potret bang, sori.",0,0.012408,0,0,0.4,1,1,xlm-roberta-large
test,1912,Di aku tulisannya Message failed.,0,0.069542,0,0,0.4,1,1,xlm-roberta-large
test,1913,Kalau dirunut asal katanya,0,0.463657,0,1,0.4,1,0,xlm-roberta-large
test,1914,Bismilah SKII satu set,0,0.332934,0,0,0.4,1,1,xlm-roberta-large
test,1915,Sori malahan nyosor kesini,0,0.048631,0,0,0.4,1,1,xlm-roberta-large
test,1916,- Jangan mau dianter jemput di ketemuan pertama. Jaga2 aja,0,0.031649,0,0,0.4,1,1,xlm-roberta-large
test,1917,"Mahal banget, ITS tahun 2013 500k-7jt, mayoritas di range 1-2.5jt/semester",0,0.006351,0,0,0.4,1,1,xlm-roberta-large
test,1918,"jaman smp gan maksudnya wkwk, gk sd juga",0,0.035679,0,0,0.4,1,1,xlm-roberta-large
test,1919,"Eh pas buka YouTube ternyata lagu aslinya juga kyk gitu. Di ulang2 terus, wkwk.",0,0.009727,0,0,0.4,1,1,xlm-roberta-large
test,1920,Suntik wallet atau buka jasa gift game,0,0.14433,0,0,0.4,1,1,xlm-roberta-large
test,1921,"Lagian juga lu pikir orang terima intern, kaya asal masuk aja? Internship juga ada interviewnya baik secara technical atau behavioural. Memang secara bar lebih rendah tapi mereka juga expect lu untuk have at least some fundamental knowledge.",0,0.00358,0,0,0.4,1,1,xlm-roberta-large
test,1922,Prefer mari membaca,0,0.881104,1,1,0.4,0,0,xlm-roberta-large
test,1923,"yang benar Insya Allah (sy bukan sh), sekadar mengingatkan 🙏",1,0.048677,0,0,0.4,0,0,xlm-roberta-large
test,1924,Gak ada opsi Perguruan Tinggi Kedinasan?,1,0.422817,0,1,0.4,0,1,xlm-roberta-large
test,1925,"iya dulu nostalgic bener nasgor kereta taun 90an , or cuma gara2 gw masi bocah aja kli ya",0,0.050051,0,0,0.4,1,1,xlm-roberta-large
test,1926,&gt;Aku sangean (5 suku kata),0,0.087876,0,0,0.4,1,1,xlm-roberta-large
test,1927,bener2 maksa banget PR-nya,0,0.881768,1,1,0.4,0,0,xlm-roberta-large
test,1928,Berangkat swallow pulang nike dunk low,0,0.138753,0,0,0.4,1,1,xlm-roberta-large
test,1929,"tp bapaknya checo gabisa bangga, mobil mereka best car loh kok anaknya cmn third xd",0,0.428981,0,1,0.4,1,0,xlm-roberta-large
test,1930,Gua baru tau NIK doang bisa berefek segede itu. Biasanya NIK bakal powerless tanpa NIP dan fc ktp atau data diri lainnya jadi NIK cuma kayak NIM kampus atau nama mahasiswa. Sekarang gua tercerahkan krusialnya NIK. Thanks man...,0,0.008046,0,0,0.4,1,1,xlm-roberta-large
test,1931,"""Pemerintah menegaskan bahwa tidak ada kapasitas kesehatan yang terbatas karena pemerintah mempunyai dana yang cukup dan pemerintah akan terus menambah kapasitas bed sesuai dengan kebutuhan,""",0,0.422836,0,1,0.4,1,0,xlm-roberta-large
test,1932,Tetep wajib tapi tidak diterima.. kalau udah pasti nggak diterima kenapa tetap wajib ? Buat apa sholat kalau nggak diterima ? Berarti bukan berarti sholat dihitung tidak sholat.. tapi sholatnya nggak dapet manfaatnya/pahala,0,0.087408,0,0,0.4,1,1,xlm-roberta-large
test,1933,Kursi mancing yang gimana?,0,0.087097,0,0,0.4,1,1,xlm-roberta-large
test,1934,Jurnal pendidikan &amp; pesantren &amp; yayasan,0,0.060474,0,0,0.4,1,1,xlm-roberta-large
test,1935,Ngundang ustad/romo buat menyucikan tempatnya juga tinggal bayar berapa lagian.,0,0.061876,0,0,0.4,1,1,xlm-roberta-large
test,1936,Semua ga sehat kalo dimakan berlebihan dan dimakan pas lagi sakit.,1,0.578567,1,1,0.4,1,1,xlm-roberta-large
test,1937,Sekuat itukah gensetnya? Gila,0,0.19923,0,0,0.4,1,1,xlm-roberta-large
test,1938,Sedangkan di islam basenya apa? Semuanya hanya base kehidupan n perkataan muhammad. Itupun hasil nyontek. Dalam kehidupannya sendiri kita bisa lihat dipenuhi dgn perang dan sex (20++ istri) dan jangan lupa perbudakan dsb,0,0.136781,0,0,0.4,1,1,xlm-roberta-large
test,1939,Lain kali coba pakai sambel petis dong,0,0.750256,1,1,0.4,0,0,xlm-roberta-large
test,1940,- Pusat perbelanjaan tutup 20:00 &lt;-&gt; 21:00,0,0.006133,0,0,0.4,1,1,xlm-roberta-large
test,1941,CFA maksudnya? Sama level 3?,0,0.035746,0,0,0.4,1,1,xlm-roberta-large
test,1942,Karena tiktok shop punya Tiongkok,0,0.964085,1,1,0.4,0,0,xlm-roberta-large
test,1943,"Ku bukan bangsawan, ku bukan priayi",0,0.913792,1,1,0.4,0,0,xlm-roberta-large
test,1944,Cakeppp. Emg kayanya kalo denger ceo nya indika sih dia mau pake data buat optimize segala macam proses di industri.,0,0.021369,0,0,0.4,1,1,xlm-roberta-large
test,1945,Tbh netijen kita emang mulutnya 11 12 kasarnya ama korea (tadi ngintip ig irene),0,0.013822,0,0,0.4,1,1,xlm-roberta-large
test,1946,Pas banget liat ini dan gua baru aja ngalamin,0,0.038071,0,0,0.4,1,1,xlm-roberta-large
test,1947,"Hih, PP nya Wibu, Opini anda ditolak",1,0.959497,1,1,0.4,1,1,xlm-roberta-large
test,1948,7 tahun di sini dah bisa 30 an lah. Biaya hidupnya juga lebih murah jakarta/jakarta coret kan?,0,0.021145,0,0,0.4,1,1,xlm-roberta-large
test,1949,"tentuin speed yang mau dikasih ke masing2 pengguna, apalagi di resort, jangan sampe ada keluhan, kok si A bisa kenceng speed nya, si B gak.",0,0.010611,0,0,0.4,1,1,xlm-roberta-large
test,1950,"Mulai suka sejak nonton cardcaptor sakura di animax. Kelas 3-4 SD kalo gak salah. Abis itu jadi hobi baca manga, tapi gak nonton anime. Mulai rutin nonton anime itu baru kelas XI. Sejak itu juga mulai fase wibu cringe.",0,0.004944,0,0,0.4,1,1,xlm-roberta-large
test,1951,"Dia: ""Nah iya, itu dah. Maksudnya gua mau nitip ngasap ituan pas lu lagi nganu.""",0,0.065665,0,0,0.4,1,1,xlm-roberta-large
test,1952,menarik ada build a plan karena mainly gue cuma pake server sg dan id cuma buat proxy game aja.,0,0.007135,0,0,0.4,1,1,xlm-roberta-large
test,1953,"Ah, mental penguasa abad 16",0,0.962848,1,1,0.4,0,0,xlm-roberta-large
test,1954,malah bersikeras nyuruh dengerin anjuran pemerintah ama pendakwah yang jelas jelas kagak kompeten soal safety &amp; environmental,0,0.869493,1,1,0.4,0,0,xlm-roberta-large
test,1955,Next level bgt ini teori.,1,0.094343,0,0,0.4,0,0,xlm-roberta-large
test,1956,"rasanya bingung tiap buka grabfood isinya warung random kek ""seblak bu umi"" ""lalapan mbak ami"" ""tahu walek pak dono"" dst dst lol",0,0.003679,0,0,0.4,1,1,xlm-roberta-large
test,1957,Mendingan. Belum dipenjara soalnya. Jadi gubernur di sumut standarnya rendah kok.,0,0.236428,0,0,0.4,1,1,xlm-roberta-large
test,1958,thread yang nyari nightlife didelete :(,0,0.005764,0,0,0.4,1,1,xlm-roberta-large
test,1959,"pada dasarnya ini.. semua harus didiskusikan bahkan hal sepele. misalnya cuci piring harus langsung sesudah makan atau boleh ditumpuk cuci nya nanti. siapa yang tugas cuci piring. dst dst. kalau ga perna sepakat dari hal sepele bareng, yang ada bertengkar mulu",0,0.028194,0,0,0.4,1,1,xlm-roberta-large
test,1960,Setel adzan aja biar gaada yang bisa protes kalo terlalu berisik kan atas nama agama,1,0.964456,1,1,0.4,1,1,xlm-roberta-large
test,1961,Loh tapikan presiden itu harusnya S3 punya PhD IPK 4 dan IQ 200,1,0.963161,1,1,0.4,1,1,xlm-roberta-large
test,1962,Kalo mau beneran ya cari orang dalem buat bener2 masuk bem,0,0.963472,1,1,0.4,0,0,xlm-roberta-large
test,1963,"Benci gk sih, cuma gk ada respect. Dulu aku juga liat trump is shit, tp sekarang kuliat republic sama democratic sama2 aja. Sama2 jelek, cuma trump jeleknya keliatan banget kalo biden gk keliatan.",0,0.003629,0,0,0.4,1,1,xlm-roberta-large
test,1964,berarti hasil seduhan nya masih bikin kembung,0,0.844249,1,1,0.4,0,0,xlm-roberta-large
test,1965,Kebanyakan main Free Fire juga menyebabkan gagal ginjal.,1,0.842766,1,1,0.4,1,1,xlm-roberta-large
test,1966,"Pokoknya yang gak boleh cuma makan babi. Sisanya halal, kan rejeki.",1,0.932883,1,1,0.4,1,1,xlm-roberta-large
test,1967,"Ya maap bang, saya kurang pengetahuan kopinya dibandingkan abang",0,0.744262,1,1,0.4,0,0,xlm-roberta-large
test,1968,"Mau idealis silahken, tapi g usah burn bridges waktu nyadari temen ternyata bertolak belakang pemahamannya. Itu semua luntur saat lu sadar entry di CV g nanya idealisme. Tiap kesel ""lah ngapain dia gitu"", ""gitu aja g ngerti"", ingat, kalian latar belakang beda jauh g seperti di SMA yang setidaknya budaya dan finansial rada mirip, kesamaan cuma di benere kangen mami-papi, kalau g bisa ditoleransi ya menjauh, g usah bikin drama.",0,0.004637,0,0,0.4,1,1,xlm-roberta-large
test,1969,Pingin beli smart watch yang masih bisa dipakai MINIMAL 10 tahun kedepan,0,0.03775,0,0,0.4,1,1,xlm-roberta-large
test,1970,"Sabar, Bapak Kominfo kita masih sibuk dengan pornhub dan netflix",1,0.903123,1,1,0.4,1,1,xlm-roberta-large
test,1971,"Tapi w kepala 3 dan kaya raya, gimana dong?",0,0.963161,1,1,0.4,0,0,xlm-roberta-large
test,1972,Cuma bisa latihan pas pulkam karena di jakarta sodara jauh,0,0.267217,0,0,0.4,1,1,xlm-roberta-large
test,1973,bayangkan orang US ngeliat guling,0,0.597021,1,1,0.4,0,0,xlm-roberta-large
test,1974,Bagusan nggak ada aja sih di KTP,0,0.5458,1,1,0.4,0,0,xlm-roberta-large
test,1975,"lah mereka rekrut renjes sama rider segambreng, belum ultras nya ?buat apa?",1,0.922343,1,1,0.4,1,1,xlm-roberta-large
test,1976,8-10 juta itu gaji freshgrad tech unicorn. Magang itu 5-6 juta. Iya di Jakarta segitu. Temen2ku semua segitu yang di tech besar.,0,0.007741,0,0,0.4,1,1,xlm-roberta-large
test,1977,"Ya kan kita mayoritas, gimana sih",1,0.962743,1,1,0.4,1,1,xlm-roberta-large
test,1978,"Nyoba motor temen 150cc kopling naik bntar langsung lancar sih, paling suka kagok naik turunin gigi doang, belom biasa injek congkel",0,0.045948,0,0,0.4,1,1,xlm-roberta-large
test,1979,"Mantapp detail, makasih banyak udah nonton dan ngasih pendapatnyaa 🙏 🙏",0,0.038756,0,0,0.4,1,1,xlm-roberta-large
test,1980,"bersyukur lingkungan g ga gt.. walau ga makmur, tapi pada mandiri.. ya g nya juga terkesan belum ada spare utk pinjamin mereka sih lol",0,0.043083,0,0,0.4,1,1,xlm-roberta-large
test,1981,"suwun lur atas infone. maklum sebulan ini panik baca baca berita luar negeri pada hoarding gitu, jdi kecipratan panik ini 4 bulan kedepan gimana dah kalau situasi terus begini.",0,0.007786,0,0,0.4,1,1,xlm-roberta-large
test,1982,Bener bener jadi panutan yg baik ya,1,0.962778,1,1,0.4,1,1,xlm-roberta-large
test,1983,Info penting pagi ini,0,0.007303,0,0,0.4,1,1,xlm-roberta-large
test,1984,"Bentar, biaya parkir disana berapa? Buat motor dan mobil?",0,0.013795,0,0,0.4,1,1,xlm-roberta-large
test,1985,walopun jam tangan yang on my daily rotation skrg cmn casio mq24-7b (120k) dan amazfit neo (350k).,0,0.002502,0,0,0.4,1,1,xlm-roberta-large
test,1986,"ini pasti pake oil paint alami bukan tinta sintetis, kaya coklat dari mumi mesir, kuning dari kencing sapi india, merah dari darah gajah",0,0.921322,1,1,0.4,0,0,xlm-roberta-large
test,1987,"Dan hari ini, tiba-tiba aja dia bilang, engga bisa nyium dan ngerasain makanan lagi. Jujur gw panik sih, tapi klo baca2 katanya memang sembunya lama. Tapi pertanyaannya, apakah ada yang mengalami anosmia trus udh sembuh bisa nyium dan ngerasain makanan normal lagi dan tiba2 ilang lagi aja begitu?",0,0.012674,0,0,0.4,1,1,xlm-roberta-large
test,1988,"Kurang tau kenapa, tebakan asalku karena banyak yg suka liat si cewek jadi corrupted.",0,0.019663,0,0,0.4,1,1,xlm-roberta-large
test,1989,Nggak ada kriteria no 2 itu yang bikin kita dapat Tifatul sih,0,0.713407,1,1,0.4,0,0,xlm-roberta-large
test,1990,Di umur berapa kamu tahu bahwa tbh itu tabah,0,0.627242,1,1,0.4,0,0,xlm-roberta-large
test,1991,"Kalo itu Robert ""pengharum pakaian"" Jr.",0,0.481728,0,1,0.4,1,0,xlm-roberta-large
test,1992,"Westerner Wangy Wangy 🥰🥰🥰😚😚😚🤤🤤🤤 aku pengen jadi white aku pengen jadi white 😋😋😋, Indon bad 👎  westerner guud ✊✊✊, glory to AMERIKKKA",1,0.953579,1,1,0.4,1,1,xlm-roberta-large
test,1993,* Revolution (buat parasit) per 6 bulan atau 1 tahun **(WAJIB)**,0,0.114666,0,0,0.4,1,1,xlm-roberta-large
test,1994,Trus dr yang gua baca2 ni org hardcore parah ya.....,0,0.063019,0,0,0.4,1,1,xlm-roberta-large
test,1995,"Laporan aktuaria, Transfer pricing atau Credit Rating dibuat konsultan",0,0.115661,0,0,0.4,1,1,xlm-roberta-large
test,1996,"setuju, sekalian undang arwah mao zedong untuk menjadi moderator",1,0.963746,1,1,0.4,1,1,xlm-roberta-large
test,1997,"Menurut gue mie ini rasanya asin doang. Kalau emang mau pedes, mendingan mie indomie yang basic kayak soto terus dikasih cabe seger yang banyak. Duh, jadi laper.",0,0.006229,0,0,0.4,1,1,xlm-roberta-large
test,1998,"Sadly yes. Kemarin prediksinya 2023... Namun melihat kondisi China, Eropa, dan USA... Yeah not going to happen...",0,0.016657,0,0,0.4,1,1,xlm-roberta-large
test,1999,Gw beli barang dari Surabaya ke kota gw di Sumatra pake wahana karena murah banget wahana (dan barangnya ga perlu perlu banget). Datengnya 1 minggu instead of 3-4 days using JNE,0,0.00986,0,0,0.4,1,1,xlm-roberta-large
test,2000,Udah red flag sih itu. Gw setuju banget disiplin waktu perlu ditegakkan,0,0.137359,0,0,0.4,1,1,xlm-roberta-large
test,2001,Kayaknya karna Indonesia ga pernah kirim atlit gimnastik ritmik (cabornya dia). Jadi boomer2 di kemenpora harus buat sistem baru dsb dsb yang ribetin mereka dan nambah kerjaan.,0,0.179962,0,0,0.4,1,1,xlm-roberta-large
test,2002,"Orang dalem gan, biasa itu ampul di RS kan gadipake sampe habis dan perlu dibalikin",0,0.177954,0,0,0.4,1,1,xlm-roberta-large
test,2003,Lah habis gimana orang di vaksin nya dibilang terdapat minyak babi?? Masa saya masuk neraka cuman gara-gara mau vaksin sih?!?!,1,0.963092,1,1,0.4,1,1,xlm-roberta-large
test,2004,"Edit: nambah info, saya kuliah tapi ga sampai lulus, ga punya duit lagi, sekarang malah ga punya waktu untuk kuliah ketimbang duit.",0,0.056705,0,0,0.4,1,1,xlm-roberta-large
test,2005,Ada aturan kalau pilih calon nomor sekian nanti mayatnya ga disholatin,1,0.962953,1,1,0.4,1,1,xlm-roberta-large
test,2006,"Harus nyalahin Kampus lama dong, jelek²in. Biar gua punya alasan pembenaran yang keren kenapa gua pindah dari kampus lama ke sekarang, kalo alesannya karena gua pengen kuliah di PTN dibanding swasta karena kurang prestisius atau terkenal kan gak keren, gua kan orang terkenal ditwiiter, harus ada alasan idealis anti negatif negatif club biar edgy dan dipuja² folower gua",1,0.924449,1,1,0.4,1,1,xlm-roberta-large
test,2007,"Cmiiw ya, harusnya ga masalah. Mungkin lo bisa sambil cek2 keamanan WA lo jg dan kalo bisa setting foto profil hanya kelihatan sama kontak yg lo simpan, bukan bisa dilihat publik.",0,0.00548,0,0,0.4,1,1,xlm-roberta-large
test,2008,ga sakit kok pas surgerynya,0,0.190122,0,0,0.4,1,1,xlm-roberta-large
test,2009,"Lagi kosong tuh bro, Pak Presiden lg di luar. Dateng aja. Tapi harus ada bukti antigen ya...",0,0.723261,1,1,0.4,0,0,xlm-roberta-large
test,2010,enak gak? minta reviewnya dong 👉👈,0,0.090414,0,0,0.4,1,1,xlm-roberta-large
test,2011,kamu jadi whiteknight biar dapat pussy yah,1,0.963403,1,1,0.4,1,1,xlm-roberta-large
test,2012,nantinya merangkap jadi tempat penampungan air kalau banjir,1,0.86771,1,1,0.4,1,1,xlm-roberta-large
test,2013,Karena nanti jadinya gelarnya Fresiden,1,0.96225,1,1,0.4,1,1,xlm-roberta-large
test,2014,"Yup, ada di profile klo gak salah. Lebih gampang Grab utk liat order history.",0,0.003443,0,0,0.4,1,1,xlm-roberta-large
test,2015,partai demokrat indonesia masih lebih kiri daripada partai demokrat amerika,0,0.907926,1,1,0.4,0,0,xlm-roberta-large
test,2016,yang bahaya itu kalo kuartal II minus 3-4% terus kuartal III minus 6-8% siap2 chaos dah.. makanya pemerintah mulai new normal..,0,0.537057,1,1,0.4,0,0,xlm-roberta-large
test,2017,"Paling males kalo lagi long run terus kebelet ngebom, padahal udah ikhtiar sebelum lari jongkok dulu.",0,0.020587,0,0,0.4,1,1,xlm-roberta-large
test,2018,"But I will never forgive him for his role in jailing Ahok. Bukan soal pro Ahok, tapi lebih ke gua jadi mikir ""orang ini tai juga ya?"". Menurut gua kompetisi itu wajar ya, tapi kayaknya baru sekali ini doang kompetisi politik berujung salah satu calonnya masuk penjara.",0,0.0149,0,0,0.4,1,1,xlm-roberta-large
test,2019,"hi fellow swiftie &lt;3, no body no crime feat haim sister bagus kok, tbh aku juga lumayan ngikutin haim sih jadi seneng aja pas mereka bikin duet. if you're into right where you left me mungkin suka dengan happier or coney island.",0,0.00424,0,0,0.4,1,1,xlm-roberta-large
test,2020,Ya bagus pak ayo bikin ~~Jakarta~~ ~~Jawa dan Sumatera~~ Indonesia semakin car sentris dan terkotak2an. Ayo terus gua dukung lu pak gpp bikin yang diatas makin mandang krl itu transportasi murahan kayak di USA.,1,0.963437,1,1,0.4,1,1,xlm-roberta-large
test,2021,Klo karmanya udh banyak bisa dituker beras gak,0,0.963057,1,1,0.4,0,0,xlm-roberta-large
test,2022,Dapet dendanya 10M tapi dilaporin ke media 4M,1,0.124639,0,0,0.4,0,0,xlm-roberta-large
test,2023,Pasangannya pakai hawaiian shirt + wig?,0,0.117269,0,0,0.4,1,1,xlm-roberta-large
test,2024,"&gt;Pesen nasi rendang, datengnya nasi AYAM rendang",0,0.007938,0,0,0.4,1,1,xlm-roberta-large
test,2025,"yg menang tender proyek itu main contractor, utk pekerjaan spesifik main contractor outsource ke sub contractor. supaya profit sebesar mungkin, biasanya main con bikin tender utk dapetin sub termurah. karena sistem ini, pemilik proyek bisa keluarin uang 10M, padahal barang yg dibeli utk proyek harganya cuma 2M.",0,0.043691,0,0,0.4,1,1,xlm-roberta-large
test,2026,"&gt;Menurut komodo, skenario apa yang bisa dan efektif untuk memecah belah kesatuan Indonesia? Upaya balkanisasi Indonesia sejauh ini gagal, skenario apa yang kiranya bisa bikin balkanisasi ini terjadi?",0,0.061424,0,0,0.4,1,1,xlm-roberta-large
test,2027,Inb4: ini pasti salah satu usaha untuk melemahkan KPK,1,0.940844,1,1,0.4,1,1,xlm-roberta-large
test,2028,Selalu sedia antimo sebelum ~~bepergian~~ tidur,1,0.269758,0,0,0.4,0,0,xlm-roberta-large
test,2029,"Pergi ke ruang operasi, lihat orang yang tumornya diangkat, sama mati.",0,0.056392,0,0,0.4,1,1,xlm-roberta-large
test,2030,"Besok update, dong. Kali aja mendadak score TOEFL atau IELTS-nya bisa sempurna.",1,0.158239,0,0,0.4,0,0,xlm-roberta-large
test,2031,"Jgn iri, karena lifestyle gini artinya bikin repot keluarga temen dan tetangga.",0,0.099208,0,0,0.4,1,1,xlm-roberta-large
test,2032,Capek kali denger alasan nyalahin iblis mulu. Jadi orang itu kudu bisa bertanggung jawab atas perbuatannya. Bilang bisikan iblis ga beda jauh sama nyalahin orang lain,0,0.703524,1,1,0.4,0,0,xlm-roberta-large
test,2033,BUNUH? Kalau kita agama intoleran mah udah pasti. Buktinya kalian masih hidup?,1,0.964052,1,1,0.4,1,1,xlm-roberta-large
test,2034,kalo buat nge-cut ya beli aja. lumayan worth it daripada kesel muter gunung batu atau macet pajajaran. belum kena centring mi kecoak.,0,0.006615,0,0,0.4,1,1,xlm-roberta-large
test,2035,"Tuh kan, makanya internet harus cepat.",1,0.904144,1,1,0.4,1,1,xlm-roberta-large
test,2036,"Kalau masalah kesusahan bahasa sih bisa dimitigasi dengan forum discussion, bahas buku, etc. Bisa menanyakan soal aspek sebuah buku yang mungkin elu gak tau meaning-nya apa. *Meditations* sendiri pun juga tidak seperti buku biasa. *Meditation* ditulis bukan untuk pembaca tapi untuk Marcus Aurelius sendiri. Seperti seorang yang sering berdoa untuk mengingat tuhan. Jadi kebanyakan tulisannya hanya paragraf-paragraf pendek saja sih.",0,0.013325,0,0,0.4,1,1,xlm-roberta-large
test,2037,Tenang … nanti juga di-blokir koq,1,0.89167,1,1,0.4,1,1,xlm-roberta-large
test,2038,kayak logam gitu,0,0.077868,0,0,0.4,1,1,xlm-roberta-large
test,2039,"Kalau yang menengah religius, rata-rata mikirnya ""yaa usahain lah, kalau pun gue gak bisa semoga gue bisa ngehajiin ortu (kalau masih ada) atau anak-anak gue. Tapi tetep ada prioritas dalam kehidupan"". Yang tajir religius? Langganan haji, seriusan. Gue sendiri pernah ketemu yang udah naik haji 5 kali. **Five. Freakin. Times.** Gak tau deh sekarang udah dilimit apa nggak.",0,0.013071,0,0,0.4,1,1,xlm-roberta-large
test,2040,Itu loh yg suka cari cewe2 muda buat jd simpenan trus dibayar...,0,0.236648,0,0,0.4,1,1,xlm-roberta-large
test,2041,"Ternyata ada lubang karena plastiknya meleleh, entah bagaimana mereka makenya...",0,0.116814,0,0,0.4,1,1,xlm-roberta-large
test,2042,"Uda lupa, kayaknya gak ada. Tapi gue belajarnya dari Assassin Creed Unity dan FGO.",0,0.017127,0,0,0.4,1,1,xlm-roberta-large
test,2043,infrastruktur bandung itu seolah dibuat oleh noob cities: skylines,0,0.189671,0,0,0.4,1,1,xlm-roberta-large
test,2044,"Iya di electric grinder gw aja musti set mentok paling kasar, jadinya masi rada pait. Musti pake hand grinder baru pas &amp; manis.",0,0.00434,0,0,0.4,1,1,xlm-roberta-large
test,2045,Daerah gw juga banyak sawah &amp; ladang.,0,0.00883,0,0,0.4,1,1,xlm-roberta-large
test,2046,"Nooo beasiswanya otomatis dikasih ke lo kalau lo dikasih duit kiriman ortu &lt;90rb yen (terakhir gue cek pas 2018). 90rb hidup ya terseok2 bgt lah. Rent apartment aja 50rban, belum listrik, gas, food, phone bills. Jadi ya anak2 yg kirimannya kurang itu karena emang ortunya mampunya segitu dan anak2nya jadi harus part time job. Tapi dia kagak lol. Sama kalau gasalah ada minimal ipk tapi it was like 3 gt (out of 5 scale)",0,0.005281,0,0,0.4,1,1,xlm-roberta-large
test,2047,"6 bulan lebih kayaknya. Masih 4/10 mood stabil nya. Udah clinical depression, kayaknya ga bisa lepas, cuman disedasi biar ga bundir",0,0.003839,0,0,0.4,1,1,xlm-roberta-large
test,2048,"""bro lu jangan lupa buka surel dari kantor terus sekalian unduh lampirannya dan dicetak""",0,0.060142,0,0,0.4,1,1,xlm-roberta-large
test,2049,Buat toko kelontong,0,0.156491,0,0,0.4,1,1,xlm-roberta-large
test,2050,Kenapa nggak difersifikasi menu ke bowl-bowlan grepek-geprekan?,0,0.141756,0,0,0.4,1,1,xlm-roberta-large
test,2051,pake melon soalny toko sni nyetoknya yg ijo doang. nyari yg biru kdu naek mobil krn bawanya repot + jauh di depo gas.,0,0.008093,0,0,0.4,1,1,xlm-roberta-large
test,2052,"dulu seinget gw sih gak pernah ke barak, tapi bawa ke laut. Deket laut kebetulan ada gentong sama semen yang ditinggal sama orang.",1,0.005642,0,0,0.4,0,0,xlm-roberta-large
test,2053,* cowok bisa eue cewek maks 4 per house hold\*,0,0.223377,0,0,0.4,1,1,xlm-roberta-large
test,2054,Corong propaganda kapitalis barat tidak mau menunjukkan negara komunis maju,1,0.963403,1,1,0.4,1,1,xlm-roberta-large
test,2055,An = atas nama,0,0.187504,0,0,0.4,1,1,xlm-roberta-large
test,2056,"Sempet 7 bulan di Magelang. Dingin, sejuk, penduduknya ramah2, biaya hidup murah, dan alamnya bagus, sayang ndak sempet wisata kemana2. Kalo tinggal di Magelang kayaknya gw bakalan betah wkwk",0,0.005555,0,0,0.4,1,1,xlm-roberta-large
test,2057,dia syiah karna dia ngelakuin hal buruk oke kalo ngelakuin hal baik baru kelompok kita,1,0.964254,1,1,0.4,1,1,xlm-roberta-large
test,2058,namanya mewakili mayoritas orang Indonesia banget ya.. Pantai Takut Item,1,0.958731,1,1,0.4,1,1,xlm-roberta-large
test,2059,Logatnya sih sumatera ya,0,0.818156,1,1,0.4,0,0,xlm-roberta-large
test,2060,"Kalau baju biasa, bikin paste dari baking soda and olesin ke bagian kuningnya",0,0.074433,0,0,0.4,1,1,xlm-roberta-large
test,2061,Tebakan gw ortopedi ga bs lol,0,0.024353,0,0,0.4,1,1,xlm-roberta-large
test,2062,"Hehe tp utk orang2 tertentu yg percaya semuanya dikasih tuhan, mereka punya peri... terus lupa klo semua juga harus diusahain.",0,0.130895,0,0,0.4,1,1,xlm-roberta-large
test,2063,"Hampir di setiap WA group pasti ada orang2x gitu, selalu cepat2xan post info padahal sampah.",0,0.082697,0,0,0.4,1,1,xlm-roberta-large
test,2064,Hahahahaa gak yakin poin 4 akan tercapai.,0,0.093678,0,0,0.4,1,1,xlm-roberta-large
test,2065,Ngeliatin apapun bareng ayang juga enak,0,0.028087,0,0,0.4,1,1,xlm-roberta-large
test,2066,"Solusi lainnya yang lebih sedikit advance adalah apabila router wifinya bisa memiliki multiple ssid dengan vlan tersendiri. Jadi bisa bikin beberapa ""dummy"" ssid yang juga di hidden. Sehingga ini akan menyulitkan discovery ssid yang aslinya.",0,0.026255,0,0,0.4,1,1,xlm-roberta-large
test,2067,"Ini ya guys, kakak yang pengen jual adeknya ke degenerates",1,0.943712,1,1,0.4,1,1,xlm-roberta-large
test,2068,"Sebenernya sama aja sih isinya. Kalau yang terlalu manis mnrt kamu vanilla nya, mungkin yang coklat bakal kemanisan jg",0,0.029091,0,0,0.4,1,1,xlm-roberta-large
test,2069,"Kalau pengalaman saya sih rokok itu bukan penghasilan terbesar, tapi jadi pancingan. Seringnya orang ke warung beli rokok sekalian beli kopi, indomie, sampoo, macem2 deh.",0,0.003787,0,0,0.4,1,1,xlm-roberta-large
test,2070,"harganya plng murah 60jt jg, so nice flex",0,0.02041,0,0,0.4,1,1,xlm-roberta-large
test,2071,"Ada kok tiap thn ada acara dri FSD dan galeri FSD dan macem2 kok menarik2 seminar, workshop dll dan bisa di cek di email kampus.",0,0.004839,0,0,0.4,1,1,xlm-roberta-large
test,2072,"Akhirnya yawes lah, googling bentar",0,0.060919,0,0,0.4,1,1,xlm-roberta-large
test,2073,Sungguh sangat picik sekali jalan pikiranmu cu.,1,0.784484,1,1,0.4,1,1,xlm-roberta-large
test,2074,"Sang raja pun berpikir ""wah, dia *chad* sekali, namanya saja *chad*. selama ini aku telah memasuki tanah orang dan minum dari danau orang tanpa permisi"" lalu dibawalah anak perempuannya untuk dinikahkan. Cuman dianya agak lupa sama namanya, jadi dibilanglah ke anak istrinya kalau dia bertemu dengan Silalahi/Silalaki (sang Lelaki).",0,0.239527,0,0,0.4,1,1,xlm-roberta-large
test,2075,trus kalo ada yang nahan kentut sampe pantatnya memerah langsung dijebolin RS gitu?,0,0.107297,0,0,0.4,1,1,xlm-roberta-large
test,2076,"Kalo emang alasannya anggaran, gw ga sudi cancer di sepakbola merambat ke cabang olahraga lainnya. Let them fail.",0,0.775265,1,1,0.4,0,0,xlm-roberta-large
test,2077,"Oke,deh. Saatnya membakar Samsung M23 yang baru saya beli.",1,0.114914,0,0,0.4,0,0,xlm-roberta-large
test,2078,Kayak China ya. Seru juga,1,0.02934,0,0,0.4,0,0,xlm-roberta-large
test,2079,"Sekarang isunya jadi hangat, tapi siapa yang ingat orang-orang yang dulu sudah koar-koar duluan tentang kualitas udara buruk? Cuma segelintir orang. Orang nanti ingatnya ya artis-artis ini padahal gk ngasih kontribusi sama sekali.",0,0.021125,0,0,0.4,1,1,xlm-roberta-large
test,2080,&gt;keunlock semua dah bahwa gw seorang 1337 hacker hebat luar biasa sampai mampu buka reddit tanpa pake VPN,1,0.512937,1,1,0.4,1,1,xlm-roberta-large
test,2081,Tobat 3 hari,1,0.839504,1,1,0.4,1,1,xlm-roberta-large
test,2082,"Kalo kalian jadi atlet olimpic (summer or winter bebas), kalian bakal jadi atlet cabor apa? Kenapa?",0,0.088269,0,0,0.4,1,1,xlm-roberta-large
test,2083,"Yup, ayam geprek yang paling mantep ya yang boneless (dan udah dalam keadaan dipotong kecil-kecil sebelum ditepungin, beeuuuhhhh best form sih)",0,0.006732,0,0,0.4,1,1,xlm-roberta-large
test,2084,PPP yg lagi sekarat dapat angin segar,0,0.119203,0,0,0.4,1,1,xlm-roberta-large
test,2085,"Uy, ngini Vulp nah, nang maulah seri Bapandiran meaneh saban tahun mulai 2016.",0,0.085023,0,0,0.4,1,1,xlm-roberta-large
test,2086,Bahkan budaya ginian aja dicomot,1,0.884289,1,1,0.4,1,1,xlm-roberta-large
test,2087,mana nih yg biasa anti lockdown sama anti covid koq gak kedengeran ya suaranya?,0,0.135346,0,0,0.4,1,1,xlm-roberta-large
test,2088,Seharusnya dibandingkan dengan USA karena mirip kegedeannya.,1,0.124692,0,0,0.4,0,0,xlm-roberta-large
test,2089,Bukti trauma bukan cuma visum. Itu traum fisik. Kan ada bukti trauma psikologis. Pakai saksi ahli psikolog. Tp karena ini sidang tertutup ya ga tau kita. Tapi pasti ada.,0,0.005011,0,0,0.4,1,1,xlm-roberta-large
test,2090,"first time ngemotor ke kantor sambil ujan, shitshow bet, jaket ujan gua rusak slitingnya jadi baju depan basah smw, untung tas masih ketutup jaketnya.",0,0.024964,0,0,0.4,1,1,xlm-roberta-large
test,2091,"Ngak usah diambil hati, mungkin aja dia ngak mention lu karena emang sering ketemu Lu. Sedangkan maksud dia ke orang yang jarang dia temu.",0,0.008899,0,0,0.4,1,1,xlm-roberta-large
test,2092,"Sorry belinya bukan d indo, tp sing, krn kita tnggalnya d sana, d sana bsa pake nama 2 org",0,0.029507,0,0,0.4,1,1,xlm-roberta-large
test,2093,edit. pake aplikasi m-passport juga daftarnya,0,0.014814,0,0,0.4,1,1,xlm-roberta-large
test,2094,"Dalam setahun, Anda sudah menghasilkan 19x dari rata2 freshgrad.",0,0.135004,0,0,0.4,1,1,xlm-roberta-large
test,2095,"Bingung. Udah MCU di suatu perusahaan yang cukup bonafit tinggal lagi nunggu offering. 5 day workweek, sektor nya finansial yang kemungkinan gue lebih suka dan gue penasaran explore.",0,0.004425,0,0,0.4,1,1,xlm-roberta-large
test,2096,Mungkin karena terapi cuci otaknya.,1,0.875095,1,1,0.4,1,1,xlm-roberta-large
test,2097,Untuk versi non DLC 15rb worth it sih. Dan DLC untuk unlock lagi harga segitu ga aneh untuk rythm game,0,0.007039,0,0,0.4,1,1,xlm-roberta-large
test,2098,"Menikahi orang beriman tinggi, rejeki lancar terus",1,0.912358,1,1,0.4,1,1,xlm-roberta-large
test,2099,Rajin-rajin telpon sama ingetin kondisi di kota rumah sakit udah sepadet apa sama tetangga sekitar lu udah pada tumbang terus harga oksigen mahal dan langka. Tekanin ke mereka kalau ada riwayat penyakit terus kena covid bisa fatal banget.,0,0.009214,0,0,0.4,1,1,xlm-roberta-large
test,2100,Paling lu nonton ounyanya siskaeee,0,0.023264,0,0,0.4,1,1,xlm-roberta-large
test,2101,"Ninja saga juga sama, udah level 80 malah tutup, belum sempet beli emblem lagi",0,0.047869,0,0,0.4,1,1,xlm-roberta-large
test,2102,"Page-nya adit masih aktif ""oh ini yang kemarin"" namanya",0,0.068226,0,0,0.4,1,1,xlm-roberta-large
test,2103,"Oh my, di kupingmu itu di daun telinga apa di dalam lobangnya? Kalau di dalam lobang ga kebayang perihnya gmn.",0,0.018003,0,0,0.4,1,1,xlm-roberta-large
test,2104,Malaysia udah punya liga profesional sih.,0,0.140336,0,0,0.4,1,1,xlm-roberta-large
test,2105,Btw ada one shot judulnya ceramic sky. Art dan story nya baguus banget art,0,0.008046,0,0,0.4,1,1,xlm-roberta-large
test,2106,"itu yg mati di batam dibilang hasil tes negatif juga mungkin kayak test resultnya use medical terms terus petugasnya ctrl-f ""covid 19"" ga ketemu, yauda deh berarti bukan",0,0.208904,0,0,0.4,1,1,xlm-roberta-large
test,2107,Beliin dia ring fit adventure dan bulutangkis yg baru,0,0.879561,1,1,0.4,0,0,xlm-roberta-large
test,2108,"Dan sekarang untuk offline editing da Vinci juga udah mulai bagus, ditambah editing audio yang bagus juga jadi banyak yang beralih dari premiere.",0,0.007621,0,0,0.4,1,1,xlm-roberta-large
test,2109,Marini dulu nikah sama tinton karena diperkosa duluan sama sm tinton,0,0.951142,1,1,0.4,0,0,xlm-roberta-large
test,2110,Amd a9 ram 4 os win 10 kuat nggak buat belajar,0,0.163646,0,0,0.4,1,1,xlm-roberta-large
test,2111,nanti akan dapat sumbangan dari gereja juga kok,1,0.324423,0,0,0.4,0,0,xlm-roberta-large
test,2112,"Buat artifak selama main stat sesuai dan cuma ada dua flat stat hp atau def di subtat, gw anggap itu artifak yg bagus.",0,0.009003,0,0,0.4,1,1,xlm-roberta-large
test,2113,Indonesia selalu dielu2kan krn memiliki kondisi yg sangat ideal... Tp kok tetap mogok ya?,1,0.337094,0,0,0.4,0,0,xlm-roberta-large
test,2114,"Bersyukur aja, ditengah kondisi kayak gini masih dapat penghasilan, coba liat tuh diluar banyak yang sudah di phk/rumahkan sudah tidak ada penghasilan.",1,0.071461,0,0,0.4,0,0,xlm-roberta-large
test,2115,"Rasanya pengen balik Indonesia aja, tp gw bukan anak org kaya. Harus tetep nguli.",0,0.563993,1,1,0.4,0,0,xlm-roberta-large
test,2116,"* Pajak, ngapain bayar mahal kalau cuma dipake beli gorden.",1,0.132964,0,0,0.4,0,0,xlm-roberta-large
test,2117,Kalo mo cek soal OI lebih lanjut maen ke sini aja r/OtomeIsekai. Di sub nya malah ada spreadsheet daftar OI nya tp lebih enak nanya sendiri.,0,0.002867,0,0,0.4,1,1,xlm-roberta-large
test,2118,"pressure untuk berkeluarga dengan patokan hanya pada umur, ini yang bikin overpopulasi tapi dengan kualitas manusia yang rendah",0,0.182717,0,0,0.4,1,1,xlm-roberta-large
test,2119,"Kalo di gue efeknya kayak kopi, bikin melek gitu. Tapi lupa itu yg berapa mg",0,0.012384,0,0,0.4,1,1,xlm-roberta-large
test,2120,Namanya kurang asik wkwk,0,0.169269,0,0,0.4,1,1,xlm-roberta-large
test,2121,Kok kalau gua search di Google nggak keluar foto muka dia ya? Yang keluar malah foto-foto cewek. Dia ini siapa sih?,0,0.09886,0,0,0.4,1,1,xlm-roberta-large
test,2122,Nah! Semoga semua mulus bro 😏,0,0.103522,0,0,0.4,1,1,xlm-roberta-large
test,2123,Ane suka jazz karena untuk buat sample hiphop/boom bap.,0,0.009596,0,0,0.4,1,1,xlm-roberta-large
test,2124,Mungkin dia ukhti dan siap menikah dini,0,0.929216,1,1,0.4,0,0,xlm-roberta-large
test,2125,Kalo agamanya mudah banget diinjek berarti agama yang injek lebih hebat donk,1,0.964422,1,1,0.4,1,1,xlm-roberta-large
test,2126,Tapi banyak pahalanya,1,0.871201,1,1,0.4,1,1,xlm-roberta-large
test,2127,Kalau gubernur yang sekarang kayaknya cuma demi nambah penghasilan yang berkurang karena retribusi berkurang karena COVID.,1,0.191101,0,0,0.4,0,0,xlm-roberta-large
test,2128,Philippines makin banyak softcorenya kadang ada gorenya jg lgi.,0,0.044932,0,0,0.4,1,1,xlm-roberta-large
test,2129,Lumayan bisa buat nampung warga ngungsi kalau banjir,1,0.735831,1,1,0.4,1,1,xlm-roberta-large
test,2130,Makanya presiden perempuannya satu lagi dong nanti,1,0.959762,1,1,0.4,1,1,xlm-roberta-large
test,2131,maybe jawa adalah kooentji,1,0.630102,1,1,0.4,1,1,xlm-roberta-large
test,2132,[mari menyanyikan lagu kebangsaan kita](<link>,0,0.244814,0,0,0.4,1,1,xlm-roberta-large
test,2133,"Simple, karna di indo paling gampang jualan agama. ntah itu produk ataupun politik",1,0.963161,1,1,0.4,1,1,xlm-roberta-large
test,2134,"Si mbok gak masalah jadi pragmatik, ini mah emang beliau lagi ngambek aja sama Jokowi.",0,0.222447,0,0,0.4,1,1,xlm-roberta-large
test,2135,Apa itu bully? Itu cuman becanda antar anak anak,1,0.950457,1,1,0.4,1,1,xlm-roberta-large
test,2136,Positif thinking aja. Effect mahasiswa lulusan jalur covid,1,0.66792,1,1,0.4,1,1,xlm-roberta-large
test,2137,"Cetak di kertas stiker biasa sih bisa (yg teksturnya seperti kertas biasa, tapi belakangnya ada lemnya)",0,0.011687,0,0,0.4,1,1,xlm-roberta-large
test,2138,komik mana? kertaskindew?,0,0.027195,0,0,0.4,1,1,xlm-roberta-large
test,2139,BMW G20 yang baru bro? Sering kok lagi banyak dibicarakan,1,0.126677,0,0,0.4,0,0,xlm-roberta-large
test,2140,"Itu yang bikin gue mikir, coba dari dulu gue udah ngeseks, pasti jago wqwqwqwqwq",0,0.245763,0,0,0.4,1,1,xlm-roberta-large
test,2141,Bangun pagi untuk jadi budak kapitalis lagi. Umur 65 rasanya masih jauh bener...,0,0.88642,1,1,0.4,0,0,xlm-roberta-large
test,2142,"Mending artis jadi tempat cuci uang org2 underground aja deh. Pura2 jualan apa gitu kek, barang yg ga ada yg beli, atau jual skill yg mediocre tp omzet milyaran dan langsung kaya raya….ups….",0,0.941169,1,1,0.4,0,0,xlm-roberta-large
test,2143,"hurr durr, SJW mengambil alih dunia.. hurr durr, media bias ke SJW.",0,0.919281,1,1,0.4,0,0,xlm-roberta-large
test,2144,TERF banyak banget euy. Ga cuma di sini doang sih tbf.,0,0.005544,0,0,0.4,1,1,xlm-roberta-large
test,2145,Oh nice baru tau nyambung jg ma Kaskus ty,0,0.359589,0,0,0.4,1,1,xlm-roberta-large
test,2146,"Kenapa orang jelek kalau lomba tarik tambang, kalah terus?",0,0.887497,1,1,0.4,0,0,xlm-roberta-large
test,2147,"Kekhawatiran lu valid kok, gw aja takut sebenarnya. Makanya kudu hati2, percayalah ada kok orang diluar sana yg paham kalau selingkuh itu ga baik dan gak bakal ngelakuin itu. Idk tapi kalau gw sendiri ga sanggup sih ngelakuin itu, gw sendiri tahu rasanya ga enak banget lol. Sorry ikutan cerita lol",0,0.062217,0,0,0.4,1,1,xlm-roberta-large
test,2148,karena you are beautiful beautiful kamu cantik cantik dari hatimu,0,0.882073,1,1,0.4,0,0,xlm-roberta-large
test,2149,"Gapapa, lagi kambuh aja di tadi. Udah diapus komenny ama momod.",0,0.024377,0,0,0.4,1,1,xlm-roberta-large
test,2150,"Ini maksudnya analogi dari ‘kebutuhan tersier’. Nyari suami jgn yg penting bs makan aja yg kebutuhan primer, tpi kebutuhan tersier macem kosmetik / nyalonpun terpenuhi",0,0.043244,0,0,0.4,1,1,xlm-roberta-large
test,2151,Kuliah online enak. Terpisah dari temen kuliah ga enak,0,0.069289,0,0,0.4,1,1,xlm-roberta-large
test,2152,Dulu gw study di china 2 taun dan gw sndiri chinese indo. Kerjaan gw sama temen2 gw yg lain tuh ngatain kelakuan orng2 cina yang ga jelas ama konyol pake bahasa indo contoh nya “ini si cina bego ama sih kelakuan nya” semacam itulah kata2 nya“.,0,0.011508,0,0,0.4,1,1,xlm-roberta-large
test,2153,"Maksudnya takarannya? Gw kalo bikin latte ya espresso + susu sampai 3/4 gelas. Cuma disesuaikan aja, kalo kopinya kurang kerasa berarti susunya kebanyakan.",0,0.005512,0,0,0.4,1,1,xlm-roberta-large
test,2154,kirain makan harus pake sendok,1,0.905029,1,1,0.4,1,1,xlm-roberta-large
test,2155,"Lho, ini 69D chess dari pakdhe jokowi loh. Kan gini, napi korupsi kan suka jalan2, entah ke singapur atau nonton tenis di bali. Kalao mereka balik rutan bawa corona kan bahaya bagi yg lain. Satu rutan bisa terpapar semua. Harus setuju kalian2 ini.",1,0.925432,1,1,0.4,1,1,xlm-roberta-large
test,2156,"Cuma makin lama makin dikit &amp; rata-rata harus beli diatas sejuta, tapi lumayan langsung dapet 30-50rb.",0,0.003511,0,0,0.4,1,1,xlm-roberta-large
test,2157,Selalu update info lokasi secara berkala (tiap 1/2 jam misalnya) agar bisa dipantau sedang kemana dan dengan siapa. Catat nomor kontak kantor polisi disana untuk hal darurat.,0,0.002981,0,0,0.4,1,1,xlm-roberta-large
test,2158,Coba cek ke internal bang. Katanya lagi di polsek kelapa gading.,0,0.011801,0,0,0.4,1,1,xlm-roberta-large
test,2159,"P.S. Ini gapake kamera 50MPnya zenfone, terlalu wide untuk foto produk.",0,0.067424,0,0,0.4,1,1,xlm-roberta-large
test,2160,"dimedan udah bertahun tahun, masi ga jadi jadi juga tu kereta cepat",0,0.054149,0,0,0.4,1,1,xlm-roberta-large
test,2161,"Yang ini “katanya” masih cover ya, barusan tanya agentnya.",0,0.008627,0,0,0.4,1,1,xlm-roberta-large
test,2162,"kalo menurut logikamu gitu aja curang, maka makanan yang ga ada di zaman nabi muhammad (tapi halal seperti sapi, unggas atau burung, nasi, dsb) ya hitungannya curang",0,0.909707,1,1,0.4,0,0,xlm-roberta-large
test,2163,"Gue nyesel senyesel2nya ngerjain proyek sidejob buat keluarga, gue sih udah bisa ikhlasin ga dapet duit, sekedar minta lunas aja ribet bet tapi kmrn beli iPhone 11 Pro Max 2 biji.",0,0.025251,0,0,0.4,1,1,xlm-roberta-large
test,2164,Selama sesuai dengan kantong ya,0,0.864024,1,1,0.4,0,0,xlm-roberta-large
test,2165,"kesal karena kalah pemilu terus-terusan, seorang pengusaha TV ngambeg dan tidak memperpanjang kontrak untuk season Spongebob terbaru.",0,0.11422,0,0,0.4,1,1,xlm-roberta-large
test,2166,"&gt; Orang ini kebijakan dari pemimpin yang out of touch, bukan dari popular demand.",0,0.046812,0,0,0.4,1,1,xlm-roberta-large
test,2167,diajarin iblis pas adam masih di surga,1,0.963541,1,1,0.4,1,1,xlm-roberta-large
test,2168,MSI 3080 10GB Ventus harga 9.5jt di tokoijo dan tambahan voucher cashback 5% jadi total sekitar 9jt pas.,0,0.012241,0,0,0.4,1,1,xlm-roberta-large
test,2169,"ada yg tau biasanya kan di web illegal tuh banyak iklan judi  dkk,",0,0.110136,0,0,0.4,1,1,xlm-roberta-large
test,2170,"literally keluar dari lingkungan toxic yang bikin anxiety makin parah, mininal dia dapet environtment baru yang which is bikin decision makin lebih rasional.",1,0.162845,0,0,0.4,0,0,xlm-roberta-large
test,2171,Kalo berkenan bagi beritanya dsni dong,0,0.288068,0,0,0.4,1,1,xlm-roberta-large
test,2172,Ohhh TIL. Kupikir pedes krn merah gitukan. Terus merahnya dari mana ya,0,0.251372,0,0,0.4,1,1,xlm-roberta-large
test,2173,lol design haram mengucapkan nya dr awalnya aja udah keren. goblog,0,0.53689,1,1,0.4,0,0,xlm-roberta-large
test,2174,"Ibu/Bapak nanti lurus, lalu masuk jalan sempit di kanan, nah r/anarchychess itu ada di sebelah warung",0,0.038865,0,0,0.4,1,1,xlm-roberta-large
test,2175,"ini dia malah ga lulus sd, gw kenalnya sewaktu jadi network admin warnet 15 tahunan lalu. langganan paket malam. anak punk. masih inget biasa tidur di jembatan dekat warnetnya.",0,0.02342,0,0,0.4,1,1,xlm-roberta-large
test,2176,Hansi Flick gede bebannya tahun depan di Qatar pasti,0,0.792865,1,1,0.4,0,0,xlm-roberta-large
test,2177,fuck legit nauseous. jangan bilang ini settingnya di indo.........,0,0.644896,1,1,0.4,0,0,xlm-roberta-large
test,2178,"Hampir aja aku ngamuk ngamuk, ternyata g-nya cuman satu",1,0.12179,0,0,0.4,0,0,xlm-roberta-large
test,2179,Kirain bakalan goyang-goyang doang layarnya. clickbait ni,1,0.312763,0,0,0.4,0,0,xlm-roberta-large
test,2180,tajir banget cuy. dulu gw cuma punya PS2 itupun hasil nabung hampir setahun  sama adik gw + duit hasil menang kompetisi sekolah soalnya ortu benar-benar gak mau ngebiayain buat beli kyk gituan.,0,0.022564,0,0,0.4,1,1,xlm-roberta-large
test,2181,apakah saya perlu ini,1,0.811415,1,1,0.4,1,1,xlm-roberta-large
test,2182,"Inilah kenapa gw ga sreg sama dokter tadi. Yg masalah mengembangkan pertemana dan cari temen curhat are benign enough. Tapi bagian nyuruh gw beribadah lebih khusuk is a bit uncomfortable tbh. Beragama hari ini harus ati2 man, banyak oportunis ajaib2 atas nama agama.",0,0.091463,0,0,0.4,1,1,xlm-roberta-large
test,2183,Tidak ada yg boros untuk kepentingan ibadah,1,0.911613,1,1,0.4,1,1,xlm-roberta-large
test,2184,Tapi masa mau ketinggalan paket kekinian ini? Kalo lunch nanti ga instastory makan nugget BTS ini ga bisa pansos dong,1,0.941601,1,1,0.4,1,1,xlm-roberta-large
test,2185,"OR, tumis kangkung tanpa ayam. Proteinnya dari Tahu atau Tempe.",0,0.017342,0,0,0.4,1,1,xlm-roberta-large
test,2186,ini trmasuk list ku,0,0.01153,0,0,0.4,1,1,xlm-roberta-large
test,2187,Ini semua soal selera aja,0,0.064359,0,0,0.4,1,1,xlm-roberta-large
test,2188,"Apalagi ini Chia Crypto, udah GPU mahal, tar storage makin mahal juga, ampas. Semoga SSD biasa ga kena pengaruh, yang gw liat rata2 pakai SSD Enterprise.",0,0.005764,0,0,0.4,1,1,xlm-roberta-large
test,2189,Dikritik rakyatnya kok bawa instansi pengkritik,0,0.933794,1,1,0.4,0,0,xlm-roberta-large
test,2190,vape mod? iya bakal murah tiap bulannya. monthly expense gw di vape selama 1 bulan cuma 350rb incl. coil dual alien + liquid 150rb x 2.,0,0.003693,0,0,0.4,1,1,xlm-roberta-large
test,2191,Gw nemu data bagus nih. situs CDC nya US. Angka kematian influenza di log perminggu. Data 2016\~2020,0,0.01685,0,0,0.4,1,1,xlm-roberta-large
test,2192,"Kagak, gw ada kerjaan jadinya cuman mampir doang ke chillax. Ke hitc nya abis balik gawe wkwk",0,0.010945,0,0,0.4,1,1,xlm-roberta-large
test,2193,Sekarang sudah jamannya wanita yang membiayai suami.,1,0.911101,1,1,0.4,1,1,xlm-roberta-large
test,2194,Yhaa setau dua termasuk PHEV...toh?,0,0.163913,0,0,0.4,1,1,xlm-roberta-large
test,2195,Rokpresso GC Pro for daily use yay or nay? Grinder udah ada JX Pro cuma belum punya milk frother yang proper biar bisa bikin cappuccino tiap hari.,0,0.004348,0,0,0.4,1,1,xlm-roberta-large
test,2196,Harusnya ada “demobender”,0,0.855429,1,1,0.4,0,0,xlm-roberta-large
test,2197,"Aku bisa ngerti bbm naik karena konflik internasional, aku bisa maklum harga minyak goreng naik karena pemerintah kewalahan sama mafia, tapi harga kerupuk naik?? This is gone too far, you're crossing the line, Jokowi!!!",1,0.9255,1,1,0.4,1,1,xlm-roberta-large
test,2198,Dasar wumao,0,0.897919,1,1,0.4,0,0,xlm-roberta-large
test,2199,"setuju sih bang, nice info",0,0.129899,0,0,0.4,1,1,xlm-roberta-large
test,2200,Pemaaf dan penyabar juga,1,0.444595,0,1,0.4,0,1,xlm-roberta-large
test,2201,Pasti kalau dimintai contekan pelit wkwk.,1,0.179028,0,0,0.4,0,0,xlm-roberta-large
test,2202,Cocok buat latihan ngeparry,1,0.158369,0,0,0.4,0,0,xlm-roberta-large
test,2203,E46 lah.,0,0.440349,0,1,0.4,1,0,xlm-roberta-large
test,2204,tapi bisa dapet game bajakan gratis,1,0.098252,0,0,0.4,0,0,xlm-roberta-large
test,2205,Jangan lupa dibikin list-nya.,1,0.162446,0,0,0.4,0,0,xlm-roberta-large
test,2206,Khusus diatas 30M,1,0.509795,1,1,0.4,1,1,xlm-roberta-large
test,2207,"pas pagi udah ready to go,",0,0.004232,0,0,0.4,1,1,xlm-roberta-large
test,2208,"Ini kalo ditolak bakal diciduk dan diperkosa gak sama ""oknumnya""",1,0.436142,0,1,0.4,0,1,xlm-roberta-large
test,2209,Ni indonesia dah masuk industri 69.0!,0,0.956268,1,1,0.4,0,0,xlm-roberta-large
test,2210,Ga usah diklik. Ga usah diclose. Ga usah interaksi.,0,0.732616,1,1,0.4,0,0,xlm-roberta-large
test,2211,"Pemerintah sendiri yang menulis, jadi sudah saatnya kita menerima.",1,0.917043,1,1,0.4,1,1,xlm-roberta-large
test,2212,"Edit2: coba tanya2 ke residen yg baru lulus ujian PPDS, info mereka lbh akurat biasanya ketimbang residen senior",0,0.007121,0,0,0.4,1,1,xlm-roberta-large
test,2213,"yang ormas dan warga yang tersinggung juga goblok sih. Nama hanyalah nama, biarpun itu nama nabi tapi yang minum juga bukan nabi. Ada begal nama KTPnya muhammad juga. Lah di Brazil nama Jesus itu nama umum dan gw yakin sebagian pemilik nama Jesus juga pemabokan, tukang kriminal, dan sampah masyarakat.",0,0.042088,0,0,0.4,1,1,xlm-roberta-large
test,2214,jadinya dia minta maap?,0,0.801276,1,1,0.4,0,0,xlm-roberta-large
test,2215,"Yang pasti gw akan pindah someday ke tech company, ga akan di BUMN terus sampai pensiun (at least itu rencana gw sekarang hehe)",0,0.004556,0,0,0.4,1,1,xlm-roberta-large
test,2216,Dapat konten porno darimana yah? bukannya semua situs porno sudah diblokir di Indonesia.,1,0.142829,0,0,0.4,0,0,xlm-roberta-large
test,2217,Gw udah beli belasan game di Eropa bayar pake IDR karena steam gua Indo sejauh ini ngga ada masalah sih. Selama payment method nya sama region harus sama (Steam region Indonesia harus pake CC Indo atau Gift Card Indonesia.),0,0.004915,0,0,0.4,1,1,xlm-roberta-large
test,2218,Bikin judul baru resiko buntung nya lebih gede..,0,0.211498,0,0,0.4,1,1,xlm-roberta-large
test,2219,"Gak terlalu picky jenis berasnya. Yg penting setelah dimasak empuk, gak kering tapi juga gak lengket.",0,0.004877,0,0,0.4,1,1,xlm-roberta-large
test,2220,"Kalau IPKnya ga 4,0, dosennya bisa dililit gurita Cikeas.",0,0.422397,0,1,0.4,1,0,xlm-roberta-large
test,2221,"pemda be like ""beri pelayanan bintang lima dengan fasilitas kaki lima""",0,0.113875,0,0,0.4,1,1,xlm-roberta-large
test,2222,"ya elah suku terdalam aja ga nerima peradaban baru, kayak please stop pakai minyak daur ulang dan ngrokong sepak sehari",0,0.963916,1,1,0.4,0,0,xlm-roberta-large
test,2223,"Bruh.... Memang dihukum tapi orangnya tetap lolos saja, habis dicambuk go on lagi",1,0.895842,1,1,0.4,1,1,xlm-roberta-large
test,2224,Beneran ga sih? Kalo iya ada PM gw dong secret phrasenya apa lmao,0,0.071526,0,0,0.4,1,1,xlm-roberta-large
test,2225,"Di turki pun sebenarnya ada building code juga, cuman yah nggak diikuti",0,0.009108,0,0,0.4,1,1,xlm-roberta-large
test,2226,EEYYYY DILIBURIN SAMA PEMERINTAH,1,0.963437,1,1,0.4,1,1,xlm-roberta-large
test,2227,Kok balik kearah komunisme sih bikin totem kultis penguasa,1,0.963575,1,1,0.4,1,1,xlm-roberta-large
test,2228,Karena di indo sangat segan orang nya.,0,0.89039,1,1,0.4,0,0,xlm-roberta-large
test,2229,Penelitian dan Pengabdian,0,0.063019,0,0,0.4,1,1,xlm-roberta-large
test,2230,"Geraklah, olahraga.",0,0.853058,1,1,0.4,0,0,xlm-roberta-large
test,2231,production cycle. mereka masi kena dampak covid pas awal tahun lalu. terus ada console baru dan graphics card baru yang demand tinggi. tambah lagi apple yang sekarang punya chip sendiri.,0,0.017276,0,0,0.4,1,1,xlm-roberta-large
test,2232,"ada rekomen cloud service? buat backup photos aja sih. selama ini pake google photos dan sbnrnya ok ok aja, cmn untuk 100gb for 27k sebulan sp tau ada yang lebi murah kan",0,0.002492,0,0,0.4,1,1,xlm-roberta-large
test,2233,"Kalo u punya bank yg gratis transfer ke semua bank, transfer ke bank nobu, noreknya masukin no hape ovo yg mau ditopup ditambahin angka 9 di depan.",0,0.055056,0,0,0.4,1,1,xlm-roberta-large
test,2234,"Jangan Surat permintaan maaf, mending adu catur di podcast si botak",1,0.783699,1,1,0.4,1,1,xlm-roberta-large
test,2235,"aku sih ngobrol sm kakak iparku yg orang tegal, juga suaminya saudara. Keduanya ngga lagi tinggal di tegal.",0,0.029788,0,0,0.4,1,1,xlm-roberta-large
test,2236,"Sama aja sih online juga, cuman beda lokasi, perpus jadi meja belajar. Haha unless lu punya tablet, jadi belajarny bisa dimana aja.",0,0.00326,0,0,0.4,1,1,xlm-roberta-large
test,2237,Ngeliatin om u/imamsupriadiBPK ya?,0,0.349283,0,0,0.4,1,1,xlm-roberta-large
test,2238,"Sori bos nggak tahu, bukan saya yang bikin alam semesta. Nggak tahu ada fitur kehidupan sesudah tubuh fisik lu mati atau nggak. Kalaupun ada, belum tentu lu kepikiran dengan dunia fisik juga sih. Ngomong-ngomong soal itu, gw juga jadi kepikiran mungkin suatu hari bakal ada teknologi kloning yang bisa bikin replika 100% persis dengan lu, atau teknologi transfer/copy kesadaran pas sebelum tubuh fisik lu mati.",0,0.044639,0,0,0.4,1,1,xlm-roberta-large
test,2239,"Makasih loh Pak udh ngurangin pertumbuhan esport kita terutama Dota 2. Beneran pak makasih banget, saya yakin Gaben mau susah2 daftarin",1,0.961893,1,1,0.4,1,1,xlm-roberta-large
test,2240,"Mouse ergonomic yang murah ada Anker Vertical Mouse, cuma di sini harganya ga jelas.",0,0.007135,0,0,0.4,1,1,xlm-roberta-large
test,2241,"biar OP denger, apa lagi alesannya.",1,0.201263,0,0,0.4,0,0,xlm-roberta-large
test,2242,"Iya lah, MU kan ngurusin sepak bola",1,0.963196,1,1,0.4,1,1,xlm-roberta-large
test,2243,Siapapun yg naruh text putih diatas latar kuning harusnya dipenjara,0,0.917414,1,1,0.4,0,0,xlm-roberta-large
test,2244,"pas balik ke rumah, cek histori di mbanking, ternyata kena charge 7.5k sekali tarik gara-gara that particular ATM isn’t in ATM Link network. dikarenakan gue harus narik dua kali (sistemnya ga nyediain custom amount), jadi totalnya 15k",0,0.012077,0,0,0.4,1,1,xlm-roberta-large
test,2245,"Bagi yang masih menutupi identitas LGBT-nya, just live your best life to the fullest. Jangan biarkan stigma sosial menekan kehidupan kamu sampai-sampai kamu harus ngedekem dalam closet kayak tikus got yang kuyup kebasahan aer comberan, takut banget kena prosekusi klo kelihatan masyarakat umum. Kamu berhak untuk bahagia dalam hidup kamu sebagai LGBT.",0,0.040922,0,0,0.4,1,1,xlm-roberta-large
test,2246,"Bro sumpah lu harus liat bro, jadi ni orang berubah jadi siluman acar bro. Sumpah, itu hal terkocak yang pernah gw denger",0,0.095687,0,0,0.4,1,1,xlm-roberta-large
test,2247,Sekarang masih ada kok beberapa cewe muslim Indo yang sehari-harinya gak pake hijab. Mereka cuma pake itu pas lagi ada momen tertentu aja. Di Malaysia ada juga sih sebetulnya di kota-kota besar macam KL.,0,0.006351,0,0,0.4,1,1,xlm-roberta-large
test,2248,Info yang menarik ini untuk para komodos disini,0,0.134605,0,0,0.4,1,1,xlm-roberta-large
test,2249,Lebih mirip nasi bebek. Bener enak tp jangan berharap sehat,0,0.028248,0,0,0.4,1,1,xlm-roberta-large
test,2250,Kalo soal cinta bisa sih memang ya istilahnya dibuat.. Kayak setelah nikah ternyata baru cinta.. Tapi itu kan langka sangat,0,0.125493,0,0,0.4,1,1,xlm-roberta-large
test,2251,"KORUPSI LEBIH UTAMA UNTUK DIBASMI KAN?? Kalau maksa jilbab, mah berarti elunya islamophobia dan tidak respek ama budaya kami.",1,0.935287,1,1,0.4,1,1,xlm-roberta-large
test,2252,"Yang terjamin si merek anker, gw pake yang upto 60W.",0,0.00345,0,0,0.4,1,1,xlm-roberta-large
test,2253,&gt;Di persepsi gw cuma sesimple kalau muslim bantu orang harus pilih2 seiman atau tidak.,0,0.046987,0,0,0.4,1,1,xlm-roberta-large
test,2254,Tp pasti jd berat dan besar.,0,0.161452,0,0,0.4,1,1,xlm-roberta-large
test,2255,Harusnya gua ga scroll ke bawah :((((((,0,0.079068,0,0,0.4,1,1,xlm-roberta-large
test,2256,"yang gw tangkep cuman jawa tengah lebih halus, kon jadi koe, udah sisanya gatau lagi",0,0.089773,0,0,0.4,1,1,xlm-roberta-large
test,2257,ga mungkin kan data KTP gitu bisa request dihapus,0,0.962848,1,1,0.4,0,0,xlm-roberta-large
test,2258,"Buat jalan-jalan masih oke juga tuh (cuma tanpa AC aja), dapat barang bagus. Alhamdulillah.",0,0.011094,0,0,0.4,1,1,xlm-roberta-large
test,2259,Lah itu thread sebelah kurang panas?,0,0.692915,1,1,0.4,0,0,xlm-roberta-large
test,2260,Kuliah? Damn dulu gw kalo libur hari raya lebaran bisa sampe 1 bulan,0,0.360939,0,0,0.4,1,1,xlm-roberta-large
test,2261,banyak masalah tapi bisa dibilang relatif sukses lah ya wsbk..,0,0.020804,0,0,0.4,1,1,xlm-roberta-large
test,2262,"satpol pp badung, yang badung satpol pp nya atau bulenya sih ini? ( ͡° ͜ʖ ͡°)",1,0.154121,0,0,0.4,0,0,xlm-roberta-large
test,2263,Tahukah kamu kalau abang Hindia juga ada di Reddit wkwkkw,0,0.754508,1,1,0.4,0,0,xlm-roberta-large
test,2264,"apa???? genose kan solusi murah, mending situ aj yg pake antigen/pcr.",1,0.959269,1,1,0.4,1,1,xlm-roberta-large
test,2265,Jadi kaya foto bareng ibu-anak,0,0.211173,0,0,0.4,1,1,xlm-roberta-large
test,2266,"Supaya turun anggaran buat beli ini itu yg ujung2nya gak ada yg pada bisa pke n berakhir d gudang. Tapi duit hasil ""*ehem*"" d bagi2 buat beli bakso rame2",0,0.014037,0,0,0.4,1,1,xlm-roberta-large
test,2267,Apakah ada negara [Shinnippori](<link> di world cup?,1,0.813609,1,1,0.4,1,1,xlm-roberta-large
test,2268,"Enggak kok, sabtu emang masuk. Yang ada gini :",0,0.073231,0,0,0.4,1,1,xlm-roberta-large
test,2269,Mau nyulik orang ya bang?,0,0.836187,1,1,0.4,0,0,xlm-roberta-large
test,2270,"Cc pwa ""you jadi orang gitu amat keterlaluan laaa""",0,0.449,0,1,0.4,1,0,xlm-roberta-large
test,2271,"Saya umur 31 saja mau punya anak 1 lagi masih mikir"", lah ini",0,0.851645,1,1,0.4,0,0,xlm-roberta-large
test,2272,"Malu lah, dari dulu ke sekarang kampanye anti jokowi masa tiba2 minta ampun ke beliau jg. Think pak hakim think",1,0.666727,1,1,0.4,1,1,xlm-roberta-large
test,2273,"anggep aja ketelen blackhole, gak akan ketemu lg",1,0.778523,1,1,0.4,1,1,xlm-roberta-large
test,2274,ganti kacamata frame yg lebih lebar? 🤔,0,0.114319,0,0,0.4,1,1,xlm-roberta-large
test,2275,"DPR tidak perlu **""fakta""**",1,0.855851,1,1,0.4,1,1,xlm-roberta-large
test,2276,disclaimer: nggak menjamin pasti berhasil,0,0.087876,0,0,0.4,1,1,xlm-roberta-large
test,2277,bisa-bisa nanti orang susah juga di vaksin,1,0.841793,1,1,0.4,1,1,xlm-roberta-large
test,2278,Di daerah/desa ya tetap buka tapi pakai tirai. Entah kenapa yg di kota kok dgenerate gt otaknya,1,0.084493,0,0,0.4,0,0,xlm-roberta-large
test,2279,"Sebenernya, proyek ini bener2 pemaksaan sih. Feasibility study bisa dibilang ""ngerampok"" punya JICA, habis itu si Jonan gamau ijinin, baru deh dari manuver si Rini geser kiri kanan bisa jalan ini proyek. Sekarang Luhut yang megang ini project karena udah ada potensi gagal dan kalau doi yang megang, biasanya doi megang dalam kondisi kritis. Inget, penanganan kopid diambil alih luhut dan doi bersedia ngebemperin.",0,0.007135,0,0,0.4,1,1,xlm-roberta-large
test,2280,Ini serius gw beli milo kaleng dua cuma 12 ribu? Nestle lagi promo ya?,0,0.155719,0,0,0.4,1,1,xlm-roberta-large
test,2281,"harusnya bisa kelar di poin pertama ye, apalagi indonesia katanya mengedepankan musyawarah untuk mufakat 🙄",0,0.159872,0,0,0.4,1,1,xlm-roberta-large
test,2282,"Gw gk nyangka, bisa sampe bikin tenggorokan lu kering, Lu selain peka terhadap bau peka terhadap apa lagi?",0,0.472653,0,1,0.4,1,0,xlm-roberta-large
test,2283,Maklum negara agama memang gini,1,0.884589,1,1,0.4,1,1,xlm-roberta-large
test,2284,"Hey I knew this from the Vox video, ternyata gabener ada benernya juga",1,0.72287,1,1,0.4,1,1,xlm-roberta-large
test,2285,youtuber juga kayaknya udah saturated.. pada ngejar adsense. Kalau dibidang tech banyak reviewer udah pada ngejar monitesasi dan jadi outlet promo brand.. kalau ga pada rada-rada leaning.. macem gontagantihape ngaku fans berat huawei dan push banget brand ini..,0,0.018476,0,0,0.4,1,1,xlm-roberta-large
test,2286,"&gt;pernyataan Iya/Tidak seharusnya mesti berlaku dalam persenggamaan, apapun konteksnya?",0,0.003714,0,0,0.4,1,1,xlm-roberta-large
test,2287,"Ah ini mah kultur kantornya aja. Kalo email bisa dicek di rumah toh, gak ada Whatsapp juga bisa SMS/telp.",0,0.110184,0,0,0.4,1,1,xlm-roberta-large
test,2288,kambing juga kah gara gara janggutnya?,1,0.169406,0,0,0.4,0,0,xlm-roberta-large
test,2289,Gw kira bakal disensor pasang iklan dari Indihome,1,0.28592,0,0,0.4,0,0,xlm-roberta-large
test,2290,"nah itu, bapak pengen ngerasain suasana hening",0,0.302365,0,0,0.4,1,1,xlm-roberta-large
test,2291,"Turun prihatin atas kejatuhan Afghanistan, Amerika dan sekutunya hampir gk mungkin masuk kesana lagi, karena baru beberapa waktu lalu Amerika tarik pasukannya.",0,0.069101,0,0,0.4,1,1,xlm-roberta-large
test,2292,tapi kan cuma deket ke warung doang ngapain sik pake helm,1,0.9633,1,1,0.4,1,1,xlm-roberta-large
test,2293,"Pemudik ga mikir lah keselamatan ortunya, cepat dapat warisan malah",1,0.96378,1,1,0.4,1,1,xlm-roberta-large
test,2294,"Hiih, minyak goreng dong, biar basahnya lebih luxury. Ato minyak kayu putih biar ga kedinginan",1,0.964288,1,1,0.4,1,1,xlm-roberta-large
test,2295,Yuk mau chirazi boleh sushi biasa boleh. Lemper sama semar mendem juga boleh,0,0.071397,0,0,0.4,1,1,xlm-roberta-large
test,2296,terserah yg jual mau jual apaan. ingat rejeki udh ada yg ngatur,1,0.406244,0,1,0.4,0,1,xlm-roberta-large
test,2297,"Parah sih. Riding santai malem-malem, saling sapa sesama anak motor, ga ada bang jago, ga ada bocil-bocil ga jelas, makan enak, bisa betot gas 5km lebih.",0,0.017309,0,0,0.4,1,1,xlm-roberta-large
test,2298,"Nggak, gw udah ngomong sm doi. Cuma nyokap w agak guilt trip w pas w nelpon..",0,0.017243,0,0,0.4,1,1,xlm-roberta-large
test,2299,Ini baru beneran tolol. Kalo kabel dipotong itu masih mungkin dilakukan kompetitor biar reputasi ispnya jlek,0,0.393935,0,0,0.4,1,1,xlm-roberta-large
test,2300,"Emang gw akuin koridor 6 TJ drivernya pada mantan pembalap WRC pada umumnya, tp mereka ada di trayeknya sendiri dan pejalan kaki juga ada trayeknya, cuma ya gtu",0,0.02542,0,0,0.4,1,1,xlm-roberta-large
test,2301,"Jadi semisal kamu diminta untuk menghubungi Pak A untuk mencari informasi, tapi kamu agak ragu apa bisa bertemu.",0,0.006145,0,0,0.4,1,1,xlm-roberta-large
test,2302,Nggak tahu tuh.. mungkin sebelah gue tahu..,1,0.049222,0,0,0.4,0,0,xlm-roberta-large
test,2303,JATIM ISO,1,0.19962,0,0,0.4,0,0,xlm-roberta-large
test,2304,Ilangin belang coba dibantu pake salep/serum vitamin C juga biar lebih cepet,0,0.882073,1,1,0.4,0,0,xlm-roberta-large
test,2305,Bisa lanjut zakat buat menyucikan hartanya,1,0.963161,1,1,0.4,1,1,xlm-roberta-large
test,2306,Aku baru 19 tahun kakakkkk... masih pink lubang anusnya..,1,0.211335,0,0,0.4,0,0,xlm-roberta-large
test,2307,kasian gantengan dan lebih kaya raditya dika,0,0.963231,1,1,0.4,0,0,xlm-roberta-large
test,2308,"Setuju sama tips yg lu kasih, beli kaos polos lusinan hahaha. Murah meriah, bahan bagus.",0,0.006758,0,0,0.4,1,1,xlm-roberta-large
test,2309,"..... gigi wajib ditambal, beberapa ada yang gejala ringan, beberapa ada yang mulai berat",0,0.063599,0,0,0.4,1,1,xlm-roberta-large
test,2310,"2. Penjarain, di dalem bikin buku, keluar dengan brand image baru yg lebih mantap untuk dijual",0,0.082401,0,0,0.4,1,1,xlm-roberta-large
test,2311,emang sudah mendarah daging,0,0.927495,1,1,0.4,0,0,xlm-roberta-large
test,2312,"Padahal hasilnya dia mau sumbang buat Palestina itu Pak, kok ditangkap sih? Dasar pendukung Israel komunis Islamphobia",1,0.96378,1,1,0.4,1,1,xlm-roberta-large
test,2313,Mana mereka peduli yg penting memberantas riba,1,0.963161,1,1,0.4,1,1,xlm-roberta-large
test,2314,"Inndustri mending bangun di Gresik, atau malah sekalian Lamongan",0,0.789071,1,1,0.4,0,0,xlm-roberta-large
test,2315,Cari kerjaan baru apa cari sultan-sultan yang baik enough untuk aku? Lol,0,0.214733,0,0,0.4,1,1,xlm-roberta-large
test,2316,"kenapa itu penting? setiap kali melewati pos pemeriksaan, ata NAT layer itu maka akan ada latency dan proses tambahan... jadi misal :",0,0.024446,0,0,0.4,1,1,xlm-roberta-large
test,2317,Bacot anjing tinggal ngomong send nudes aja ribet banget,0,0.229492,0,0,0.4,1,1,xlm-roberta-large
test,2318,"sementara itu dibelakang meja : lu yg bikin plastik, gue yg mungut, dia yg bikin baju, mark up-nya utk bareng-bareng.",0,0.009197,0,0,0.4,1,1,xlm-roberta-large
test,2319,siapa lagi nih? klonengan nexus?,0,0.825695,1,1,0.4,0,0,xlm-roberta-large
test,2320,Sambil nyebar WA kalo ada drone yg nyebar racun ke umat. Syukron.,0,0.296603,0,0,0.4,1,1,xlm-roberta-large
test,2321,Tapi dengan adanya kasus PD namanya si AHY bakalan keangkat lagi,0,0.205217,0,0,0.4,1,1,xlm-roberta-large
test,2322,Yang penting akuh di LN... lhaa situ?,1,0.960584,1,1,0.4,1,1,xlm-roberta-large
test,2323,"Dan juga pola pikir orang medan udah kena, kaya ga tau orang kita (batak) aja lae, orang batak itu keras kepala, susah diatur dan dibilangin",0,0.476153,0,1,0.4,1,0,xlm-roberta-large
test,2324,A Singapore reference on r/Indonesia? Apakah ini penjajahan? Oh no 😱😱😱,1,0.963437,1,1,0.4,1,1,xlm-roberta-large
test,2325,"Salah korbannya wajahnya cakep, jadi kan sagne tuh si heri",1,0.962813,1,1,0.4,1,1,xlm-roberta-large
test,2326,"pas daftar pse kmaren aja klo webnya eror muncul keterangan ""kesalahan dari sisi user""",0,0.064831,0,0,0.4,1,1,xlm-roberta-large
test,2327,ketimpa meteor masuk adukan semen dulu ngga,0,0.592888,1,1,0.4,0,0,xlm-roberta-large
test,2328,apakah ini sabotase dari umat Indomie?,1,0.963848,1,1,0.4,1,1,xlm-roberta-large
test,2329,"yg mengajukan pailit itu salah satu waralaba di Amerika Serikat, bukan pemilik merk Pizza Hut yaitu Yum Brand. Yum Brand sendiri masih baik2 saja, jadi kalau NPC mau bangkrut kecil atau bahkan tidak ada efeknya ke PT. Sarimelati Kencana selaku pemegang hak waralaba Pizza Hut di Indonesia",0,0.041153,0,0,0.4,1,1,xlm-roberta-large
test,2330,keknya dari toko baju the don's house,0,0.014309,0,0,0.4,1,1,xlm-roberta-large
test,2331,"Sebel ane, dihalaman tetangga ada aquarium ditaruh luar yang gak pernah dikuras. Emang ada ikannya 1 biji sama tanemannya, tapi juga jadi lahan berkembang biak nyamuk. Mana banyak banget lagi nyamuknya",0,0.014392,0,0,0.4,1,1,xlm-roberta-large
test,2332,Naliko aku iseh bocah,0,0.708011,1,1,0.4,0,0,xlm-roberta-large
test,2333,komen akun lu tentang itu semua (statement) (emot  🤭),0,0.019757,0,0,0.4,1,1,xlm-roberta-large
test,2334,"saya ada free award, ada yang mau? harus dipakai dalam 24 jam",0,0.392968,0,0,0.4,1,1,xlm-roberta-large
test,2335,"biasa, pengalihan issue",0,0.080357,0,0,0.4,1,1,xlm-roberta-large
test,2336,"nasi uduk + tempe oreg + bihun goreng + telor balado bulet + bala bala/bakwan sayur....oh lupa, kerupuk",0,0.020567,0,0,0.4,1,1,xlm-roberta-large
test,2337,"Mantap kita lebih banyak dari Rusia dan mampu bersaing dengan USA hanya 5k an saja yang dihapus, harus bangga sebagai anak Indonesia",1,0.96378,1,1,0.4,1,1,xlm-roberta-large
test,2338,"Hati besi sih, hati besi. Masalahnya besinya udah karatan :(",0,0.098166,0,0,0.4,1,1,xlm-roberta-large
test,2339,"1. Kalau windows, install ulang driver, ambil dari situs pabrikan laptopnya, jangan generik atau dari macam driverpack. Versi lama gpp, yang penting work.",0,0.01302,0,0,0.4,1,1,xlm-roberta-large
test,2340,ngga coba chat support minta dibuatin case #? baru terusin ke AASP nya.,0,0.095013,0,0,0.4,1,1,xlm-roberta-large
test,2341,Oh oke. Belom pernah sampe dingin sih karena biasanya udah keburu abis. Kalo air gue pake RO aja sih. Udah males nyediain air khusus kayak dulu sampe bikin specialty water segala.,0,0.004486,0,0,0.4,1,1,xlm-roberta-large
test,2342,"Kalo saya ya, kalo konteksnya formal, saya pasti nggak campur bahasa dalam satu kalimat ato paragraf. Ato buat khalayak publik.",0,0.022759,0,0,0.4,1,1,xlm-roberta-large
test,2343,"Gw ga suka nonton mukbang soalnya eneg liat porsinya, lebih suka nonton yang biasa2 aja.",0,0.013402,0,0,0.4,1,1,xlm-roberta-large
test,2344,Jd mesti cari cara hypnosis nih?,0,0.146514,0,0,0.4,1,1,xlm-roberta-large
test,2345,"coworker satu telponan sama ibunya pake bahasa perancis, satunya telponan sama temennya pake bahasa spanyol, atasan lagi benerin filter ac divakum kotorannya, belum suara mesinnya.",0,0.028598,0,0,0.4,1,1,xlm-roberta-large
test,2346,"Sehari makan sekali cukup kan ya, lumayan sisa 150rb nya",1,0.828315,1,1,0.4,1,1,xlm-roberta-large
test,2347,ini bu tejo adegan yg abis title drop di belakang maksudnya apa dah,0,0.07836,0,0,0.4,1,1,xlm-roberta-large
test,2348,Raiso uwel-uwel nanti tangan kena cakar-cakar.,0,0.294215,0,0,0.4,1,1,xlm-roberta-large
test,2349,Katanya sih 2026 atau 2027 Jakarta bakal bebas kabel so we’ll see about that,0,0.153994,0,0,0.4,1,1,xlm-roberta-large
test,2350,"Tiati kicep, apalagi kalo ngepaste sesuatu yang confidential (eg. credentials) ke tempat yang ga bisa recall. Gw sekarang biasain diri buat paste ke TextEdit/Sublime dulu sebelum paste ke tujuan akhirnya, buat make sure apa yang gw copy udah bener.",0,0.004078,0,0,0.4,1,1,xlm-roberta-large
test,2351,"Iya betul, ini juga mau lapor polisi",0,0.149345,0,0,0.4,1,1,xlm-roberta-large
test,2352,"[Masih asli kok, cuma dari got](<link>",1,0.190573,0,0,0.4,0,0,xlm-roberta-large
test,2353,"Penafian! Mungkin gw agak bias karena sekolah di swasta yang dianggap kelas atas dulu. Sebagai perbandingan, uang per bulan Rp1.200.000.",0,0.068475,0,0,0.4,1,1,xlm-roberta-large
test,2354,"Well, wholesome juga sih",1,0.176956,0,0,0.4,0,0,xlm-roberta-large
test,2355,"Ya elah, udah gini, antivaxxer juga.",0,0.071397,0,0,0.4,1,1,xlm-roberta-large
test,2356,"Kemudian selain dari sisi mikrobiologi, banyak juga heavy metal yang diluar batas wajar. Gak smua heavy metal itu bahaya ya. Tp ada yang bahaya banget dan efeknya kronis.",0,0.003622,0,0,0.4,1,1,xlm-roberta-large
test,2357,"In return dospem buat target kapan selsai bab ini kapan ngerjain praktikum, dll. Kalau dospem gw misal kita gak sesuai target dia lgsg di telpon, kyk hari itu juga disuruh dtg ke kmpus nti di tanyainlah ato dibntuin, ya otomatis gw jga kaget dospem peduli banget..",0,0.005753,0,0,0.4,1,1,xlm-roberta-large
test,2358,"Iya (gw ngobrol dgn ibunya sendiri, ga katanya2), dia mesti standby dket HP jam 7-12 (masih SD) Yg repot ngajarin ortunya, krn ga ada rekaman gurunya ngajarin. Pastinya beda2 sih,  ga tau kalo sekolah lain.",0,0.0051,0,0,0.4,1,1,xlm-roberta-large
test,2359,&gt;Riset yang selalu jadi panutan di Indonesia itu ya kebanyakan engineering,0,0.138637,0,0,0.4,1,1,xlm-roberta-large
test,2360,Check out r/fitness wiki. Bisa juga diskusi dan ngobrol di r/sehat.,0,0.006027,0,0,0.4,1,1,xlm-roberta-large
test,2361,sekalian hbs itu bulan madu self isolate 14 hari,0,0.190047,0,0,0.4,1,1,xlm-roberta-large
test,2362,"Sekedar perbandingan, air laut itu 3.5 persen.",0,0.009671,0,0,0.4,1,1,xlm-roberta-large
test,2363,susah ngab. rasanya cm waktu dan usaha berulang kali kudu menepati janji sama orang itu. intinya biar keliatan klo udh nyesel dan bisa berubah menjadi orang yg bisa dipercaya lg.,0,0.0059,0,0,0.4,1,1,xlm-roberta-large
test,2364,"Ini gw beneran nanya, kalo org curhat gw harusnya bales apa sih. Ap cuman ngangguk” aja.",0,0.015754,0,0,0.4,1,1,xlm-roberta-large
test,2365,&gt;palingan entah venting di reddit atau dipendem,0,0.108614,0,0,0.4,1,1,xlm-roberta-large
test,2366,"Oh? Oke bro, terima kasih infonya, gue gatau kalo app masih bisa haha.",0,0.012528,0,0,0.4,1,1,xlm-roberta-large
test,2367,"Nih China mau mapping perairan indonesia nih... Biar kedepan kalau ada ""masalah"" sama klaim Indonesia yang ga setuju ma 9 dashline..",1,0.126084,0,0,0.4,0,0,xlm-roberta-large
test,2368,Menurut gw itu lebih ke kayak unwritten rules in Minecraft. Contohnya never dig straight down,0,0.011486,0,0,0.4,1,1,xlm-roberta-large
test,2369,"Bodo amat pokoknya r/fuckcars, persetan kalau kalian kerja lapangan atau bawa lansia, pokoknya wajib naik kendaraan umum",1,0.920325,1,1,0.4,1,1,xlm-roberta-large
test,2370,Di sini juga boleh dan memang hak warga negara. Cuma polisi di sini gak peduli kalau mereka menghalangi hak warga dan pemerintah juga gak peduli kecuali sampe jadi viral.,0,0.002878,0,0,0.4,1,1,xlm-roberta-large
test,2371,Remember mereka merjer itu pretense pertamanya karena ISAT hampir ga kebagian frek 5G.,0,0.017849,0,0,0.4,1,1,xlm-roberta-large
test,2372,"Karna nakes lainya itu mata mata pemerintah, jadi suara kami yg harusnya lebih didengar",1,0.820541,1,1,0.4,1,1,xlm-roberta-large
test,2373,Sekarang ada alasan kenapa malaysia harus jadi provinsi terbarunya indonesia,1,0.933854,1,1,0.4,1,1,xlm-roberta-large
test,2374,Apakah masyarakat mau membayar mesin cuci yg hemat 5 watt tp harga naik 300 ribu?,0,0.452173,0,1,0.4,1,0,xlm-roberta-large
test,2375,"kadang kalau bukan di toko official, ada aja problemnya, entah problem kecil2 macam lecet, ada bagian yg patah (tapi dikit)",0,0.004273,0,0,0.4,1,1,xlm-roberta-large
test,2376,"Lah ini kan hasil dari pemerintah yang awalnya nutup-nutupin itu kan, dan cenderung menganggap enteng virus ini di awal? Bukannya ini end goalnya biar masyarakat ga panik, jangan heran kalo ada orang yang bilang kalo berita virus terlalu dibesar2kan",1,0.329688,0,0,0.4,0,0,xlm-roberta-large
test,2377,maksudnya kalo malem bakal di atas ayu tingting,1,0.034424,0,0,0.4,0,0,xlm-roberta-large
test,2378,"no. uang setan gak bakalan bikin lu kaya. lu mau kaya, kerja yg benar.",0,0.9633,1,1,0.4,0,0,xlm-roberta-large
test,2379,"Caranya mudah, anda cuma perlu punya duit banyak",1,0.963472,1,1,0.4,1,1,xlm-roberta-large
test,2380,"Apparently udah coba suggest kawan"" op buat nganti password, tapi cuman di kasih emot sticker aja yaelah",0,0.093844,0,0,0.4,1,1,xlm-roberta-large
test,2381,Gk... nunggu lagi Ryzen 4000 Desktop / Zen3 keluar akhir taun,1,0.1712,0,0,0.4,0,0,xlm-roberta-large
test,2382,"Nunggu selesai, berat kalau dapat cliffhanger hahaha. Untungnya ga ada nemu spoiler juga. Gimana so far? Oke ga?",0,0.008511,0,0,0.4,1,1,xlm-roberta-large
test,2383,"Sebenernya akhiran itu enggak harus swear word. Bisa aja aja akhiran diganti kata yang lebih netral kayak bro/sis, men, cuy, yang,",0,0.021677,0,0,0.4,1,1,xlm-roberta-large
test,2384,"Emang itu buku apa? Kalau novel mungkin bisa-bisa aja 3 hari beres, kalau buku textbook level kuliah susah kecuali kamu emang jenius.",0,0.009073,0,0,0.4,1,1,xlm-roberta-large
test,2385,"Ada yang jual inang-nya virus, lagi butuh nih.",0,0.134094,0,0,0.4,1,1,xlm-roberta-large
test,2386,"Just saying, nyenengin orangtua bukan kewajiban anak.",0,0.096877,0,0,0.4,1,1,xlm-roberta-large
test,2387,"Bloody Mary tuh nama asalnya dari Ratu Inggris , bukan dari emaknya Yesus (Isa), ya jadi ngk masalah mau dimana pun.",0,0.122366,0,0,0.4,1,1,xlm-roberta-large
test,2388,karena akses pembayaran lebih banyak,0,0.889337,1,1,0.4,0,0,xlm-roberta-large
test,2389,Terkadang minat itu datangnya terlambat.,0,0.045991,0,0,0.4,1,1,xlm-roberta-large
test,2390,"Iyaa tau, kamu godain semua cwe dct haha",0,0.338678,0,0,0.4,1,1,xlm-roberta-large
test,2391,Padahal kemaren sempet bangga karena itu belokan terpanjang buatan anak bangsa. Itu buatnya g pakai konsultasi/diawasi engineer keretanya kah? Fatal banget kesalahannya udah mau launch. Kemaren juga sempet tabrakan.,0,0.883488,1,1,0.4,0,0,xlm-roberta-large
test,2392,"liat aja browsing historynya, nonton bokepnya menyimpang ga? kalo menyimpang, pasti homo",1,0.958109,1,1,0.4,1,1,xlm-roberta-large
test,2393,"Sebagai pengemudi Jimny butut, i'm triggered with this comment",1,0.362631,0,0,0.4,0,0,xlm-roberta-large
test,2394,Zonasi sekolah2 bisa jadi begini gaksih?? Tapi tiap wilayah di jkt ada aja slumnya sih.. hahaha so much with pemerataan,0,0.074433,0,0,0.4,1,1,xlm-roberta-large
test,2395,"Is this job sus? Disuruh ngisi pre interview form, dengan pertanyaan aneh2.",0,0.083068,0,0,0.4,1,1,xlm-roberta-large
test,2396,6. Persebaya berusaha dan berhasil menang.,1,0.076064,0,0,0.4,0,0,xlm-roberta-large
test,2397,"Kalo lu cape dengerin wejangan yg itu² aja yaudah lu lakuin apa yg mereka mau atau pergi dan hidup sendiri, tapi jangan lost contact, ada waktunya kalo lu bakal sadar sama yang mereka maksut, dan lu pasti nemuin permasalahan baru tentang hidup dan lu pasti butuh wejangan/nasihat dari ortu lu.",0,0.025982,0,0,0.4,1,1,xlm-roberta-large
test,2398,"Di IT ga ada skill yg sia2 kok karena semuanya masih berhubungan. Yg penting niat belajar dan ngembangin diri aja. Jangan kaku dengan visi atau keinginan kita, karena bidang IT sendiri masih terus berkembang juga",0,0.047736,0,0,0.4,1,1,xlm-roberta-large
test,2399,temen2 gua yang setahun di FK Swasta pada pindah di tahun keduanya. Pas PPDS asal univ ngefek banget.,0,0.015514,0,0,0.4,1,1,xlm-roberta-large
test,2400,"Gappapa, kan user researchnya bisa tinggal liat analytics appnya aja, gaperlu cape2 kewarung ygy",1,0.932238,1,1,0.4,1,1,xlm-roberta-large
test,2401,"Banyak yg maen di wilayah jakarta, tangerang, bali.",0,0.006998,0,0,0.4,1,1,xlm-roberta-large
test,2402,Stidaknya nayeon lebih sibuk kerja?,1,0.905155,1,1,0.4,1,1,xlm-roberta-large
test,2403,"Masalahnya, apakah cawe cawe ini sebagai Jokowi sang politikus atau sebagi Presiden?",0,0.08617,0,0,0.4,1,1,xlm-roberta-large
test,2404,napa ngga lu sekalian turun tangan langsung kalo gitu?,0,0.551845,1,1,0.4,0,0,xlm-roberta-large
test,2405,"kadang2 lucu... ada kebakaran hutan di indonesia, pada koar2... pas lg enak2 udara bersih2.. malah ngudut rokok (asap) atau bakar sampah (asap)... itulah indonesia...",1,0.256599,0,0,0.4,0,0,xlm-roberta-large
test,2406,"Ya namanya poll what if dengan dua pilihan yang sama sama merugikan. Kalo ada pilihan jujur tapi kaya juga pasti milih itu. Atau ga usah kaya deh, jujur tapi sederhana pun pasti lebih banyak dipilih. Ga bisa dibilang orang disini pada mau kaya hasil korup, yang pasti banyak orang ga mau jadi miskin.",0,0.361108,0,0,0.4,1,1,xlm-roberta-large
test,2407,"jadi, apakah anies udah minta izin dengan tuhan?",1,0.91267,1,1,0.4,1,1,xlm-roberta-large
test,2408,"Anjir 1660 super 9juta, rtx 3070 21 juta",0,0.036908,0,0,0.4,1,1,xlm-roberta-large
test,2409,Dan berujung jadi geng motor “takut begal club”.,0,0.047514,0,0,0.4,1,1,xlm-roberta-large
test,2410,dan hidup juga gini gini aja.. hhhh,0,0.103386,0,0,0.4,1,1,xlm-roberta-large
test,2411,yah gue kapan,1,0.684102,1,1,0.4,1,1,xlm-roberta-large
test,2412,"Tapi lama kelamaan jadi males juga kalau streamernya terlalu pandering kesana buat dapet donasi sama viewer, apalagi kalau lu streamer (yang dari awal jadwal streamingnya ngaco) yang berbulan - bulan hiatus gada kabar pas online live cuma umumin merch sama baca superchat, sementara kolega elu yang lain rajin banget stream ikutin regulasi dan masi berkabar di sosmed jika sedang off.",0,0.022053,0,0,0.4,1,1,xlm-roberta-large
test,2413,"jadi presiden vietnam gampang korupsi gitu ye, bang?",0,0.962143,1,1,0.4,0,0,xlm-roberta-large
test,2414,emang ya kecanduan judi itu bahaya banget solanya gw udah liat ada 2 sodara gw yang hidupnya hancur bener2 dari sisi finansial dan relasi sama keluarga gara2 judi.,0,0.023198,0,0,0.4,1,1,xlm-roberta-large
test,2415,"Sicepat reguler gak masalah kok, 2 hari selalu sampai, berkali2 order dalam seminggu. Itu batam aja gak sampai seminggu. Cuma kalau pakai kurir rekomendasi bobrok naudzubilah",0,0.019327,0,0,0.4,1,1,xlm-roberta-large
test,2416,Eh bukannya sama si ytber yg sok edgy itu dah ga boleh ya pake kata anjay dan kwn²nya,1,0.116211,0,0,0.4,0,0,xlm-roberta-large
test,2417,"Kalau pas mau hang sih kayaknya nggak ada suara gitu. Tapi pas nyalain pertama ada cit cit gitu. Kalau suara bios yang ""beep"" sekali kadang ada terus bisa nyala normal.",0,0.009358,0,0,0.4,1,1,xlm-roberta-large
test,2418,"Loh iya kan modal halodek udah dapat, bukan kaya kita rakyat jelata yang perjuangannya mesti bisa membangun 1000 candi dalam satu malam",0,0.963814,1,1,0.4,0,0,xlm-roberta-large
test,2419,"Ada yang pernah isi/tiup pakai helium? Bagaimana, bisa terbang macam balon karet kah?",0,0.069415,0,0,0.4,1,1,xlm-roberta-large
test,2420,"Biasanya Alexa Mini sekitar 11-12jt sehari IIRC, udah siap shoot, minus lensa. Raptor lebi murah, Komodo apalagi.",0,0.004709,0,0,0.4,1,1,xlm-roberta-large
test,2421,Iya rakyat mang terlalu bodoh buat memilih pemimpinnya sendiri lebih baik dipilih oleh kita yang lebih pintar dari rakyat ditambah ongkos pemilu tuh mahal karna harus nyogok rakyat kalo gak ada pemilihan umum kan tinggal nyogok MPR doang yang ratusan bukan rakyat yang jutaan,1,0.964756,1,1,0.4,1,1,xlm-roberta-large
test,2422,Tapi tetep pvj emang tempat yang pasti punya satu juta cerita buat orang2 yang lahir dan tumbuh besar di kota bandung.,0,0.021045,0,0,0.4,1,1,xlm-roberta-large
test,2423,&gt; Menlu RI,0,0.038647,0,0,0.4,1,1,xlm-roberta-large
test,2424,nasi gila,0,0.016277,0,0,0.4,1,1,xlm-roberta-large
test,2425,\+ pilihan tontonan banyak,0,0.058185,0,0,0.4,1,1,xlm-roberta-large
test,2426,"Memang perlu MRI untuk tahu bisa cochlear implant atau tidak, ya.",0,0.074231,0,0,0.4,1,1,xlm-roberta-large
test,2427,dah coba tanya RSUP Fatmawati?,0,0.064477,0,0,0.4,1,1,xlm-roberta-large
test,2428,"Kayaknya dia tertarik sama Anda, sih.",0,0.067424,0,0,0.4,1,1,xlm-roberta-large
test,2429,Tapi hilbert emg bilang kalo tujuan belanda salah satunya untuk menjaga minoritas,0,0.243822,0,0,0.4,1,1,xlm-roberta-large
test,2430,"Klo mau diberesin sebenernya tinggal pemerintah campur tangan beresin dalemannya. Segala macem lembaga dakwah tetek bengek dirazia, klo perlu ditiadakan dari kampus.",0,0.147617,0,0,0.4,1,1,xlm-roberta-large
test,2431,> klo kuat ya bersiap gk kejadian dong,0,0.249584,0,0,0.4,1,1,xlm-roberta-large
test,2432,"Hahaha, stay safe, semoga dia juga ga kenapa napa",0,0.066509,0,0,0.4,1,1,xlm-roberta-large
test,2433,Waduh kerudungnya kemana kk? Padahal cantikan pake kerudung,1,0.911022,1,1,0.4,1,1,xlm-roberta-large
test,2434,"Gw ikut 2 kali, dua-duanya lulus pilihan ke 2 yg pertama hukum unpad yg kedua manajemen unpad (Pil pertama TI Itb). Akhirnya maksain fh sampai selesai yg akhirnya nyaris nggak kepake krn kerjanya mlh bidang jasa di korea. Kl bisa diulang mungkin dl lebih baik kuliah di unikom atau uni lain yg sesuai minat.",0,0.00524,0,0,0.4,1,1,xlm-roberta-large
test,2435,Minum susu anget? Supaya rileks &amp; bisa cepet tidur lagi,0,0.073763,0,0,0.4,1,1,xlm-roberta-large
test,2436,Jalan selebar enam meter dibagi dua jalur,0,0.122576,0,0,0.4,1,1,xlm-roberta-large
test,2437,Tabayyun: cari kebenarannya dulu,0,0.93273,1,1,0.4,0,0,xlm-roberta-large
test,2438,Hati dan otakku saling bicara,0,0.073231,0,0,0.4,1,1,xlm-roberta-large
test,2439,Salah rezim Jokowi,1,0.961965,1,1,0.4,1,1,xlm-roberta-large
test,2440,"Edit: Halah, mayoritas di sini juga ""kelakuan"" sama aja. Malas.",0,0.109897,0,0,0.4,1,1,xlm-roberta-large
test,2441,eh tapi pesawat terbang bukannya teknologi kafir ya?,1,0.964119,1,1,0.4,1,1,xlm-roberta-large
test,2442,Gak pikir panjang/10,0,0.123366,0,0,0.4,1,1,xlm-roberta-large
test,2443,bener2 gak punya malu,0,0.959875,1,1,0.4,0,0,xlm-roberta-large
test,2444,"kepala mulu, kapan pundaknya &gt;!dipake doi bersandar!&lt;?",0,0.158891,0,0,0.4,1,1,xlm-roberta-large
test,2445,Wait... gimana? Voucher free tapi masih bayar $40? Ga free donk.,0,0.215392,0,0,0.4,1,1,xlm-roberta-large
test,2446,Makanya kita harus makan babi didepan penganut agama mayoritas di Indonesia,1,0.963196,1,1,0.4,1,1,xlm-roberta-large
test,2447,"Sri mulyani emg da best, gaji dolar saya tiap taun selalu naik kalo dirupiahin",1,0.584997,1,1,0.4,1,1,xlm-roberta-large
test,2448,"Nah iya. Gw nemu plg murah tcl 3.8jt, samsung 4.3. biasanya samsung ada di toko electronic city gitu. Tapi masa iya gw tanya",0,0.007094,0,0,0.4,1,1,xlm-roberta-large
test,2449,"ke wc, dan main hp",0,0.013197,0,0,0.4,1,1,xlm-roberta-large
test,2450,Wah mod threadnya gak berhubungan dengan Indonesia nih...,1,0.91708,1,1,0.4,1,1,xlm-roberta-large
test,2451,"iya, siapa coba yang bilang? sy sih cuma nulis",0,0.744308,1,1,0.4,0,0,xlm-roberta-large
test,2452,"X1 Carbon baru tampaknya kemahalan, jadi… X1 Carbon gen 6/7 seken mau?",1,0.154951,0,0,0.4,0,0,xlm-roberta-large
test,2453,"Salut sama tvOne, bener2 ikutin slogan terbaik",1,0.918954,1,1,0.4,1,1,xlm-roberta-large
test,2454,"Temen gw ada fresh graduate kerja di perusahaan besar. Tapi emang jam kerja nya gila sih, ada 1-2 minggu mereka lagi sibuk banget bisa jam 3 subuh pulang.",0,0.005888,0,0,0.4,1,1,xlm-roberta-large
test,2455,"Lu masih mending disuruh kerja rodi 350 tahun trs ortunya dibunuh sama Belanda/Jepang/Portugis, lah gw? Broke di negara asal selama bbrp tahun trs dihujat 1 SEA karena melanggar hukum Indo dan bohong ke petugas imigrasi sekaligus merugikan orang lokal disono? RASIS!!!",1,0.905448,1,1,0.4,1,1,xlm-roberta-large
test,2456,Pake nasi biar nambah sedap nya,0,0.126461,0,0,0.4,1,1,xlm-roberta-large
test,2457,Ajakin mabar lah,1,0.887107,1,1,0.4,1,1,xlm-roberta-large
test,2458,"Nah iniii, kayanya perlu ditekankan lagi klo rejeki ga berkah itu contohnya ga cuma korupsi dll, tapi hal2 ""kecil"" seperti ini juga",0,0.027585,0,0,0.4,1,1,xlm-roberta-large
test,2459,"Tapi kalau mau alasan yang logis, sebagai cara kamu untuk ""memberi kembali"". Kalau dalam Islam, punya anak itu pahalanya sangat besar dan terus mengalir; kenapa?",0,0.118947,0,0,0.4,1,1,xlm-roberta-large
test,2460,*setan semua yang tinggal di situ*,0,0.306605,0,0,0.4,1,1,xlm-roberta-large
test,2461,Sayangnya plat B 4 DUT dipake Daihatsu Copen 2015,0,0.116915,0,0,0.4,1,1,xlm-roberta-large
test,2462,Ngapain budget gede kalau ujung-ujungnya dipotong juga buat covid smh,1,0.874988,1,1,0.4,1,1,xlm-roberta-large
test,2463,bumi ini rusak gara gara anak anak kont*l yang pakai sedotan plastik,1,0.831964,1,1,0.4,1,1,xlm-roberta-large
test,2464,Who knows? Namanya juga anak baru. Mungkin takut sendiri ikut meeting juga jadi nanya ama elo wkwkkw.,0,0.110567,0,0,0.4,1,1,xlm-roberta-large
test,2465,lebih curiga dia kecelakaan karena hidupnya setelah insiden itu di lynch sama pasukan lastcar,0,0.256972,0,0,0.4,1,1,xlm-roberta-large
test,2466,"Yaudah kan gua juga baru belajar gua iyain aja kemauan dia, 4 tahun setelahnya dia ga dapet2 tu logo karena ga gua kerjain wkwk",0,0.653113,1,1,0.4,0,0,xlm-roberta-large
test,2467,Mentang-mentang mirip Tom Delonge,1,0.916297,1,1,0.4,1,1,xlm-roberta-large
test,2468,"A lah, lumayan buat modal tiap bulan keluar 10jt+ juga masih bisa nabung, invest, sama jajanin orang terdekat. Setahun antara bisnis udah profitable atau nyari kerjaan lagi. Balik ke perusahaan sekarang juga bisa aja, niche kayak gini susah nyari orang wkwk",0,0.00289,0,0,0.4,1,1,xlm-roberta-large
test,2469,"i guess yeah? tapi sepertinya tujuannya lebih ke online service sih kalo baca deskriptsinya, karena mau keep ownership startup di Indo bukan cuma suntikan dana dari luar",0,0.071009,0,0,0.4,1,1,xlm-roberta-large
test,2470,ga sesulit itu kok kalo lo pegawai biasa.,0,0.17245,0,0,0.4,1,1,xlm-roberta-large
test,2471,Ini hadiah buat ga kritik Papua lagi yah?,1,0.889048,1,1,0.4,1,1,xlm-roberta-large
test,2472,No this is real. Orang2 yang berasal dari negaraku (Inggris) tiga kali lebih tinggi dari kalian,1,0.54256,1,1,0.4,1,1,xlm-roberta-large
test,2473,iyaaa terus keren di awal awal harus pake dialog boxnya gitu kan tantangan bgt omongan sama actionnya terbatas haha,0,0.006552,0,0,0.4,1,1,xlm-roberta-large
test,2474,"Spek HDR-nya cek dulu peaknya berapa nits. Minimal 1000 nits lah kalo mau yang beneran dapet HDR experience, di bawah itu menurut gw cuma gimmick.",0,0.002444,0,0,0.4,1,1,xlm-roberta-large
test,2475,Kalo fetish lu smol pale skin east asian girl tapi lunya default mamang² kumis tipis sawo mateng sih emang bisa jadi kurang waras lama²,1,0.35347,0,0,0.4,0,0,xlm-roberta-large
test,2476,netflix: UI dan optimalisasi jaringan yang paling bagus. tapi kontennya makin ke sini makin biasa aja dibanding yang lain. dan harganya termasuk salah satu yang paling mahal.,0,0.00339,0,0,0.4,1,1,xlm-roberta-large
test,2477,"Intinya cari karbo dengan bentuk paling sederhana, dan mudah dicerna tubuh.",0,0.015998,0,0,0.4,1,1,xlm-roberta-large
test,2478,difolbek walopun gakenal berarti minimal dia tau keberadaan lu. hehe hehe bisa dijadiin bibit itu,0,0.196518,0,0,0.4,1,1,xlm-roberta-large
test,2479,"Buat kado gua awalnya hepi aja.. tapi waktu ultah kemarin gua udah bilang ga mau dihadiahin, tetep aja dikirimi hadiah. Gua bukan tipe orang yang selalu cocok ama hadiah. Bukannya sok pemilih.. tp ya gitu deh.",0,0.004973,0,0,0.4,1,1,xlm-roberta-large
test,2480,&gt;Mario kart yang seri apa?,0,0.0643,0,0,0.4,1,1,xlm-roberta-large
test,2481,Kalau dimatikan memang akan ada kemungkinan ditelepon atau menelepon orang lain.,0,0.077938,0,0,0.4,1,1,xlm-roberta-large
test,2482,Ada opo? kesana kebanykan meme tak ngerti saya,0,0.258279,0,0,0.4,1,1,xlm-roberta-large
test,2483,"Setidaknya sisi baiknya, jika tidak salah pesawat jet tempur kita yang kyknya ""didepankan"" adalah Rafale, F-15EX (F-15EX kalau gak salah cukup efisien dengan maintenance mudah dan flight hour yang cukup ""murah""?), F-16. Sedangkan untuk pesawat jet Rusia rencananya bakal di dekomisikan untuk setidaknya meringankan budget untuk biaya maintenance.",0,0.005877,0,0,0.4,1,1,xlm-roberta-large
test,2484,Untuk skala perusahaan memang cukup banyak sih. Yang lagi ngetrend sekarang misalnya managed service di bidang security operation centre. Klo liat2 sih peminatnya lumayan banyak ya.,0,0.003173,0,0,0.4,1,1,xlm-roberta-large
test,2485,'Kerasnya Peradaban lebih keras daripada musik metal',0,0.9633,1,1,0.4,0,0,xlm-roberta-large
test,2486,Rant buku resep masakan indonesia itu mahal sekali setara buku bisnia atau penelitian dan sering mengecewakan isinya. Old generation rada masalah ngajarin masak dan pelit. Kita butuh lebih banyak Buku resep masakan free,0,0.627955,1,1,0.4,0,0,xlm-roberta-large
test,2487,"kemaren barusan ada yg komplen kurs juga, gegara kurs jual nya paypal di 14.600. so yes, it's highway robbery. in broad daylight.",0,0.012698,0,0,0.4,1,1,xlm-roberta-large
test,2488,"The curse of fortuner item is true ternyata, kalo bokap pake mobil ini pasti ribut sm orang dijalan 🥲",0,0.16398,0,0,0.4,1,1,xlm-roberta-large
test,2489,"Main ke r/frutigeraero aja, banyak logo2 sekarang yg dibikin ulang ala2 2000an yg serba kempling+unsur alami",0,0.033748,0,0,0.4,1,1,xlm-roberta-large
test,2490,Sebagai orang yang lahir di hari Jumat saya bisa confirm,0,0.331444,0,0,0.4,1,1,xlm-roberta-large
test,2491,"aktivis yang mana dulu nih, Permadi juga aktivis",1,0.23092,0,0,0.4,0,0,xlm-roberta-large
test,2492,"True bro, gw lg ada tawaran jga jadi enduser di bank mau nyaman atau kejar2an, belum nentuin sih.",0,0.003552,0,0,0.4,1,1,xlm-roberta-large
test,2493,"Ilmu administrasi itu bukan itu. Ilmu administrasi tuh sebagai pelaksananya, bukan sebagai penggunanya. Sebagai provider bukan user.",0,0.025957,0,0,0.4,1,1,xlm-roberta-large
test,2494,2. Untuk tikus yg kecil biasanya bisa nyelip di banyak celah yg gw pikir ga bakal bisa dilewatin. Solusinya ya kayak point no 1.,0,0.01606,0,0,0.4,1,1,xlm-roberta-large
test,2495,Sayang ga aktif disana. Pantez aja waktu tiktok awards tahunnkemaren dia kayak ga nyambung,0,0.018636,0,0,0.4,1,1,xlm-roberta-large
test,2496,Jati diri manusia adalah berburu dan meramu.,1,0.942612,1,1,0.4,1,1,xlm-roberta-large
test,2497,pilihan tujuan wisatanya:,0,0.006451,0,0,0.4,1,1,xlm-roberta-large
test,2498,Kalau 75 keatas mungkin keluarga lebih legowo. 80 lah.,0,0.82485,1,1,0.4,0,0,xlm-roberta-large
test,2499,"Dari cerita di atas bisa disimpulkan: jangan norak, jangan kebanyakan gaya, dan harus sopan.",0,0.021004,0,0,0.4,1,1,xlm-roberta-large
test,2500,Ujung-ujungnya kenceng-kencengan politik identitas...,0,0.121999,0,0,0.4,1,1,xlm-roberta-large
test,2501,"Ya Pak, ini pelanggar UU ITE mohon diciduk.",0,0.902952,1,1,0.4,0,0,xlm-roberta-large
test,2502,"Kurang-kurangin porsi sih, jadi laper tengah malam kan.",0,0.348465,0,0,0.4,1,1,xlm-roberta-large
test,2503,"Kayaknya emang mesti ada semacam proses sertifikasi nasional deh, buat pemuka2 agama macam gini. Jadi bisa ada saringan tambahan, berhubung rakyat kita geblek dan malas nyaring sendiri.",0,0.157525,0,0,0.4,1,1,xlm-roberta-large
test,2504,"Yah umat Jersey Real Madrid yang sangat toleran berulah lagi, udah tau umat Barcelona cuman jadi minoritas di sini, mau beribadah aja susah, dah gitu lagi krisis pula",1,0.96378,1,1,0.4,1,1,xlm-roberta-large
test,2505,"kalau untuk agama yang satu lagi, gw kurang tau pandangan mereka, jadi ga bisa komen.",0,0.010591,0,0,0.4,1,1,xlm-roberta-large
test,2506,"Jenis golongan darah rentan corona adalah A, B, AB, O segala resus",1,0.776453,1,1,0.4,1,1,xlm-roberta-large
test,2507,"Malem2 gini nyetir ke jawa timur lewat gunung lawu abis ujan berkabut dikit, udah macam touge di gunung akina. Bedanya rasanya kaya naik roller coaster gara2 body roll parah mobilnya wkwkwk",0,0.017543,0,0,0.4,1,1,xlm-roberta-large
test,2508,"Ini gw baru setup, brarti gw harus setup balancenya pakai USD dong ya supaya bisa borderless account itu? Brarti gw harus transfer ke Transferwise dulu dalam USD buat aktifkan itu balance?",0,0.039269,0,0,0.4,1,1,xlm-roberta-large
test,2509,"dan sbnrnya kasus kaya gitu ga aneh2 bgt sih. karena sebagai atasan/seorang pemimpin, itu kadang merasa sayang kalau ada karyawan yang punya potensi tapi ga dipakai/diexplore/dinurture.",0,0.003148,0,0,0.4,1,1,xlm-roberta-large
test,2510,tergantung brand ssd. kalo cuma yg penting storage gede cuma nambah 800rb kok,0,0.007621,0,0,0.4,1,1,xlm-roberta-large
test,2511,hubungkan kemana? gw pakai buat link ke gojek/grab sih bisa,0,0.010014,0,0,0.4,1,1,xlm-roberta-large
test,2512,Di negeri saya (selandia baru) kucing ini sangat mahal.,0,0.056496,0,0,0.4,1,1,xlm-roberta-large
test,2513,"yoi, diliatin donk biar semua tau",1,0.964052,1,1,0.4,1,1,xlm-roberta-large
test,2514,Kalo tulis di buku menu juga gw percaya aja itu nama makanan wkwk.,0,0.042048,0,0,0.4,1,1,xlm-roberta-large
test,2515,tanya ke temen juga beberapa bilang kalo edifier cukup ya ngirit aja. ada lagi yang bilang ini long term investment (bakal dipake 1+ tahun) jadi splurge dikit gpp untuk kualitas tertinggi.,0,0.006513,0,0,0.4,1,1,xlm-roberta-large
test,2516,Aku : *punya pabrik bawah tanah pegawainya ribuan,0,0.261472,0,0,0.4,1,1,xlm-roberta-large
test,2517,"2. Datang ke lokasi sesuai jadwal.'Setelah sampai, ambil nomor antrian. Tunggu sampai nomormu dipanggil.",0,0.021451,0,0,0.4,1,1,xlm-roberta-large
test,2518,"Aku gatau ya, menurutku pekerjaanku ini sampai hari ini masih ku anggap low skills karena dengerin pengalaman cerita temen"" dan saudara""ku yg kerja di bidang IT, engineering dan bidang"" pekerjaan STEM lainnya, pekerjaanku ini ga ada susah""nya.",0,0.082107,0,0,0.4,1,1,xlm-roberta-large
test,2519,Wah kurang diekploitasi. Harusnya disurih kerja sampai burn out sendiri,1,0.960842,1,1,0.4,1,1,xlm-roberta-large
test,2520,"Klu di barat, kalau gak salah petaninya juga dapat subsidi gitu dari EU misal klu di europe. Karena itu, kadang harganya bisa bersaing secara internasional (kaya gandum dari EU itu bisa bersaing harganya dengan gandum produksi lokal afrika)",0,0.005775,0,0,0.4,1,1,xlm-roberta-large
test,2521,"Audi cup pialanya masih piala biasa, bukan bonsai wkwkwk",0,0.140395,0,0,0.4,1,1,xlm-roberta-large
test,2522,Kalo gak ada duit mana mau kerja dia orang.,0,0.909144,1,1,0.4,0,0,xlm-roberta-large
test,2523,"jangan, nanti kamu ilang kayak kudo shinichi",1,0.886519,1,1,0.4,1,1,xlm-roberta-large
test,2524,itu sirup rasa susu,0,0.228587,0,0,0.4,1,1,xlm-roberta-large
test,2525,"“maaf pak, kalau gitu saya ganti dukun saya segera”",1,0.861363,1,1,0.4,1,1,xlm-roberta-large
test,2526,Kapan lu ultah?,0,0.894375,1,1,0.4,0,0,xlm-roberta-large
test,2527,Cuma di rezim ini transjakarta di rush hour tarifnya naik,1,0.914138,1,1,0.4,1,1,xlm-roberta-large
test,2528,Dengan kekuatan dukun dan mistis,1,0.962036,1,1,0.4,1,1,xlm-roberta-large
test,2529,&gt;engga bakal penetrate dulu. Apakah kita terlalu naive disini ?,0,0.239394,0,0,0.4,1,1,xlm-roberta-large
test,2530,"Namanya juga ""sEmuA C0wO sAma AjA""",1,0.080647,0,0,0.4,0,0,xlm-roberta-large
test,2531,"Ngasi gaji gede ujung2nya korupsi, ngasi gaji kecil juga korupsi. Bisa gak open Ai yg jadi pemerintah kita aja?",0,0.963127,1,1,0.4,0,0,xlm-roberta-large
test,2532,komunikasi. biar bisa kenal orang dalam,1,0.166947,0,0,0.4,0,0,xlm-roberta-large
test,2533,"Sebenernya kasus ahok, 98, dan 65 tuh dapet rekognisi global yang cukup masih. Misal sidang pengadilan HAM international di den haag, yg bongkar kebenaran di balik 95 juga orang-orang bule setau sy, jaman ahok pun coveragenya tinggi sekali, cmn hal"" tsb smcm di filter biar gak sampe di kuping masyarakat indo, well, most ppl juga don't care sih. Susah ya emang.",0,0.005491,0,0,0.4,1,1,xlm-roberta-large
test,2534,tapi ya krn rejekinya dapet dari kerabat2 sendiri nyokap jg akhirnya dapet kabarnya dan pas nelpon 'bangunin gw sahur' (lol) nanyain. dan gw pen proaktif aja sebelum diminta sama ortu gw buat sedekah lagi.,0,0.082771,0,0,0.4,1,1,xlm-roberta-large
test,2535,Saking stressnya nunggu bayi lahiran dia main dulu.,1,0.314787,0,0,0.4,0,0,xlm-roberta-large
test,2536,Rasanya sejak covid tiap kali keluar selalu liat mobil plat B minimal satu. Orang ibukota yg WFH sekalian liburan kali ya?,0,0.180612,0,0,0.4,1,1,xlm-roberta-large
test,2537,Bahaya laten PKI,1,0.905155,1,1,0.4,1,1,xlm-roberta-large
test,2538,**Quran:**,0,0.294316,0,0,0.4,1,1,xlm-roberta-large
test,2539,"DDR skrg mesinnya ada dimana aja ya? Selama ini main yg di Artha Gading, tapi dimana2 skrg udh diganti Pump semua. Tahu sih alasannya karena Konami reseh dan mahal vs Andamiro",0,0.103115,0,0,0.4,1,1,xlm-roberta-large
test,2540,"Nanggung, s22 ultra aja sekalian",1,0.962603,1,1,0.4,1,1,xlm-roberta-large
test,2541,"Gw ga perna nonton dia, cma dri liat sdikit sdikit kayaknya annoying orgnya.  Sok bener gitu kayaknya",0,0.011288,0,0,0.4,1,1,xlm-roberta-large
test,2542,Asik... Depok bisa deket dengan pantai,1,0.020626,0,0,0.4,0,0,xlm-roberta-large
test,2543,Gw bingung kenapa sih rasa aja di kasi gender? Masa gw makan es krim rasa strawberry di bilang kaya cewe.,0,0.046249,0,0,0.4,1,1,xlm-roberta-large
test,2544,Kondom? Obat korona baru ya?,1,0.933854,1,1,0.4,1,1,xlm-roberta-large
test,2545,Hell nah. Ga bermaksud gimana gitu terlepas kelakuannya di panggung.,0,0.046638,0,0,0.4,1,1,xlm-roberta-large
test,2546,"Iya bro ini yang gw kemungkinan besar beli itu alga jullie, katanya atasannya latex sih dan keras tapi cukup lembut bagus buat tulang belakang.. gw akhir hidup makin sengsara susah tidur jadi prioritas kasur ini top banget kalau gamau dipecat atau keluarga hancur..",0,0.064241,0,0,0.4,1,1,xlm-roberta-large
test,2547,"cara perpa jang masa aktif telkom, mesti isi pulsa dri mana si. Tokped keperpanjng g sie",0,0.932114,1,1,0.4,0,0,xlm-roberta-large
test,2548,+ jam berapa Anda bertemu Bu Anna pada hari itu?,0,0.036391,0,0,0.4,1,1,xlm-roberta-large
test,2549,"Susah diterima..Hmm gmn yah, kalau udah viral pasti banyak lihat komen yg tersinggung, marah, ga setuju, bersolidaritas. Tapi sblm ada sosmed, sering gw denger boomer ngelawak rasis kayak gini tapi ga ada yg negur tuh.",0,0.006278,0,0,0.4,1,1,xlm-roberta-large
test,2550,Terus gmanaaa enak ga??,0,0.030705,0,0,0.4,1,1,xlm-roberta-large
test,2551,negara kaya yunani dan portugal jg panas kan? tp mereka banyak makan ikan,0,0.272557,0,0,0.4,1,1,xlm-roberta-large
test,2552,Masalahnya yang punya woods kuning kuninh gitu loh...,0,0.099908,0,0,0.4,1,1,xlm-roberta-large
test,2553,"Seperti biasa, yg gak setuju sama opini sy silakan downvote yg banyak dan memaki2 ya. Boleh kok, sy udah kebal kok sama tantrumnya netyjen bermental indo.",0,0.542469,1,1,0.4,0,0,xlm-roberta-large
test,2554,Tapi ya gabisa. Diaspora terjebak ga bisa balik.,0,0.501221,1,1,0.4,0,0,xlm-roberta-large
test,2555,3. Jika km mengetahui orang yang kamu nikahi tidak tepat untuk km.,0,0.086864,0,0,0.4,1,1,xlm-roberta-large
test,2556,Tapi kalo dilevel persaingan antara SMA sama SMK saat nyari kerja gue berani jamin lulusan SMK pasti unggul karena punya pengalaman dari PKLnya,0,0.057652,0,0,0.4,1,1,xlm-roberta-large
test,2557,"OTOH, w tadi jg ngirim video buat intern di salah satu FMCG company. Pas ditanya ""apa yang kamu ketahui mengenai perusahaan ini"" gue malah kepikiran soal kontroversi sufor dan child labor mereka.",0,0.023043,0,0,0.4,1,1,xlm-roberta-large
test,2558,orang-orang suka lupa kalo demokrasi itu bisa berjalan ke arah yang bukan mereka inginkan.,0,0.045395,0,0,0.4,1,1,xlm-roberta-large
test,2559,"Lebih general lagi bilang nya islam gak butuh ilmu dunia,, gak penting pinter menang olimpiade yg penting hapal kitab masuk surga bisa mendoakan ortu nya",1,0.89275,1,1,0.4,1,1,xlm-roberta-large
test,2560,Kalimalang lbh masuk akal deh,1,0.829975,1,1,0.4,1,1,xlm-roberta-large
test,2561,Ortu gw cuma pindah karena perusahaannya bangkrut jadi bukan pindah karena pengen naik gaji gitu.,0,0.049497,0,0,0.4,1,1,xlm-roberta-large
test,2562,Kirain anak indigo adanya di Twitter doang.,0,0.895248,1,1,0.4,0,0,xlm-roberta-large
test,2563,Kalihdoso gangsal ndiasmu tak keplak!,1,0.96175,1,1,0.4,1,1,xlm-roberta-large
test,2564,"Jauh lbh enak dari ear tips asli nekocake nya, lbh empuk, tp jd berasa nggak memenuhi rongga telinga cuma tetep secure kok. Pake aga lama td nggak sakit, coba buka2 mulut (kayak nguap) gitu jg ga sakit (yang bawaannya biasa suka sakit kalau gw buka mulut gitu. Kayak rasanya uda penuh di liang telinga tambah sempit lg krn maneuver buka mulut)",0,0.006145,0,0,0.4,1,1,xlm-roberta-large
test,2565,"ini mah 'bullet'nya bukan 1, bisa lebih",0,0.124479,0,0,0.4,1,1,xlm-roberta-large
test,2566,Itu bandwidth full buat lo doang sendiri,0,0.114666,0,0,0.4,1,1,xlm-roberta-large
test,2567,&gt; pemerintah itu tidak berhukum dengan hukum Allah,0,0.962638,1,1,0.4,0,0,xlm-roberta-large
test,2568,Bikinin internet cafe aja lebih ada cuannya,1,0.32306,0,0,0.4,0,0,xlm-roberta-large
test,2569,Pemuda Pancasila dan kewarganegaraan? Mata pelajaran baru om?,0,0.88842,1,1,0.4,0,0,xlm-roberta-large
test,2570,Kalo tau user pass itu pengguna telkom bahaya bisa di dibelanjain sama user nakal di indihome store atau daftar wifi.id,0,0.792745,1,1,0.4,0,0,xlm-roberta-large
test,2571,Pria Satu Pukulan,0,0.129513,0,0,0.4,1,1,xlm-roberta-large
test,2572,"tentang kualitas, ya itu yg gw bilang, rasanya tiap 1.5 tahun ganti :D gw posisinya cesan selalu nyolok mulu, gak pernah lepas kecuali pas dibawa jalan. Ada sih baterainya (KW juga lol) tapi males lah pasang cabut pasang cabut.",0,0.003657,0,0,0.4,1,1,xlm-roberta-large
test,2573,"Gua masih sadar 100% tapi cuma denger suara ujan, dan sedikit rumble dari Home Theater gw yang lagi nonton Fast and Furious 9.",0,0.021553,0,0,0.4,1,1,xlm-roberta-large
test,2574,"pala luh mandul! walau saya masih single, tapi anak udah 3, 1 jowo, 1 bule dan 1 jepang... asli semua pula... ini bukti saya gak mandul!",1,0.96378,1,1,0.4,1,1,xlm-roberta-large
test,2575,Ayam geprek puedes itu aselinya dari jogja malah.,0,0.027273,0,0,0.4,1,1,xlm-roberta-large
test,2576,"CMIIW, gabungan antara duit habis dan kewalahan habis melawan Jerman di perang dunia 2.",0,0.271928,0,0,0.4,1,1,xlm-roberta-large
test,2577,birunya ganti sama tulisan indonesia wkwk,0,0.128143,0,0,0.4,1,1,xlm-roberta-large
test,2578,"&gt; kalo indonesia sampai lockdown, ane jamin bakal timbul kerusuhan besar besaran (menjarah stok pangan)",0,0.010902,0,0,0.4,1,1,xlm-roberta-large
test,2579,"Jangan bilang pindah agama, bilang saja KTP salah, mau diurus belum sempat.",0,0.914939,1,1,0.4,0,0,xlm-roberta-large
test,2580,"Dulu ada sate padang di puncak everest, sama warteg kalo ga salah di ujung islandia. Emang vandalisme online orang indo jalan banget",0,0.031559,0,0,0.4,1,1,xlm-roberta-large
test,2581,Pengguna iOS dipaksa pindah negara,1,0.85741,1,1,0.4,1,1,xlm-roberta-large
test,2582,"halah sama2 negara kafir aja kok, apa bedanya.",1,0.962603,1,1,0.4,1,1,xlm-roberta-large
test,2583,"Terakhir ke BBW yang di BSD tahun 2018. Bisa aja ada buku yg baru muncul pas hari kesekian, soalnya waktu gw ke sana sering banget liat staff bawa trolley penuh buku yg baru mau disusun di display.",0,0.005364,0,0,0.4,1,1,xlm-roberta-large
test,2584,Mantanku juga merasa begini,0,0.064713,0,0,0.4,1,1,xlm-roberta-large
test,2585,Awalnya tolak impor sampai menarik perhatian.,0,0.017935,0,0,0.4,1,1,xlm-roberta-large
test,2586,"""Bersih itu sehat""",0,0.598935,1,1,0.4,0,0,xlm-roberta-large
test,2587,"Yang mau childfree silahkan childfree, yang mau punya anak silahkan punya anak. Bagi yang berat ekonomi dan ingin punya anak silahkan kontrasepsi. Jangan lupa spacing kehamilan agar tidak terlalu susah mengurus anak.",0,0.762954,1,1,0.4,0,0,xlm-roberta-large
test,2588,Menurut gw sih solusi paling bagus ga perlu masuk ASEAN dulu.,0,0.193681,0,0,0.4,1,1,xlm-roberta-large
test,2589,"Tahu bulet udah gak nge-trend lagi pak, coba ganti jualan boba.",0,0.815196,1,1,0.4,0,0,xlm-roberta-large
test,2590,"Hehe, iya masbro makasi doanya!",0,0.917266,1,1,0.4,0,0,xlm-roberta-large
test,2591,Nomor 1 sih yg paling enak buat gua. Bisa bayar dulu sebelum turun,0,0.024122,0,0,0.4,1,1,xlm-roberta-large
test,2592,Mas fans mobil Audi ya? soalnya mereka juga suka [tete](<link>,0,0.743424,1,1,0.4,0,0,xlm-roberta-large
test,2593,Yg dulunya binatang naik level ke manusia,1,0.328718,0,0,0.4,0,0,xlm-roberta-large
test,2594,"Yes, katanya dibatalin semua schedulenya sampe 2023. Terakhir yang di Rio",0,0.037222,0,0,0.4,1,1,xlm-roberta-large
test,2595,Dulu seneng chat krn bisa sambil dota,0,0.038502,0,0,0.4,1,1,xlm-roberta-large
test,2596,Ribet amet perasaan depan rumah gua ada batu,1,0.101768,0,0,0.4,0,0,xlm-roberta-large
test,2597,"reminiscing old times emang perangkap kalo reconnecting sama ex. inget baik2nya aja, sampe lupa buruk2nya apa.",0,0.013983,0,0,0.4,1,1,xlm-roberta-large
test,2598,"Then get the upper hand. Meskipun udah keterima jangan merasa bisa leha2. Cari kesempatan baru lagi meskipun gak seagresif saat belum kerja, seandainya ada kejadian tidak diharapkan. Kalaupun ada kesempatan yang lebih baik ya gapapa. Mau loncat2 selama gak melanggar kontrak legal kok",0,0.008951,0,0,0.4,1,1,xlm-roberta-large
test,2599,pengen bikin kota sendiri kali di sorga dan pilih dia jadi gubernur lagi di sana,1,0.963848,1,1,0.4,1,1,xlm-roberta-large
test,2600,"Yg bs jalan d tengah jalan raya harus ikutin aturan kendaraannya jg dnk. Hrs nyalain lampu depan, lampu sein hrs nyala, kelengkapan surat dll. Bayar pajak jg. Klo ga bisa ya melipir ke jalur sepeda.",0,0.041774,0,0,0.4,1,1,xlm-roberta-large
test,2601,Ada aja yang aneh” d dunia ini masa ada orang buka arisan online d instagram terus itu pun orang”nya dari internet basically lo arisan sama orang yang dkat kan??? Ini d instagram loh dan anehnya lagi ada juga orang yang mw transfer,0,0.096365,0,0,0.4,1,1,xlm-roberta-large
test,2602,"Kalau soal kualitas saya rasa ini hal lainnya. Karena seburuk apapun hasil dari sebuah pengolahan suatu bahan, selama bisa berfungsi/bisa digunakan, maka itu tetap suatu produk.",0,0.004134,0,0,0.4,1,1,xlm-roberta-large
test,2603,Cerminan sukses poligami akur semua,1,0.963712,1,1,0.4,1,1,xlm-roberta-large
test,2604,kol goreng tuh kek nikmat duniawi banget ga sh,0,0.265928,0,0,0.4,1,1,xlm-roberta-large
test,2605,Beda nya Risotto pakai nasi yang gampang nyerap air biar creamy dan Paella biasanya ditumis dengan bawang bombay/putih.,0,0.009073,0,0,0.4,1,1,xlm-roberta-large
test,2606,"Wah udah lama itu, mungkin ada 2 tahun lalu.. tapi cek [ini](<link>",0,0.024423,0,0,0.4,1,1,xlm-roberta-large
test,2607,Seribunya duit busuk bau keringet.,0,0.795181,1,1,0.4,0,0,xlm-roberta-large
test,2608,channel opo namanya. engga mau ngelempar ke discord app ... stuck di browser,0,0.041618,0,0,0.4,1,1,xlm-roberta-large
test,2609,sepertinya perlu ke dokter? dan istirahat,0,0.11864,0,0,0.4,1,1,xlm-roberta-large
test,2610,"Contoh tuh Jogja, psbb udah longgar masih tetep sepi tempat wisatanya",1,0.082697,0,0,0.4,0,0,xlm-roberta-large
test,2611,Emang lebih bagusan maimai. Tapi Round1 di US udah ga nyetok maimai jadi settle dengan wacca 🥲,0,0.00629,0,0,0.4,1,1,xlm-roberta-large
test,2612,"halo halo, ada komodos yang pernah / sedang ngalamin carpal tunnel syndrome? kalau ada boleh w private message? akan ada kompensasi atas waktu komodos",0,0.059428,0,0,0.4,1,1,xlm-roberta-large
test,2613,"SE klo jadi budak perusahaan itu underpaid. SE klo yang jadi empunya perusahaan (freelance/software house) sangat enak, apalagi klo berhubungan sama foreigner (read: dollar)",0,0.009822,0,0,0.4,1,1,xlm-roberta-large
test,2614,"Loh,  kan Muslid di Depok itu minoritas, paham ga kamu?",1,0.963127,1,1,0.4,1,1,xlm-roberta-large
test,2615,"Jangan begitu, ahok kan juru selamat",1,0.963882,1,1,0.4,1,1,xlm-roberta-large
test,2616,awas tetep kawal omnibuslaw ini hanya pengalihan isu,1,0.183082,0,0,0.4,0,0,xlm-roberta-large
test,2617,"Idk tp kata bokap pasti cumlaude. Dosen dosen muda yg baru masuk di uni juga udh pada S3, pdhl dibawah 30. So yah",0,0.204183,0,0,0.4,1,1,xlm-roberta-large
test,2618,"Astaga itu tembok sama pager, udah sama kek atap rumah tetangga nya dah buset,gimana kalau jatoh/rubuh dah, mantap kali ya ahahah",0,0.245311,0,0,0.4,1,1,xlm-roberta-large
test,2619,"Bedanya loyalitas ke soekarno, KKO (marinir) terkenal loyal, sampai2 setelah soeharto naik, beberapa perwira KKO jadi tanpol, padahal kagak ikut G30S.",0,0.082254,0,0,0.4,1,1,xlm-roberta-large
test,2620,Semprotin hormon deh (jangan lupa penuhi kebutuhan makanannya). Keluar duit lumayan sih tapi hasilnya ada.,0,0.340485,0,0,0.4,1,1,xlm-roberta-large
test,2621,"Ada 1 temen, yg dulu dianggap bandel, dan juga bodoh oleh guru.",0,0.060752,0,0,0.4,1,1,xlm-roberta-large
test,2622,Lah inimah sama aja lol tapi gk langsung,1,0.030763,0,0,0.4,0,0,xlm-roberta-large
test,2623,Indonesia ikut campur kayak apa sih? Paling cuma rakyat sipilnya atau concern aja.,0,0.012336,0,0,0.4,1,1,xlm-roberta-large
test,2624,"""Jalan punya gusti Allah""",0,0.961893,1,1,0.4,0,0,xlm-roberta-large
test,2625,"Exposure bukan ampuh atau ga...paling ga kalau ada maslah minus,sebagian besar pasti liat percaya atau tidak",0,0.004682,0,0,0.4,1,1,xlm-roberta-large
test,2626,"Si meng ga jelas banget. Gw kasih makan diem aja, mau coba gw elus malah marah. Udah gitu pake gigit betis sama biji gw segala 😭.",0,0.008644,0,0,0.4,1,1,xlm-roberta-large
test,2627,"Setelah itu di SMA, kehidupan mtk dan fisika gw juga kandas walopun pas SMP gw suka dua itu. Haha. Kalo gw pikir2 lagi gabungan kebanyakan pelajaran, kurang berusaha, jiper krn temen2 sekelas gw kebetulan banyak anak2 olimp nasional (yg sekali baca ngerti) dan gurunya juga yg kayak gabut gt. Akhirnya gw masuk IPS krn gamau bebanin ortu untuk bimbel hanya demi sokong nilai.",0,0.076822,0,0,0.4,1,1,xlm-roberta-large
test,2628,"yea well what do you expect ketika kita disuruh nilai orang cuma berdasarkan satu paragraf, cuma dari satu sudut pandang",0,0.063251,0,0,0.4,1,1,xlm-roberta-large
test,2629,"masih mending cuma dihina. lihat kampung gw tuh, vihara dibakar gan",1,0.287118,0,0,0.4,0,0,xlm-roberta-large
test,2630,Dari awal gak gitu kaget soalnya di rumah jg ada 3 cewe jd kondisinya kayak familiar.,0,0.003664,0,0,0.4,1,1,xlm-roberta-large
test,2631,Indonesia menuju ~~Socialist Harmonious Society~~ Masyarakat Maju dan Bermoral.,0,0.905615,1,1,0.4,0,0,xlm-roberta-large
test,2632,"Berasa banget bedanya pas tiba-tiba mp3 dari era ini keplay, kualitas suara hasil gacha di limewire jomplang dengan mp3 yang lebih baru.",0,0.005302,0,0,0.4,1,1,xlm-roberta-large
test,2633,"Sayang sekali. Kemungkinan besar pilpres nanti ada dua paslon. Satu dari koalisi PDIP. Satu lagi dari koalisi Nasdem dan PKS, kader Nasdem sekarang jadi menkominfo, sedangkan kader PKS dulu juga tukang blokir. Ckckck. Silahkan mau teriak mampus ke yang mana. wkwkwk.",0,0.069038,0,0,0.4,1,1,xlm-roberta-large
test,2634,botak plontos lebih high maintenance ya ternyata dari gondrong,0,0.157914,0,0,0.4,1,1,xlm-roberta-large
test,2635,Ngemeal seharian?,1,0.009652,0,0,0.4,0,0,xlm-roberta-large
test,2636,Cari warisan orang yg bfg aja nanti pas pulang 3 bulan sebelumnya mulai divest,0,0.916072,1,1,0.4,0,0,xlm-roberta-large
test,2637,Woo lengkap banget thank youu,0,0.08152,0,0,0.4,1,1,xlm-roberta-large
test,2638,"4. CoL : uang bulanan kira kira 1.5 jt/bulan (72 bulan) = 108jt, kosan 12 jt/tahun = 72 jt",0,0.02199,0,0,0.4,1,1,xlm-roberta-large
test,2639,Trus pegawainya juga asik maki-maki aku terus yang waktu itu masih anak sekolahan. Jadi gue pengen cepat-cepat siap aja.,0,0.027455,0,0,0.4,1,1,xlm-roberta-large
test,2640,Baru dengar tentang ada gerakan untuk hapus UU No.2 tahun 2020.,0,0.094177,0,0,0.4,1,1,xlm-roberta-large
test,2641,Halloween gak ada dalilnya. Halloween haram.,1,0.197483,0,0,0.4,0,0,xlm-roberta-large
test,2642,"Susah buat pemerintah awasi di luar sekolah karena itu bukan ranah pemerintah (dan terlalu banyak juga yg harus di awasi) tapi kalau sekolah kan pemerintah punya tangan disana buat kurikulum,buku dll.",0,0.004477,0,0,0.4,1,1,xlm-roberta-large
test,2643,Glico Mochi Ice Cream enak juga.. harusnya gua borong tadi buat nyetok..,0,0.006266,0,0,0.4,1,1,xlm-roberta-large
test,2644,"Unpopular opinion from me, menjadi nasionalis itu cukup dengan tidak kabur menjadi warga negara lain ketika diundangkan peraturan baru.",1,0.186317,0,0,0.4,0,0,xlm-roberta-large
test,2645,"Jadi inget saking magernya, akhirnya minta ke bapak buat isiin",0,0.08472,0,0,0.4,1,1,xlm-roberta-large
test,2646,Biji sesawi itu kan kecil gitu ga sih?,0,0.755141,1,1,0.4,0,0,xlm-roberta-large
test,2647,Hmmm... Mungkin budget buat kementrian agama nya kurang kalih...,1,0.964052,1,1,0.4,1,1,xlm-roberta-large
test,2648,"ooh thank you, kamu kasih gue banyak info :)",0,0.107157,0,0,0.4,1,1,xlm-roberta-large
test,2649,"""di istana presiden Amerika kodok nya segede gini jok""",0,0.321646,0,0,0.4,1,1,xlm-roberta-large
test,2650,"jangan mau kalah, kita bikin 1 per tiap propinsi, dan disambung jadi satu sesuai prinsip nusantara... nanti begitu meledak 1, semua meledak",1,0.9271,1,1,0.4,1,1,xlm-roberta-large
test,2651,Ketika dapet reply wall of text dari sebuah comment yang implying,1,0.023331,0,0,0.4,0,0,xlm-roberta-large
test,2652,Asalkan gak berenang bareng aman kok,1,0.628717,1,1,0.4,1,1,xlm-roberta-large
test,2653,"Bagaimanapun caranya, pokoknya ajaran islam harus disebarluaskan sampai ke penjuru dunia!!",1,0.954052,1,1,0.4,1,1,xlm-roberta-large
test,2654,"gapapa kok, dana haji juga diputar ulang",1,0.915242,1,1,0.4,1,1,xlm-roberta-large
test,2655,"Apa ya advice nya... Banyak2 aja nyebar CV aja, kali aja ada yg nyangkut. Coba di jobsdb, bbrapa orang yg ku kenal dapatnya di jobsdb. Atau kalau nggak, buka ke website perusahaan langsung, apply disana.",0,0.003869,0,0,0.4,1,1,xlm-roberta-large
test,2656,terbukti jokowi antek asing,1,0.963092,1,1,0.4,1,1,xlm-roberta-large
test,2657,Murica mana ade kwetiau goreng medan lmaooo. Dan air putih malah gratis free flow kalo di situ,0,0.011553,0,0,0.4,1,1,xlm-roberta-large
test,2658,"IMO daripada tau PIN nya, lebih baik kalo saling diskusiin tiap keputusan finansial. Contoh, aku ga ngatur teknis urusan finansial sama sekali, lakiku yg urus semua. Tapi, setiap apa2 kami pasti diskusi dulu, tau income masing2 (I don't ask but he just show it), planning ke depan gimana, budgettingnya gmn, ada jumlah maksimal ga berapa yg bisa digunakan uangnya tanpa perlu diskusi. Kalo misalnya harus banding2in antara produk finansial atau opsi pengeluaran, biasanya aku yg cari, terus diskusiin gmn pros consnya dsb.",0,0.002166,0,0,0.4,1,1,xlm-roberta-large
test,2659,Singapur dikencingin warga sejawa juga tenggelam.,1,0.801237,1,1,0.4,1,1,xlm-roberta-large
test,2660,"Gue baru sadar kalo banteng motorsport tuh beneran ada, rajin balapan di sentul dan yang punya orang PDIP wkwk.",0,0.135004,0,0,0.4,1,1,xlm-roberta-large
test,2661,"gw kmarin juga dilema mw beli nya yg murah aja karena masih kos juga, tp akhirny putusin beli panasonic yg second (cari yg ada garansi toko), sampe skrng masih pake aman aman aja dan emg berguna bgt sih",0,0.004223,0,0,0.4,1,1,xlm-roberta-large
test,2662,Pasien ku dulu jg minum prostex berakhir dgn kerongkongan nya rusak jd dipasang semacam tube.,0,0.066873,0,0,0.4,1,1,xlm-roberta-large
test,2663,Ibu: Mana uangnya hasil demo nak?,1,0.247351,0,0,0.4,0,0,xlm-roberta-large
test,2664,Rumusnya adalah Annual Investment dibagi Annual Increase in GDP.,0,0.098166,0,0,0.4,1,1,xlm-roberta-large
test,2665,Tapi hotel banyak pajak dkk yg ttp bayar ke pemerintah.,0,0.016435,0,0,0.4,1,1,xlm-roberta-large
test,2666,AH ITU BENERAN SBY YA. Lebih kelihatan gagah waktu muda daripada waktu jadi plesiden,0,0.896523,1,1,0.4,0,0,xlm-roberta-large
test,2667,"50 menit untuk 50 soal... Untuk seseorang yang mengutamakan kecepatan bukan ketepatan, itu sih kelamaan",1,0.153867,0,0,0.4,0,0,xlm-roberta-large
test,2668,Setuju. Kings fisher emang sarden paling enak apalagi yg cabe ijo.,0,0.004306,0,0,0.4,1,1,xlm-roberta-large
test,2669,Iyaak. Terus ujung2nya mati semua lah sekarang se-rt,0,0.034197,0,0,0.4,1,1,xlm-roberta-large
test,2670,Terus thn depan tarif daya 900 ke atas naik,1,0.102889,0,0,0.4,0,0,xlm-roberta-large
test,2671,"Lah, 10 persen dari 50rb berapaan sih ? Toh beli kopi di starbuck kuat",1,0.865963,1,1,0.4,1,1,xlm-roberta-large
test,2672,"Ngapain mikir konsen kalo bisa jatah 4 di rumah, kan tinggal digilir",1,0.9633,1,1,0.4,1,1,xlm-roberta-large
test,2673,mau nyari nafkah aja harus uji nyali dulu,1,0.957158,1,1,0.4,1,1,xlm-roberta-large
test,2674,"Yup, agak kaget aja soalnya baru pertama kali liat. Tapi ya mungkin buat beberapa orang this is an enjoyable activity.",0,0.003601,0,0,0.4,1,1,xlm-roberta-large
test,2675,esemka kok gak masuk sih? listnya palsu nih,1,0.079997,0,0,0.4,0,0,xlm-roberta-large
test,2676,Subreddit r/thinkpad Itu harga US. Harga Thinkpad bekas di US itu termurah sedunia.,0,0.27713,0,0,0.4,1,1,xlm-roberta-large
test,2677,Mungkin. Kan orang sini gak suka Amrik,0,0.895523,1,1,0.4,0,0,xlm-roberta-large
test,2678,"Bau nanti mulutnya, aku sikat gigi 5 kali masih kecium",0,0.084041,0,0,0.4,1,1,xlm-roberta-large
test,2679,OP di atas benar² mengerti sarkasme itu apa. Sungguh hebat dia!,1,0.962953,1,1,0.4,1,1,xlm-roberta-large
test,2680,yep. lu pikir knp bapak2 doyan dinas di luar/golf ke sana kemari alasannya apa?,0,0.187579,0,0,0.4,1,1,xlm-roberta-large
test,2681,mengemukakan pendapat = circle jerk,0,0.164315,0,0,0.4,1,1,xlm-roberta-large
test,2682,Bayarnya nanti sekalian juga kah?,1,0.306008,0,0,0.4,0,0,xlm-roberta-large
test,2683,"About EGS, aku gak pake EGS, bahkan punya unreal engine bypass EGS langsung compile dari githubnya. entah kenapa benci sama bussiness modelnya Tim Sweeney.",0,0.017111,0,0,0.4,1,1,xlm-roberta-large
test,2684,"tapi expenditure negara perkapita di variable hdi dan kesehatan, lbh tinggi dr Indonesia. belajar lagi jd kadrun",0,0.894698,1,1,0.4,0,0,xlm-roberta-large
test,2685,"Statnya invest di Def, atk rendah",0,0.402627,0,1,0.4,1,0,xlm-roberta-large
test,2686,Polisi tinggi kata gua karna penanganan terorismenya aja udh itu doang,0,0.276788,0,0,0.4,1,1,xlm-roberta-large
test,2687,"kemudian polisi 3 berteriak,",0,0.056705,0,0,0.4,1,1,xlm-roberta-large
test,2688,"Mengurangi minum minuman bergula dengan drastis dari tahun 2008. Kalau pesen tèh ya tanpa gula. Di rumah minum teh pake pemanis buatan, seminggu sekali dua kali. Kalau minum soft drink ya yang no sugar. Ga pernah beli Boba,tapi sebelum 2008 sempet nyandu sih. Dulu namanya bukan Boba :D",0,0.004256,0,0,0.4,1,1,xlm-roberta-large
test,2689,Tidak. Saya tidak nasionalis 😈,0,0.8985,1,1,0.4,0,0,xlm-roberta-large
test,2690,kodok berwarna aneh2 gitu justru biasanya beracun/mematikan wkwkwk,0,0.127761,0,0,0.4,1,1,xlm-roberta-large
test,2691,"Tumpah darah mah udh terjadi, tapi negara ngelawan rakyatnya. Yang terakhir di pulau rempang.",0,0.090013,0,0,0.4,1,1,xlm-roberta-large
test,2692,"Jadi... Liat sih kalau youtube isinya artis, tapi kalau ga pernah buka/klik mereka, ya ga ngefek. Di hp pun ga punya aplikasi buat youtube.",0,0.002867,0,0,0.4,1,1,xlm-roberta-large
test,2693,"ambil aja skrng drpd tambah parah, udh bagus itu 17jt 3060",0,0.107344,0,0,0.4,1,1,xlm-roberta-large
test,2694,"Sorry just replied. Sudah ditandatangani 16 Oktober 2019 , mulai berlaku 2 tahun kedepan (16 oktober 2021).",0,0.033368,0,0,0.4,1,1,xlm-roberta-large
test,2695,"Ideologi tidak bisa dilihat dari kasat mata. masak iya, oh dia mata nya gede tuh, pasti teroris, atau, wah kulit hitam tuh pasti ga berpendidikan?!",0,0.964556,1,1,0.4,0,0,xlm-roberta-large
test,2696,Dua duanya seperti di skylines bisa diatur pake duit.,0,0.176246,0,0,0.4,1,1,xlm-roberta-large
test,2697,Suka2 dia lah... toh gak ngelanggar hukum.,0,0.911101,1,1,0.4,0,0,xlm-roberta-large
test,2698,Emang ada bukti cowo lu dulu sex sama si mantannya?,0,0.171963,0,0,0.4,1,1,xlm-roberta-large
test,2699,2. g perlu sediain fasilitas beribadah dan bisa nekan cost,0,0.147801,0,0,0.4,1,1,xlm-roberta-large
test,2700,"Yg kena pelecehan bukanlah korban, beliau pasti pake pakaian minim, bulu matanya lentik, kulit putih bersih. Kalau diajak iya aja.",1,0.42562,0,1,0.4,0,1,xlm-roberta-large
test,2701,"Hebat Indonesia, vaksin Merah Putih, vaksin Nusantara... gak kalah dengan Pfizer dan Moderna. Saya masih tunggu vaksin Indofood.",1,0.933157,1,1,0.4,1,1,xlm-roberta-large
test,2702,"Yepp, yg ketemu hanami masih ok lah itung2 training buat itadori dkk yg lawan miguel itu lho.",0,0.108378,0,0,0.4,1,1,xlm-roberta-large
test,2703,"Satu hal yg ku pertanyakan ya.. Kepolisian kan emg bilang mrka mau merebut senjata trs ditembak akhirnya.. Polisi sendiri bilang klo yg ditembak itu di bagian jantung pas Konpers... Tpi yg ku heran, kan SOP nya itu harusnya non lethal shot.. Tpi knp jantung yg ditembak? Self Defend aside ok... Krn agak meragukan aja.. Trs klo senjata dsb nya memangnya udah fix dari FPI yang ditangkap? Mereka tau itu memang punya mrka atau malah cma senjata orang trs diambil buat alasan 'barang bukti' gitu? Apalagi ada jurnalis bernama Eddy yang mencari tau soal itu dan skrg malah dipanggil Polisi. Jdi agak meragukan kata Kepolisian ni",0,0.016122,0,0,0.4,1,1,xlm-roberta-large
test,2704,"Klo kemensultan sok dapat tukin +++ tapi kerja cuma malakin orang, preman kampung aja juga bisa. Tinggal yang 1 jago kampung, yang 1 lagi jago pamer anaknya bikin anak orang lain klenger dan selfie hedon.",0,0.371008,0,0,0.4,1,1,xlm-roberta-large
test,2705,"kata pengaracanya Agnes gak dikeluarin dari Tarki 1, dia cuman dikasih sanksi peringatan/skors aja.",0,0.021885,0,0,0.4,1,1,xlm-roberta-large
test,2706,"Jangan lupa pajak, lalu korporat memberi fasilitas 3D, network,  dll. meski dipotong. Korporat juga perlu bayar gaji pegawai. Kira2 berapa gaji pegawai biasa hololive? Pasti jauh lebih sedikit dari para talent.",0,0.053949,0,0,0.4,1,1,xlm-roberta-large
test,2707,Apa sejarah ipa sm ips beda kurikulum? Lol,0,0.066085,0,0,0.4,1,1,xlm-roberta-large
test,2708,"Kalo liat rekam jejaknya, kyknya ga pake",1,0.771327,1,1,0.4,1,1,xlm-roberta-large
test,2709,"""Polisi juga manusia, butuh gawe, butuh duit, jangan samakan dengan, kerja bakti sosial~""",1,0.772187,1,1,0.4,1,1,xlm-roberta-large
test,2710,"Gpp gan, setidaknya belum ditusbol",1,0.790894,1,1,0.4,1,1,xlm-roberta-large
test,2711,kalo street doank yg di gituin keliatannya,0,0.004134,0,0,0.4,1,1,xlm-roberta-large
test,2712,Yah gw mau beli kabel sekarang ga ada diskonnya. Sad,0,0.093099,0,0,0.4,1,1,xlm-roberta-large
test,2713,Ga semua orang punya built-in nurani,0,0.6857,1,1,0.4,0,0,xlm-roberta-large
test,2714,Ada sembur.crot,1,0.039937,0,0,0.4,0,0,xlm-roberta-large
test,2715,1. Restart ekonomi seperti Zimbabwe contohnya,0,0.114072,0,0,0.4,1,1,xlm-roberta-large
test,2716,"sekali kali lo yang ajak dia ngobrol pembicaraan yang super aneh, biar dia kapok ngobrol sama lo.",0,0.125493,0,0,0.4,1,1,xlm-roberta-large
test,2717,"Man that's hard, yang tabah ya bro.",0,0.270288,0,0,0.4,1,1,xlm-roberta-large
test,2718,"Tentu saja juliari batubara best minister, bayangin gimana dia bisa liat peluang proyek bansos buat memperkaya diri sendiri dan orang terdekat nya. Gw orang Jahat BTW",1,0.964153,1,1,0.4,1,1,xlm-roberta-large
test,2719,Pada pake asuransi apa (selain yg dijual kakak u/asuransi wkwkwkwkwk) dan kenapa pilih itu asuransi?,0,0.003559,0,0,0.4,1,1,xlm-roberta-large
test,2720,sejak phone n laptop di issued sama kantor jadi kepikiran jual yg punya pribadi. biarpun ga bagus2 amat yg dari kantor tp y gratis n i dont need super gadget for now..,0,0.004191,0,0,0.4,1,1,xlm-roberta-large
test,2721,ini.. jatohnya promosi kan?,0,0.88779,1,1,0.4,0,0,xlm-roberta-large
test,2722,"Gw sama dia baru 19 tahun sih so mungkin beda yah ntar di masa depan, makasih masukanya :))))",0,0.013956,0,0,0.4,1,1,xlm-roberta-large
test,2723,Inilah yg gw ingin jelasin tp udah kepanjangan.,0,0.191706,0,0,0.4,1,1,xlm-roberta-large
test,2724,"1. Akses internet minim (akhir 90-an blm banyak internet, mungkin baru di pertengahan 2000-an mulai ada warnet2 bertebaran) Tapi alhamdulillah Kominfo yang sekarang mulai berusaha mengembalikan Indonesia ke zaman tahun 90an",1,0.072703,0,0,0.4,0,0,xlm-roberta-large
test,2725,Haha padahal chindo kalo nipu juga bukan maen.,0,0.086093,0,0,0.4,1,1,xlm-roberta-large
test,2726,"Tapi karena terlihat banyak yang lulus-lulus aja, berarti tesnya udah bener dong",1,0.924415,1,1,0.4,1,1,xlm-roberta-large
test,2727,"Kalau lu crowd surfing, wasalam ikhlaskan tete dan booty",0,0.720639,1,1,0.4,0,0,xlm-roberta-large
test,2728,"Disini juga, buruh naik motor cbr",0,0.570077,1,1,0.4,0,0,xlm-roberta-large
test,2729,"Poco X3 Pro 6/128 (beli bekas sekitar januari 2022). Gk flagship tpi msih baru rilis jga performanya mayan kenceng batre msih waras (good) fisik msih bagus sensor aman kamera working touchscreen lancar tahan percikan aer + debu dapet tempered glass gratis lgi,  minat? PM",1,0.008594,0,0,0.4,0,0,xlm-roberta-large
test,2730,"Siapa suruh keran wudhu ga dimatiin, dasar gubernur goblok.",1,0.963092,1,1,0.4,1,1,xlm-roberta-large
test,2731,pake mobile banking (klik transfer ke gopay/ovo/lainnya) utk dapetin nama orang dari nomor hp ✅,0,0.003377,0,0,0.4,1,1,xlm-roberta-large
test,2732,"Karena Buku Sejarah digunakan sebagai propaganda orang yg berkepentingan sesuai pepatah ""History is written by the victors"" tidak peduli yang menang benar atau salah",0,0.69207,1,1,0.4,0,0,xlm-roberta-large
test,2733,"Udah pasti commie itu, temennya si stalin. Bisa juga ini salah satu contoh yang disebut sebut sebagai kebangkitan PKI",1,0.921393,1,1,0.4,1,1,xlm-roberta-large
test,2734,Budaya Tolol yg terus berakar dan bikin aq dendam.,0,0.047514,0,0,0.4,1,1,xlm-roberta-large
test,2735,Redittor IQnya tuh diatas rata-rata. Humor orang cerdas kan beda.,1,0.922761,1,1,0.4,1,1,xlm-roberta-large
test,2736,Kalimantan masih banyak yang bisa di clearing.,1,0.067485,0,0,0.4,0,0,xlm-roberta-large
test,2737,ni lagi ngincer ideapad gaming 3 (amd or intel terserah),0,0.004365,0,0,0.4,1,1,xlm-roberta-large
test,2738,Gw udah males pake Windows 10 padahal.,0,0.059702,0,0,0.4,1,1,xlm-roberta-large
test,2739,duit sewa rumah bisa dialihkan ke go-car,1,0.406597,0,1,0.4,0,1,xlm-roberta-large
test,2740,"diknas paling, dibawah2 museum2 dan galeri",0,0.863219,1,1,0.4,0,0,xlm-roberta-large
test,2741,Yang sultan2 pasti banyak yang ikut GB2 ternama. Tapi seinget gw banyak juga sih yg gb budget tipe2 acrylic case gitu.,0,0.008125,0,0,0.4,1,1,xlm-roberta-large
test,2742,"Gw baca terjemahan al quran pusing banget. Berasa kayak ada banyak orang keroyokan nerjemahin, tapi sama editor kaga diselaraskan jadi 1 buku",0,0.0745,0,0,0.4,1,1,xlm-roberta-large
test,2743,Bagaimana kalau kalian semua gajinya 2 digit tapi semuanya merendah jadi pura pura gajinya cuma deket deket UMR aja?,1,0.205775,0,0,0.4,0,0,xlm-roberta-large
test,2744,"Sekedar koreksi, Kuyawage disebut village di berita Guardian, namun statusnya itu Distrik (setara Kecamatan) di Kabupaten Lanny Jaya, Provinsi Papua Pegunungan.",0,0.022201,0,0,0.4,1,1,xlm-roberta-large
test,2745,"lanjut jadi endemi, biar negara males biayain rakyatnya sendiri",1,0.963609,1,1,0.4,1,1,xlm-roberta-large
test,2746,"Bukan woy, bandeng Prego tuh",0,0.110423,0,0,0.4,1,1,xlm-roberta-large
test,2747,wapres: raditya dika,0,0.126461,0,0,0.4,1,1,xlm-roberta-large
test,2748,Pertanyaan saya lebih berkaitan dengan edukasi.  Bagaimana pandangan anda terhadap guru dan dosen anda dahulu setelah anda menjadi edukator? Terutama mengingat anda pernah dikeluarkan dari sekolah dan hampir tidak lulus kuliah.,0,0.004737,0,0,0.4,1,1,xlm-roberta-large
test,2749,"Topik Kebangkrutan Transmart kayaknya makin naik di IG. Dulu yang masih pada ngomongin di belakang, sekarang udah mulai pada berani speak up.",0,0.004062,0,0,0.4,1,1,xlm-roberta-large
test,2750,"Posfin, anak perusahaan pt pos indonesia kena pemeriksaan. usaha ppob mak gw gmn nasibnya yak fee jg biasanya udh cair tp skg blm cair sampe hr ini",0,0.004374,0,0,0.4,1,1,xlm-roberta-large
test,2751,Semoga gak pernah kepake nih ilmu,0,0.743703,1,1,0.4,0,0,xlm-roberta-large
test,2752,"Asal jangan bintang, apalagi Jack Daniels.",0,0.150029,0,0,0.4,1,1,xlm-roberta-large
test,2753,"""Tapi tapi bu, kan anggap aja latihan persiapan buat di neraka nanti""",1,0.963678,1,1,0.4,1,1,xlm-roberta-large
test,2754,yes pls help i jatuh cinta,0,0.503113,1,1,0.4,0,0,xlm-roberta-large
test,2755,\- link dari postingan reddit atau ada video link dari YT di klik kanan aja.,0,0.032713,0,0,0.4,1,1,xlm-roberta-large
test,2756,"Mungkin bisa diatur di permission hpnya? Jadi setelah absen atau di luar jam kerja di ""not allow"" buat permission tracking/gps khusus buat app tsb, atau bisa juga di force stop appnya",0,0.019234,0,0,0.4,1,1,xlm-roberta-large
test,2757,"Pagi maq u/homoeroticpoetic, jangan lupa sedot es kopi susu",0,0.050098,0,0,0.4,1,1,xlm-roberta-large
test,2758,atau coba cek xl combo lite. gw sih pake itu karena lebih murah dikit. nomornya beli di konter hp atau di shopee,0,0.002918,0,0,0.4,1,1,xlm-roberta-large
test,2759,Tiga itu bukan newspaper,0,0.738528,1,1,0.4,0,0,xlm-roberta-large
test,2760,aka: tour ngemis mau ngutang lagi,1,0.129678,0,0,0.4,0,0,xlm-roberta-large
test,2761,"Bener bgt. Dugaan gw juga banyak yg ga betah gr2 kerja dibawahan nyokap. Nyokap suka marah2 tp hampir ga pernah apresiasi kelebihan pembantu2 ini. Akhirnya pada pusing dan ngerasa kerjaannya ga pernah memuaskan majikannya dan lebih baik minta keluar aja. Gaji juga tdk setimpal dengan kerjaan, tp nyokap dikit2 nyuruh ini nyuruh itu. Udah diingetin nih nyokap, tp masih aja sulit buat berubah.",0,0.03147,0,0,0.4,1,1,xlm-roberta-large
test,2762,"oh iya lupak, thanks",0,0.114715,0,0,0.4,1,1,xlm-roberta-large
test,2763,"Sejelek-jeleknya reseller sendal, tetap mereka jauh lebih tertib dibanding emak2 ngantri minyak goreng di indomaret",1,0.518973,1,1,0.4,1,1,xlm-roberta-large
test,2764,"Masih under 30 tapi, peak age performance lah sebagai striker.",0,0.154312,0,0,0.4,1,1,xlm-roberta-large
test,2765,"""Bekerja dari rumah bukan berarti kita...tidak ngegame""",0,0.371065,0,0,0.4,1,1,xlm-roberta-large
test,2766,badan roro kidul muka barongan,0,0.341541,0,0,0.4,1,1,xlm-roberta-large
test,2767,Nanti malah dibebaskan terus jadi menteri pemberdayaan perempuan dan perlindungan anak gimana ?,1,0.570122,1,1,0.4,1,1,xlm-roberta-large
test,2768,"Minjem, kan namanya bukan atas nama dia. Tentunya minjem tanpa batas waktu dan kuasa sepenuhnya diserahkan pada peminjam",1,0.88573,1,1,0.4,1,1,xlm-roberta-large
test,2769,kan emang itu penyebab azabnya,1,0.962988,1,1,0.4,1,1,xlm-roberta-large
test,2770,"Ga ada yang enak IMO, enakan nescafe sachet+ susu ultra",0,0.244995,0,0,0.4,1,1,xlm-roberta-large
test,2771,STOP PRESS: Luhut Binsar Pandjaitan ditunjuk menjadi gubernur pengganti sementara.,1,0.217171,0,0,0.4,0,0,xlm-roberta-large
test,2772,"Gak makan kucing, hewan paling ekstrim yang pernah ane makan cuma sapi.",0,0.021328,0,0,0.4,1,1,xlm-roberta-large
test,2773,"Jadinya ""pernah pintar""",0,0.889241,1,1,0.4,0,0,xlm-roberta-large
test,2774,Shhh.... Apapun kondisinya pokoknya gak boleh naik mobil r/fuckcars,1,0.202522,0,0,0.4,0,0,xlm-roberta-large
test,2775,Lha kan emg bukunya juga fiksi ya plg enak buat dibikin cocoklogi abal2,1,0.932021,1,1,0.4,1,1,xlm-roberta-large
test,2776,bisa dapet segitu banyak perbulan karena banyak yang booking atau gimana?,0,0.049589,0,0,0.4,1,1,xlm-roberta-large
test,2777,Mereka ga mau ttd soalnya nunggu pelicin,1,0.725406,1,1,0.4,1,1,xlm-roberta-large
test,2778,sorry ane orang tajir cuma minum aer embun pagi bebas polusi pdam rugi.,0,0.77928,1,1,0.4,0,0,xlm-roberta-large
test,2779,"Wow, beb aku tau kamu cinta akuh... tp aku gak tau segitunya sampe kamu inget moment kita pertama ketemuu 😘😘",0,0.099558,0,0,0.4,1,1,xlm-roberta-large
test,2780,"Bisa berguna jika kedepannya ingin menjadi tech lead ya, karna perlu skill utk kerja tim dan memimpin tim",0,0.079282,0,0,0.4,1,1,xlm-roberta-large
test,2781,"3. Kalo bisa pinjem / minta dibantuin temen / kolega bisa coba pinjem tampa bunga, walaupun ada kemungkinan merusak hubungan dengan orang itu.",0,0.016593,0,0,0.4,1,1,xlm-roberta-large
test,2782,"dibuka lowongan badut, 7x24 jam",0,0.367114,0,0,0.4,1,1,xlm-roberta-large
test,2783,"sadly byr, jjr rsny ingin q gulingkan kapitalisme agar supaya ku ga prl byr krn milik brsm",1,0.422013,0,1,0.4,0,1,xlm-roberta-large
test,2784,"Contoh 3, Pengendalian informasi.",0,0.071851,0,0,0.4,1,1,xlm-roberta-large
test,2785,"Gue bukan tipe romatis, tp suami gue tuh tipe2 yang romantisnya pake banget. Dr kemaren gue flu ringan, demam, dan gak bisa makan (kecuali keripik taco ghost paper dan eskrim). Tadi dia bawa pulang 8-pints of ice creams campuran Haagen, BR, dan B&amp;J krn gue gak tau pengen makan/minum apa selain eskrim. Sigh... he will be the death of me 😅😅.",0,0.006027,0,0,0.4,1,1,xlm-roberta-large
test,2786,- Cloudflare WARP+. Kalau diperlukan untuk akses Reddit di mobile broadband.,0,0.00345,0,0,0.4,1,1,xlm-roberta-large
test,2787,"Chelsea klub tajir bisa buang2 uang, ini newcastle :)",0,0.235768,0,0,0.4,1,1,xlm-roberta-large
test,2788,"Lihat Afghanistan dan Irak. ISIS dan terorisme internasional literally lahir di situ akibat intervensi Barat yang semena-mena. No one bats an eye. Apa yang membuat lu berpikir ketika Indonesia hendak diintervensi, ""masyarakat internasional"" (sebenernya orang Barat doang) bakalan membela Indonesia?",0,0.049727,0,0,0.4,1,1,xlm-roberta-large
test,2789,"Iya bos, buka cabang kemaren",1,0.500549,1,1,0.4,1,1,xlm-roberta-large
test,2790,"Barat bro yang ini, bukan China.",0,0.891434,1,1,0.4,0,0,xlm-roberta-large
test,2791,tldr sapa doy?. gua ingat dulu ada juga eceleb yg kayak gini tapi pemaen game mobile lupa we namanya pokoknya thumbnailnya video nenen gede. isi medsosnya doy ya wibu wibu kayak gini,0,0.189409,0,0,0.4,1,1,xlm-roberta-large
test,2792,"Padahal seorang habibie aja, yang siapa orang Indonesia yang gatau beliau, masih ngenalin diri kalau ketemu",0,0.888952,1,1,0.4,0,0,xlm-roberta-large
test,2793,Pasti bakal ada yang nambahin jokes “pake Doa”,0,0.881053,1,1,0.4,0,0,xlm-roberta-large
test,2794,ketularan km mungkin,1,0.395455,0,0,0.4,0,0,xlm-roberta-large
test,2795,Dan itupun hanya di Jawa saja....,0,0.900617,1,1,0.4,0,0,xlm-roberta-large
test,2796,Hotel pertama yang kami inapi tiap kamarnya ada patung kecil di atas meja berupa pesawat dengan base bodynya berbentuk penis.,0,0.032314,0,0,0.4,1,1,xlm-roberta-large
test,2797,"I think your answer is beautiful, mungkin ini salah satu jawaban yg cukup ngena. Sebenernya kenapa gue nanya ini krn saat gue inget2 lagi, dalam 6 tahun sakitnya Nyokap itu ada sekitaran 1 tahun yg kondisinya gue kaya dimudahkan dan diringankan segala sesuatunya, dan gue jd inget di tahun itu sholat gue lagi bener2nya.",0,0.057071,0,0,0.4,1,1,xlm-roberta-large
test,2798,"Lagi baca-baca soal argumen *4-day work week* dan masalah WFH-WFO. Kalau kalian yang harus kerja di kantor, biasanya berapa persen kalian kerja dan berapa persen kalian pura-pura kerja?",0,0.00339,0,0,0.4,1,1,xlm-roberta-large
test,2799,Negara lagi bersitegang malah beli produk seteru. Piye toh? Pantes negara sono makin songong,0,0.948585,1,1,0.4,0,0,xlm-roberta-large
test,2800,"mungkin buat clout/elitism? for some reason semua hal yang wijsman pasti gila harga, g ngerti juga siapa yang beli",0,0.207938,0,0,0.4,1,1,xlm-roberta-large
test,2801,Pantes kelelep ini si kucing,0,0.254694,0,0,0.4,1,1,xlm-roberta-large
test,2802,Welp ini si sesuai pikiran gua,0,0.021085,0,0,0.4,1,1,xlm-roberta-large
test,2803,Kalo pemborong dan stop judi bisa sih.,0,0.13229,0,0,0.4,1,1,xlm-roberta-large
test,2804,E5577 Max? Beda di kapasitas baterai yang 3000 mAh dan ada layar LCD buat keterangan.,0,0.004007,0,0,0.4,1,1,xlm-roberta-large
test,2805,"Sinih kopernya bawa ke workshop gue aja, ada turbocharger nganggur bawaan alfa romeo nih :3",0,0.063077,0,0,0.4,1,1,xlm-roberta-large
test,2806,makanan sehari-hari masyarkat,0,0.961893,1,1,0.4,0,0,xlm-roberta-large
test,2807,"VAT refund utk yg punya visa 10 tahun juga? PPN memang kecil, tapi tax apa saja yg mereka dibebaskan?",0,0.004039,0,0,0.4,1,1,xlm-roberta-large
test,2808,"Kayaknya ngak deh, pas jaman dwifungsi ABRI sudah biasa perwira2 rangkap jabatan di militer dan lembaga2 lain. Itulah kenapa Luhut kayaknya biasa aja rangkap jabatan. Kebanyakan gubernurnya era sebelum reformasi: Orla dan orba pun adalah militer.",0,0.015044,0,0,0.4,1,1,xlm-roberta-large
test,2809,lowkey capek dan mau mati ketuleran corona....tapi inget kalau wa lagi ga sendiri,0,0.145661,0,0,0.4,1,1,xlm-roberta-large
test,2810,"Gdocs, biar kalo laptop lo jebrat jebret lupa save ato ancur tengah jalan masih bisa woles",0,0.128854,0,0,0.4,1,1,xlm-roberta-large
test,2811,"Bandingin harga, mereka lagi ada promo2 juga",0,0.054702,0,0,0.4,1,1,xlm-roberta-large
test,2812,Kalau ada duit mah siapa juga yang ngelarang wkwk,0,0.760828,1,1,0.4,0,0,xlm-roberta-large
test,2813,tapi malah pemerintah pengen setiap orang punya motor dan mobil minimal 1 per keluarga,0,0.920003,1,1,0.4,0,0,xlm-roberta-large
test,2814,Ternyata ramalan Indonesia bubar 2030 semakin nyata 🙀,1,0.919679,1,1,0.4,1,1,xlm-roberta-large
test,2815,Membuat nafsu menjadi tabu.,0,0.828211,1,1,0.4,0,0,xlm-roberta-large
test,2816,"Kayak nya banyak deh yg nahan emosi sm ibu"" yg macam karen gt cuma karena takut penjara 🤣",0,0.096535,0,0,0.4,1,1,xlm-roberta-large
test,2817,"kasihan mereka udah putin militernya gak kompeten, psyop mereka cuman jago bikin klikbait Tribun, komunis dilarang, mereka hanya bisa circlejerking soal west bad putin good doang buat merasa solidaritas,",1,0.963575,1,1,0.4,1,1,xlm-roberta-large
test,2818,"Mending kalo mau dirembugin bikin dah tuh satu grup isinya jarkom doang, terus yang satu grup ngobrol, kasih invite link permanen, bebas dah tuh mau masuk atau leave.",0,0.058831,0,0,0.4,1,1,xlm-roberta-large
test,2819,Pantes toilet roll laku diluar,1,0.905071,1,1,0.4,1,1,xlm-roberta-large
test,2820,Hal ini diketahui setelah dirinya mem-posting foto sedang menggantung sebuah panci yang disimpulkan oleh pengikutnya sebagai tanda berakhirnya sepak terjang Bu Sisca setelah puluhan tahun berkecimpung di dunia kuliner Indonesia dan menciptakan ribuan resep yang sudah diciptakan.,0,0.138229,0,0,0.4,1,1,xlm-roberta-large
test,2821,&gt;skor UTBK gw 674,0,0.107766,0,0,0.4,1,1,xlm-roberta-large
test,2822,"Anyway Action of Contract = aksi dimana kontrak itu dibuat, contoh: pembelian barang (kontrak penjual dan pembeli); bagusnya translasinya ke indonesia apa ya",0,0.010632,0,0,0.4,1,1,xlm-roberta-large
test,2823,Hermione bisa time travel tapi nggak mencegah Voldemort bunuh Harry,0,0.88258,1,1,0.4,0,0,xlm-roberta-large
