{
  "eval_loss": 0.5094465613365173,
  "eval_accuracy": 0.8157335223245925,
  "eval_precision": 0.6317280453257791,
  "eval_recall": 0.6317280453257791,
  "eval_f1": 0.6317280453257791,
  "eval_runtime": 2.3745,
  "eval_samples_per_second": 594.236,
  "eval_steps_per_second": 9.686,
  "epoch": 9.0,
  "predict_loss": 0.5674791932106018,
  "predict_accuracy": 0.7893059490084986,
  "predict_precision": 0.5774058577405857,
  "predict_recall": 0.5864022662889519,
  "predict_f1": 0.5818692902319045,
  "predict_runtime": 4.7905,
  "predict_samples_per_second": 589.497,
  "predict_steps_per_second": 9.394
}