{
  "eval_loss": 0.4027971923351288,
  "eval_accuracy": 0.8470149253731343,
  "eval_precision": 0.6585365853658537,
  "eval_recall": 0.8059701492537313,
  "eval_f1": 0.7248322147651006,
  "eval_runtime": 0.5378,
  "eval_samples_per_second": 498.323,
  "eval_steps_per_second": 9.297,
  "epoch": 10.0,
  "predict_loss": 0.40771228075027466,
  "predict_accuracy": 0.8327137546468402,
  "predict_precision": 0.6325301204819277,
  "predict_recall": 0.7835820895522388,
  "predict_f1": 0.7,
  "predict_runtime": 1.0138,
  "predict_samples_per_second": 530.697,
  "predict_steps_per_second": 8.878
}