{
  "eval_loss": 0.5885944366455078,
  "eval_accuracy": 0.8619402985074627,
  "eval_precision": 0.7083333333333334,
  "eval_recall": 0.7611940298507462,
  "eval_f1": 0.7338129496402878,
  "eval_runtime": 0.6011,
  "eval_samples_per_second": 445.826,
  "eval_steps_per_second": 8.318,
  "epoch": 7.0,
  "predict_loss": 0.7048227190971375,
  "predict_accuracy": 0.8364312267657993,
  "predict_precision": 0.6619718309859155,
  "predict_recall": 0.7014925373134329,
  "predict_f1": 0.6811594202898551,
  "predict_runtime": 1.0764,
  "predict_samples_per_second": 499.828,
  "predict_steps_per_second": 8.361
}